product_id,product_name,product_features,discount(%),price(INR),rating
1,HP Mobile Model 1,"50MP Camera, 5000mAh Battery, 5G",11,45938,3.4
2,Xiaomi Mobile Model 2,"108MP Camera, 5000mAh Battery, 5G",12,142560,3.9
3,Acer Mobile Model 3,"108MP Camera, 4000mAh Battery, 5G",23,128167,4.9
4,HP Mobile Model 4,"108MP Camera, 4000mAh Battery, 5G",42,66908,3.3
5,HP Laptop Model 5,"i7, 32GB RAM, 512GB SSD",22,6474,4.9
6,Dell Smartwatch Model 6,"SpO2, LCD Display",49,138621,3.6
7,Asus Smartwatch Model 7,"SpO2, AMOLED Display",7,121803,3.8
8,Dell Laptop Model 8,"i7, 8GB RAM, 1TB SSD",23,46009,3.3
9,Lenovo Laptop Model 9,"Ryzen 7, 8GB RAM, 256GB SSD",9,128700,4.6
10,Samsung Laptop Model 10,"i5, 8GB RAM, 512GB SSD",33,36991,3.7
11,Acer Smartwatch Model 11,"GPS, LCD Display",33,149212,3.2
12,Samsung Smartwatch Model 12,"SpO2, LCD Display",42,137194,4.7
13,HP Laptop Model 13,"i7, 8GB RAM, 256GB SSD",10,68126,3.3
14,Acer Laptop Model 14,"Ryzen 5, 8GB RAM, 256GB SSD",6,134295,3.2
15,Xiaomi Laptop Model 15,"i5, 32GB RAM, 512GB SSD",23,138350,3.5
16,Dell Laptop Model 16,"i5, 16GB RAM, 256GB SSD",23,22714,4.7
17,Lenovo Laptop Model 17,"Ryzen 7, 32GB RAM, 512GB SSD",49,41254,3.2
18,Samsung Laptop Model 18,"i7, 16GB RAM, 1TB SSD",28,31811,4.1
19,OnePlus Laptop Model 19,"i7, 8GB RAM, 256GB SSD",31,113747,4.3
20,Samsung Laptop Model 20,"i5, 16GB RAM, 256GB SSD",23,63279,4.3
21,Asus Mobile Model 21,"50MP Camera, 4000mAh Battery, 5G",24,34990,4.6
22,OnePlus Laptop Model 22,"i7, 8GB RAM, 1TB SSD",34,6428,4.0
23,OnePlus Laptop Model 23,"i5, 16GB RAM, 1TB SSD",21,123733,4.4
24,Asus Smartwatch Model 24,"Heart Rate, LCD Display",27,49087,3.7
25,HP Mobile Model 25,"108MP Camera, 6000mAh Battery, 5G",27,54766,4.7
26,Samsung Laptop Model 26,"i5, 16GB RAM, 1TB SSD",10,93753,3.7
27,Samsung Mobile Model 27,"108MP Camera, 5000mAh Battery, 5G",31,90729,4.5
28,HP Mobile Model 28,"108MP Camera, 5000mAh Battery, 5G",35,32987,3.0
29,HP Smartwatch Model 29,"SpO2, AMOLED Display",39,91858,3.0
30,Sony Laptop Model 30,"Ryzen 5, 16GB RAM, 256GB SSD",18,32689,4.7
31,Lenovo Smartwatch Model 31,"SpO2, LCD Display",32,147978,3.8
32,OnePlus Smartwatch Model 32,"SpO2, AMOLED Display",39,94176,4.0
33,Samsung Laptop Model 33,"i5, 16GB RAM, 256GB SSD",9,102320,5.0
34,Xiaomi Smartwatch Model 34,"SpO2, LCD Display",19,146664,4.8
35,Asus Smartwatch Model 35,"GPS, LCD Display",13,47334,3.2
36,Samsung Mobile Model 36,"108MP Camera, 4000mAh Battery, 5G",24,141249,3.1
37,Acer Smartwatch Model 37,"SpO2, AMOLED Display",13,57188,3.5
38,Xiaomi Laptop Model 38,"Ryzen 5, 32GB RAM, 1TB SSD",48,128663,3.2
39,Dell Laptop Model 39,"i7, 8GB RAM, 1TB SSD",40,106440,4.7
40,Lenovo Mobile Model 40,"50MP Camera, 5000mAh Battery, 5G",14,68770,5.0
41,Samsung Smartwatch Model 41,"SpO2, LCD Display",9,64057,4.4
42,Xiaomi Smartwatch Model 42,"SpO2, AMOLED Display",14,25922,4.8
43,HP Laptop Model 43,"i5, 16GB RAM, 256GB SSD",7,72865,3.1
44,Sony Smartwatch Model 44,"GPS, LCD Display",18,143841,4.5
45,Dell Mobile Model 45,"108MP Camera, 5000mAh Battery, 5G",15,37831,3.1
46,Xiaomi Smartwatch Model 46,"SpO2, AMOLED Display",28,114772,3.3
47,Sony Smartwatch Model 47,"SpO2, AMOLED Display",47,126957,4.7
48,OnePlus Mobile Model 48,"50MP Camera, 4000mAh Battery, 5G",40,35580,4.7
49,Apple Mobile Model 49,"108MP Camera, 4000mAh Battery, 5G",5,142486,3.4
50,Dell Smartwatch Model 50,"GPS, AMOLED Display",36,19941,3.2
51,Xiaomi Smartwatch Model 51,"Heart Rate, LCD Display",19,140068,4.1
52,Sony Mobile Model 52,"50MP Camera, 4000mAh Battery, 5G",39,108441,4.2
53,Sony Laptop Model 53,"Ryzen 7, 8GB RAM, 256GB SSD",7,10055,4.4
54,Samsung Mobile Model 54,"64MP Camera, 6000mAh Battery, 5G",31,48978,4.3
55,Xiaomi Mobile Model 55,"64MP Camera, 6000mAh Battery, 5G",40,100143,3.1
56,OnePlus Smartwatch Model 56,"GPS, AMOLED Display",38,95997,3.8
57,Acer Mobile Model 57,"50MP Camera, 6000mAh Battery, 5G",49,110535,4.0
58,Apple Laptop Model 58,"i5, 16GB RAM, 512GB SSD",27,43935,3.1
59,Sony Mobile Model 59,"50MP Camera, 4000mAh Battery, 5G",27,94167,3.6
60,Xiaomi Laptop Model 60,"i5, 16GB RAM, 512GB SSD",48,116385,4.9
61,Dell Laptop Model 61,"i5, 16GB RAM, 256GB SSD",20,10111,4.3
62,Xiaomi Laptop Model 62,"Ryzen 7, 8GB RAM, 512GB SSD",36,83740,4.8
63,Acer Mobile Model 63,"64MP Camera, 5000mAh Battery, 5G",29,113085,4.4
64,Asus Laptop Model 64,"i7, 8GB RAM, 512GB SSD",50,89128,4.1
65,HP Laptop Model 65,"Ryzen 5, 32GB RAM, 256GB SSD",40,118135,3.4
66,HP Smartwatch Model 66,"GPS, AMOLED Display",6,114299,4.6
67,Xiaomi Smartwatch Model 67,"GPS, AMOLED Display",36,44400,3.3
68,Samsung Smartwatch Model 68,"Heart Rate, LCD Display",19,105534,3.4
69,Acer Smartwatch Model 69,"GPS, AMOLED Display",33,67133,3.2
70,Xiaomi Smartwatch Model 70,"SpO2, AMOLED Display",12,41836,4.9
71,Lenovo Mobile Model 71,"108MP Camera, 6000mAh Battery, 5G",15,19439,4.1
72,Xiaomi Laptop Model 72,"Ryzen 7, 16GB RAM, 1TB SSD",23,66087,3.1
73,Asus Laptop Model 73,"i5, 8GB RAM, 256GB SSD",13,25997,4.8
74,Acer Laptop Model 74,"Ryzen 7, 8GB RAM, 512GB SSD",46,73190,3.2
75,Asus Mobile Model 75,"108MP Camera, 5000mAh Battery, 5G",6,83389,3.4
76,Apple Smartwatch Model 76,"SpO2, LCD Display",15,59026,4.4
77,Sony Mobile Model 77,"108MP Camera, 4000mAh Battery, 5G",24,87129,3.5
78,Sony Smartwatch Model 78,"GPS, LCD Display",30,138139,3.4
79,Apple Smartwatch Model 79,"Heart Rate, AMOLED Display",47,46023,3.7
80,Acer Mobile Model 80,"64MP Camera, 5000mAh Battery, 5G",19,37214,4.3
81,OnePlus Mobile Model 81,"108MP Camera, 6000mAh Battery, 5G",22,94264,3.7
82,Apple Mobile Model 82,"50MP Camera, 4000mAh Battery, 5G",31,49139,3.1
83,HP Mobile Model 83,"108MP Camera, 5000mAh Battery, 5G",27,97297,3.9
84,Samsung Smartwatch Model 84,"SpO2, LCD Display",6,119449,4.8
85,Dell Smartwatch Model 85,"Heart Rate, AMOLED Display",45,106785,4.7
86,Lenovo Laptop Model 86,"Ryzen 7, 8GB RAM, 1TB SSD",20,129810,4.1
87,Samsung Laptop Model 87,"i7, 8GB RAM, 512GB SSD",41,51485,3.3
88,Samsung Smartwatch Model 88,"SpO2, LCD Display",10,133302,4.6
89,Lenovo Mobile Model 89,"64MP Camera, 6000mAh Battery, 5G",16,129926,4.2
90,OnePlus Laptop Model 90,"i7, 32GB RAM, 1TB SSD",17,108206,4.2
91,Xiaomi Mobile Model 91,"50MP Camera, 6000mAh Battery, 5G",7,135580,4.4
92,Xiaomi Laptop Model 92,"Ryzen 5, 32GB RAM, 1TB SSD",17,143504,4.0
93,Asus Smartwatch Model 93,"SpO2, AMOLED Display",35,79008,3.2
94,Sony Smartwatch Model 94,"GPS, AMOLED Display",24,56037,3.5
95,Xiaomi Mobile Model 95,"64MP Camera, 5000mAh Battery, 5G",14,69940,4.9
96,Samsung Laptop Model 96,"i7, 32GB RAM, 512GB SSD",15,119971,3.4
97,OnePlus Smartwatch Model 97,"SpO2, LCD Display",7,85548,3.8
98,Lenovo Mobile Model 98,"50MP Camera, 4000mAh Battery, 5G",35,41950,3.8
99,Dell Mobile Model 99,"108MP Camera, 5000mAh Battery, 5G",17,44929,4.0
100,HP Laptop Model 100,"Ryzen 7, 8GB RAM, 512GB SSD",21,33145,3.1
101,Apple Mobile Model 101,"64MP Camera, 4000mAh Battery, 5G",24,94575,4.0
102,Lenovo Smartwatch Model 102,"GPS, AMOLED Display",14,71171,3.1
103,Sony Laptop Model 103,"i7, 32GB RAM, 256GB SSD",20,6522,4.2
104,OnePlus Mobile Model 104,"50MP Camera, 5000mAh Battery, 5G",16,40090,4.7
105,HP Laptop Model 105,"Ryzen 5, 32GB RAM, 256GB SSD",6,111345,3.1
106,Dell Mobile Model 106,"50MP Camera, 6000mAh Battery, 5G",36,147915,4.1
107,Sony Mobile Model 107,"50MP Camera, 4000mAh Battery, 5G",9,57863,3.5
108,Asus Laptop Model 108,"i7, 8GB RAM, 512GB SSD",12,23608,3.3
109,Acer Mobile Model 109,"64MP Camera, 5000mAh Battery, 5G",41,54392,4.0
110,Asus Mobile Model 110,"108MP Camera, 5000mAh Battery, 5G",7,52888,3.4
111,OnePlus Laptop Model 111,"i7, 32GB RAM, 256GB SSD",9,28188,4.2
112,Acer Mobile Model 112,"50MP Camera, 4000mAh Battery, 5G",39,14667,3.2
113,Samsung Smartwatch Model 113,"GPS, AMOLED Display",39,78027,4.2
114,Apple Laptop Model 114,"i7, 16GB RAM, 256GB SSD",11,61370,5.0
115,Lenovo Laptop Model 115,"i5, 32GB RAM, 1TB SSD",17,86690,4.1
116,Sony Mobile Model 116,"64MP Camera, 5000mAh Battery, 5G",15,50874,3.5
117,Apple Smartwatch Model 117,"GPS, AMOLED Display",31,23425,4.2
118,Xiaomi Laptop Model 118,"i7, 32GB RAM, 512GB SSD",40,135656,4.8
119,Sony Smartwatch Model 119,"Heart Rate, LCD Display",8,119627,3.3
120,Acer Mobile Model 120,"50MP Camera, 4000mAh Battery, 5G",27,42046,4.8
121,Lenovo Mobile Model 121,"108MP Camera, 6000mAh Battery, 5G",37,65127,3.6
122,Dell Mobile Model 122,"64MP Camera, 5000mAh Battery, 5G",12,46041,4.5
123,Xiaomi Smartwatch Model 123,"GPS, AMOLED Display",16,135184,4.7
124,Sony Mobile Model 124,"108MP Camera, 4000mAh Battery, 5G",44,83749,4.0
125,Dell Smartwatch Model 125,"GPS, LCD Display",49,10083,3.6
126,Dell Mobile Model 126,"108MP Camera, 4000mAh Battery, 5G",39,5265,3.7
127,Lenovo Smartwatch Model 127,"Heart Rate, LCD Display",41,123728,3.2
128,Xiaomi Smartwatch Model 128,"SpO2, AMOLED Display",23,41943,3.7
129,Apple Smartwatch Model 129,"Heart Rate, AMOLED Display",40,76159,4.9
130,Xiaomi Laptop Model 130,"i5, 32GB RAM, 256GB SSD",26,135314,4.4
131,Sony Smartwatch Model 131,"SpO2, AMOLED Display",49,113923,3.6
132,Xiaomi Mobile Model 132,"108MP Camera, 5000mAh Battery, 5G",19,100367,3.5
133,Lenovo Laptop Model 133,"i7, 32GB RAM, 512GB SSD",28,122355,4.4
134,HP Laptop Model 134,"i5, 8GB RAM, 1TB SSD",41,69796,4.2
135,Xiaomi Laptop Model 135,"Ryzen 7, 8GB RAM, 1TB SSD",38,55537,4.4
136,OnePlus Laptop Model 136,"Ryzen 7, 8GB RAM, 1TB SSD",12,16019,4.0
137,Acer Smartwatch Model 137,"GPS, LCD Display",33,130227,4.7
138,OnePlus Laptop Model 138,"i5, 32GB RAM, 512GB SSD",39,109651,3.8
139,HP Smartwatch Model 139,"SpO2, LCD Display",41,128083,3.8
140,Samsung Smartwatch Model 140,"GPS, AMOLED Display",43,138055,3.0
141,Lenovo Laptop Model 141,"Ryzen 7, 16GB RAM, 512GB SSD",24,114199,4.5
142,Sony Mobile Model 142,"64MP Camera, 4000mAh Battery, 5G",24,77848,4.3
143,HP Smartwatch Model 143,"SpO2, AMOLED Display",37,11290,4.6
144,HP Mobile Model 144,"50MP Camera, 5000mAh Battery, 5G",48,50712,3.9
145,HP Laptop Model 145,"i7, 8GB RAM, 256GB SSD",37,62466,4.6
146,Samsung Smartwatch Model 146,"Heart Rate, AMOLED Display",46,47100,4.5
147,Apple Laptop Model 147,"Ryzen 5, 32GB RAM, 256GB SSD",9,25678,5.0
148,HP Laptop Model 148,"i7, 16GB RAM, 256GB SSD",18,31708,3.4
149,Asus Mobile Model 149,"64MP Camera, 6000mAh Battery, 5G",6,41295,3.7
150,Xiaomi Mobile Model 150,"64MP Camera, 4000mAh Battery, 5G",11,12163,3.6
151,Sony Laptop Model 151,"i5, 8GB RAM, 256GB SSD",30,114630,3.7
152,Sony Smartwatch Model 152,"GPS, LCD Display",18,15369,3.2
153,Asus Laptop Model 153,"Ryzen 5, 32GB RAM, 512GB SSD",9,136074,3.6
154,Xiaomi Mobile Model 154,"50MP Camera, 5000mAh Battery, 5G",46,101568,3.6
155,Sony Smartwatch Model 155,"GPS, LCD Display",42,26951,4.5
156,HP Smartwatch Model 156,"Heart Rate, AMOLED Display",10,33875,3.9
157,Asus Smartwatch Model 157,"Heart Rate, LCD Display",33,123411,3.7
158,Samsung Smartwatch Model 158,"Heart Rate, AMOLED Display",5,104837,3.3
159,Xiaomi Smartwatch Model 159,"Heart Rate, LCD Display",7,16076,3.2
160,Xiaomi Laptop Model 160,"Ryzen 7, 16GB RAM, 256GB SSD",28,123308,3.2
161,Asus Mobile Model 161,"64MP Camera, 5000mAh Battery, 5G",6,40888,4.3
162,Sony Laptop Model 162,"i5, 16GB RAM, 256GB SSD",6,37804,3.5
163,Apple Smartwatch Model 163,"GPS, LCD Display",41,97912,4.6
164,Sony Smartwatch Model 164,"GPS, AMOLED Display",9,85137,4.6
165,Asus Laptop Model 165,"i7, 32GB RAM, 1TB SSD",15,100345,3.6
166,Acer Laptop Model 166,"Ryzen 5, 16GB RAM, 512GB SSD",23,17332,4.7
167,Sony Laptop Model 167,"i5, 32GB RAM, 1TB SSD",14,121593,4.5
168,Acer Mobile Model 168,"108MP Camera, 4000mAh Battery, 5G",44,144286,4.3
169,Apple Smartwatch Model 169,"Heart Rate, LCD Display",16,82260,3.6
170,Samsung Mobile Model 170,"108MP Camera, 4000mAh Battery, 5G",5,34008,3.9
171,Xiaomi Smartwatch Model 171,"SpO2, AMOLED Display",25,17091,3.2
172,Sony Laptop Model 172,"Ryzen 5, 8GB RAM, 1TB SSD",43,39355,3.5
173,Asus Smartwatch Model 173,"SpO2, LCD Display",17,11510,3.6
174,HP Laptop Model 174,"Ryzen 7, 16GB RAM, 256GB SSD",17,142839,4.1
175,Acer Mobile Model 175,"50MP Camera, 4000mAh Battery, 5G",13,30191,4.9
176,OnePlus Mobile Model 176,"50MP Camera, 5000mAh Battery, 5G",41,131423,3.4
177,Lenovo Mobile Model 177,"50MP Camera, 5000mAh Battery, 5G",28,13883,4.6
178,Sony Smartwatch Model 178,"GPS, LCD Display",22,138953,4.3
179,Apple Smartwatch Model 179,"GPS, LCD Display",7,121070,3.2
180,Acer Laptop Model 180,"i5, 16GB RAM, 512GB SSD",10,71177,3.9
181,Sony Mobile Model 181,"108MP Camera, 6000mAh Battery, 5G",7,52052,3.2
182,Dell Smartwatch Model 182,"GPS, LCD Display",20,38068,3.8
183,Acer Mobile Model 183,"50MP Camera, 5000mAh Battery, 5G",38,143260,4.1
184,Xiaomi Smartwatch Model 184,"GPS, LCD Display",41,18702,5.0
185,Asus Mobile Model 185,"64MP Camera, 6000mAh Battery, 5G",47,145800,3.1
186,OnePlus Mobile Model 186,"50MP Camera, 4000mAh Battery, 5G",36,69197,3.2
187,Sony Smartwatch Model 187,"GPS, LCD Display",45,120685,3.5
188,HP Mobile Model 188,"64MP Camera, 5000mAh Battery, 5G",33,68419,3.8
189,Lenovo Laptop Model 189,"i7, 32GB RAM, 256GB SSD",12,122742,3.5
190,Lenovo Mobile Model 190,"108MP Camera, 5000mAh Battery, 5G",37,45848,3.7
191,Samsung Laptop Model 191,"Ryzen 7, 16GB RAM, 512GB SSD",35,106334,3.1
192,Samsung Laptop Model 192,"Ryzen 7, 8GB RAM, 256GB SSD",12,101906,4.7
193,OnePlus Laptop Model 193,"i5, 32GB RAM, 256GB SSD",22,26183,4.9
194,Dell Mobile Model 194,"50MP Camera, 4000mAh Battery, 5G",12,146886,4.1
195,Samsung Smartwatch Model 195,"SpO2, AMOLED Display",17,9533,3.5
196,Apple Mobile Model 196,"64MP Camera, 6000mAh Battery, 5G",50,22322,4.3
197,Acer Smartwatch Model 197,"Heart Rate, AMOLED Display",41,38439,4.4
198,Samsung Smartwatch Model 198,"Heart Rate, AMOLED Display",35,39409,4.9
199,HP Mobile Model 199,"64MP Camera, 6000mAh Battery, 5G",33,10373,4.4
200,Samsung Smartwatch Model 200,"Heart Rate, AMOLED Display",5,115212,4.1
201,Asus Mobile Model 201,"50MP Camera, 5000mAh Battery, 5G",50,52291,3.8
202,HP Mobile Model 202,"50MP Camera, 5000mAh Battery, 5G",37,105172,4.6
203,Sony Mobile Model 203,"50MP Camera, 6000mAh Battery, 5G",17,113941,4.1
204,Xiaomi Mobile Model 204,"64MP Camera, 5000mAh Battery, 5G",38,141325,3.1
205,Samsung Laptop Model 205,"Ryzen 7, 8GB RAM, 1TB SSD",37,121559,4.0
206,Sony Laptop Model 206,"Ryzen 5, 32GB RAM, 512GB SSD",15,147705,3.0
207,Dell Laptop Model 207,"Ryzen 5, 32GB RAM, 1TB SSD",22,106532,3.4
208,Lenovo Smartwatch Model 208,"GPS, AMOLED Display",6,106680,4.4
209,Sony Laptop Model 209,"Ryzen 7, 32GB RAM, 256GB SSD",33,126216,4.4
210,Xiaomi Laptop Model 210,"i5, 32GB RAM, 1TB SSD",45,96912,3.3
211,Apple Mobile Model 211,"108MP Camera, 4000mAh Battery, 5G",7,72356,3.5
212,Samsung Mobile Model 212,"50MP Camera, 4000mAh Battery, 5G",39,102526,4.0
213,Apple Mobile Model 213,"50MP Camera, 5000mAh Battery, 5G",24,130440,3.2
214,Samsung Mobile Model 214,"108MP Camera, 5000mAh Battery, 5G",20,90047,3.2
215,Xiaomi Mobile Model 215,"50MP Camera, 5000mAh Battery, 5G",27,51863,3.8
216,Samsung Laptop Model 216,"Ryzen 7, 32GB RAM, 256GB SSD",5,121277,4.6
217,OnePlus Smartwatch Model 217,"GPS, AMOLED Display",5,145276,4.4
218,Acer Laptop Model 218,"i5, 16GB RAM, 256GB SSD",40,105767,4.9
219,Samsung Laptop Model 219,"Ryzen 7, 8GB RAM, 1TB SSD",27,141462,4.7
220,OnePlus Mobile Model 220,"108MP Camera, 4000mAh Battery, 5G",36,86157,3.1
221,Sony Mobile Model 221,"64MP Camera, 6000mAh Battery, 5G",35,129819,3.8
222,Lenovo Mobile Model 222,"64MP Camera, 5000mAh Battery, 5G",41,78786,4.2
223,HP Laptop Model 223,"i5, 32GB RAM, 256GB SSD",38,31447,4.1
224,Dell Mobile Model 224,"108MP Camera, 6000mAh Battery, 5G",27,63934,3.5
225,Sony Mobile Model 225,"64MP Camera, 6000mAh Battery, 5G",25,113101,3.2
226,Asus Mobile Model 226,"108MP Camera, 4000mAh Battery, 5G",21,20232,4.1
227,Apple Smartwatch Model 227,"GPS, AMOLED Display",32,142277,4.2
228,Samsung Smartwatch Model 228,"SpO2, AMOLED Display",36,26436,3.7
229,HP Laptop Model 229,"i5, 32GB RAM, 1TB SSD",40,83268,3.8
230,Xiaomi Mobile Model 230,"50MP Camera, 6000mAh Battery, 5G",47,129778,3.3
231,Dell Laptop Model 231,"Ryzen 5, 8GB RAM, 512GB SSD",5,30137,4.4
232,OnePlus Smartwatch Model 232,"Heart Rate, LCD Display",33,49458,4.0
233,Samsung Laptop Model 233,"i5, 16GB RAM, 1TB SSD",33,134781,3.2
234,Lenovo Smartwatch Model 234,"SpO2, LCD Display",12,98263,4.8
235,Apple Laptop Model 235,"i5, 8GB RAM, 1TB SSD",36,57180,4.4
236,Apple Smartwatch Model 236,"GPS, LCD Display",16,83011,4.5
237,Apple Mobile Model 237,"108MP Camera, 5000mAh Battery, 5G",5,56705,3.9
238,HP Mobile Model 238,"50MP Camera, 4000mAh Battery, 5G",24,134064,3.8
239,OnePlus Mobile Model 239,"108MP Camera, 6000mAh Battery, 5G",12,30041,4.9
240,Asus Laptop Model 240,"Ryzen 5, 8GB RAM, 256GB SSD",32,65864,3.1
241,OnePlus Mobile Model 241,"64MP Camera, 6000mAh Battery, 5G",26,17402,3.9
242,HP Smartwatch Model 242,"Heart Rate, LCD Display",49,17785,5.0
243,Samsung Laptop Model 243,"i7, 8GB RAM, 256GB SSD",45,66575,4.5
244,Acer Smartwatch Model 244,"SpO2, LCD Display",34,105979,3.8
245,Apple Smartwatch Model 245,"GPS, LCD Display",42,127824,4.6
246,Sony Smartwatch Model 246,"Heart Rate, AMOLED Display",27,24121,3.3
247,Xiaomi Laptop Model 247,"i7, 16GB RAM, 1TB SSD",33,126786,3.5
248,Sony Mobile Model 248,"64MP Camera, 6000mAh Battery, 5G",37,149091,3.0
249,Acer Smartwatch Model 249,"GPS, AMOLED Display",6,121169,3.2
250,Dell Smartwatch Model 250,"SpO2, AMOLED Display",11,111520,4.5
251,Samsung Smartwatch Model 251,"SpO2, LCD Display",44,30967,3.3
252,Xiaomi Laptop Model 252,"Ryzen 5, 8GB RAM, 512GB SSD",8,103262,3.0
253,Samsung Mobile Model 253,"64MP Camera, 5000mAh Battery, 5G",15,144340,4.9
254,Lenovo Mobile Model 254,"108MP Camera, 5000mAh Battery, 5G",40,127628,4.1
255,Dell Mobile Model 255,"108MP Camera, 5000mAh Battery, 5G",36,66817,3.4
256,Apple Laptop Model 256,"i7, 32GB RAM, 512GB SSD",33,97169,4.9
257,HP Mobile Model 257,"50MP Camera, 5000mAh Battery, 5G",40,39077,3.1
258,Samsung Mobile Model 258,"50MP Camera, 6000mAh Battery, 5G",30,96944,3.2
259,Sony Laptop Model 259,"Ryzen 7, 32GB RAM, 256GB SSD",25,131525,4.0
260,Dell Laptop Model 260,"Ryzen 7, 8GB RAM, 256GB SSD",22,17172,4.7
261,Acer Mobile Model 261,"64MP Camera, 5000mAh Battery, 5G",25,46336,3.7
262,Asus Smartwatch Model 262,"SpO2, LCD Display",50,83692,4.4
263,Dell Laptop Model 263,"i5, 16GB RAM, 256GB SSD",34,44349,3.1
264,Xiaomi Laptop Model 264,"Ryzen 7, 16GB RAM, 1TB SSD",37,25657,3.8
265,HP Laptop Model 265,"i7, 16GB RAM, 1TB SSD",42,18434,3.4
266,HP Mobile Model 266,"50MP Camera, 6000mAh Battery, 5G",6,140733,4.4
267,Acer Laptop Model 267,"Ryzen 7, 8GB RAM, 512GB SSD",18,143741,4.5
268,Asus Laptop Model 268,"i5, 16GB RAM, 512GB SSD",46,122849,3.8
269,Asus Laptop Model 269,"Ryzen 7, 8GB RAM, 1TB SSD",37,104773,4.4
270,HP Smartwatch Model 270,"SpO2, LCD Display",47,17608,4.5
271,HP Mobile Model 271,"50MP Camera, 4000mAh Battery, 5G",48,36773,3.3
272,Asus Smartwatch Model 272,"Heart Rate, AMOLED Display",49,51629,4.5
273,Apple Mobile Model 273,"108MP Camera, 4000mAh Battery, 5G",46,73903,3.9
274,Sony Smartwatch Model 274,"Heart Rate, LCD Display",29,101568,3.5
275,Asus Smartwatch Model 275,"SpO2, LCD Display",19,94594,3.9
276,Acer Laptop Model 276,"i5, 32GB RAM, 1TB SSD",46,149739,4.7
277,OnePlus Laptop Model 277,"Ryzen 5, 8GB RAM, 512GB SSD",29,132156,3.6
278,Dell Smartwatch Model 278,"Heart Rate, LCD Display",41,86830,4.7
279,Asus Smartwatch Model 279,"SpO2, AMOLED Display",13,67808,3.8
280,Acer Smartwatch Model 280,"Heart Rate, AMOLED Display",40,82897,4.8
281,Apple Laptop Model 281,"Ryzen 7, 8GB RAM, 1TB SSD",6,26936,3.4
282,Acer Smartwatch Model 282,"GPS, LCD Display",45,106199,4.8
283,Acer Smartwatch Model 283,"SpO2, LCD Display",40,92108,4.5
284,Acer Laptop Model 284,"i5, 8GB RAM, 256GB SSD",49,127927,3.3
285,Dell Smartwatch Model 285,"Heart Rate, LCD Display",24,21750,4.9
286,Apple Mobile Model 286,"50MP Camera, 4000mAh Battery, 5G",32,123589,3.5
287,Samsung Smartwatch Model 287,"Heart Rate, LCD Display",48,109615,3.8
288,Dell Laptop Model 288,"Ryzen 5, 32GB RAM, 256GB SSD",47,54989,3.3
289,Dell Mobile Model 289,"50MP Camera, 6000mAh Battery, 5G",48,43864,4.4
290,Samsung Mobile Model 290,"108MP Camera, 5000mAh Battery, 5G",34,139012,4.3
291,Lenovo Smartwatch Model 291,"GPS, AMOLED Display",14,45648,3.2
292,Sony Smartwatch Model 292,"GPS, AMOLED Display",19,11416,3.4
293,Samsung Laptop Model 293,"Ryzen 5, 16GB RAM, 1TB SSD",34,35121,3.9
294,OnePlus Mobile Model 294,"64MP Camera, 6000mAh Battery, 5G",40,43675,4.0
295,Lenovo Laptop Model 295,"i7, 16GB RAM, 512GB SSD",40,107066,4.4
296,Asus Laptop Model 296,"i7, 8GB RAM, 1TB SSD",23,118524,3.6
297,Apple Mobile Model 297,"64MP Camera, 6000mAh Battery, 5G",34,141866,5.0
298,OnePlus Mobile Model 298,"50MP Camera, 5000mAh Battery, 5G",43,97916,3.4
299,Xiaomi Laptop Model 299,"Ryzen 5, 8GB RAM, 512GB SSD",14,130960,4.4
300,Dell Smartwatch Model 300,"GPS, AMOLED Display",28,128478,3.1
301,OnePlus Mobile Model 301,"50MP Camera, 5000mAh Battery, 5G",45,56824,4.6
302,Asus Smartwatch Model 302,"SpO2, LCD Display",35,63924,3.8
303,Lenovo Mobile Model 303,"64MP Camera, 6000mAh Battery, 5G",39,57632,3.4
304,OnePlus Laptop Model 304,"Ryzen 7, 32GB RAM, 256GB SSD",6,42847,4.1
305,Asus Mobile Model 305,"50MP Camera, 4000mAh Battery, 5G",39,68146,4.5
306,Apple Smartwatch Model 306,"SpO2, AMOLED Display",30,48422,4.3
307,Sony Smartwatch Model 307,"Heart Rate, AMOLED Display",8,100134,4.3
308,Lenovo Laptop Model 308,"i7, 16GB RAM, 512GB SSD",19,36391,4.9
309,HP Smartwatch Model 309,"Heart Rate, AMOLED Display",22,19795,3.6
310,OnePlus Mobile Model 310,"108MP Camera, 5000mAh Battery, 5G",5,56522,3.9
311,Lenovo Laptop Model 311,"Ryzen 5, 16GB RAM, 512GB SSD",13,5717,4.6
312,Lenovo Mobile Model 312,"64MP Camera, 6000mAh Battery, 5G",44,38860,3.4
313,Sony Laptop Model 313,"i5, 32GB RAM, 512GB SSD",22,84805,5.0
314,Dell Smartwatch Model 314,"GPS, LCD Display",8,138184,4.4
315,Lenovo Mobile Model 315,"64MP Camera, 6000mAh Battery, 5G",38,30706,3.4
316,Lenovo Mobile Model 316,"64MP Camera, 4000mAh Battery, 5G",40,125388,4.0
317,Lenovo Laptop Model 317,"i7, 8GB RAM, 512GB SSD",6,46503,3.6
318,OnePlus Mobile Model 318,"64MP Camera, 4000mAh Battery, 5G",39,126082,4.8
319,Apple Smartwatch Model 319,"GPS, AMOLED Display",35,10938,3.3
320,Asus Smartwatch Model 320,"GPS, AMOLED Display",8,67270,4.6
321,Xiaomi Mobile Model 321,"108MP Camera, 6000mAh Battery, 5G",15,41829,4.2
322,HP Laptop Model 322,"Ryzen 7, 32GB RAM, 512GB SSD",27,46150,3.1
323,Sony Smartwatch Model 323,"SpO2, LCD Display",28,122983,4.6
324,Apple Laptop Model 324,"i5, 16GB RAM, 1TB SSD",46,47322,4.5
325,HP Mobile Model 325,"108MP Camera, 5000mAh Battery, 5G",39,118264,4.6
326,Lenovo Laptop Model 326,"Ryzen 5, 8GB RAM, 512GB SSD",6,23702,4.2
327,Lenovo Laptop Model 327,"i7, 8GB RAM, 256GB SSD",40,98193,4.9
328,Sony Laptop Model 328,"Ryzen 7, 8GB RAM, 512GB SSD",41,123667,4.3
329,OnePlus Smartwatch Model 329,"Heart Rate, LCD Display",42,136659,3.1
330,OnePlus Smartwatch Model 330,"SpO2, LCD Display",49,26852,4.1
331,Acer Smartwatch Model 331,"GPS, LCD Display",46,131253,4.5
332,Dell Mobile Model 332,"64MP Camera, 4000mAh Battery, 5G",35,90356,3.8
333,HP Laptop Model 333,"Ryzen 7, 8GB RAM, 512GB SSD",22,125454,4.0
334,OnePlus Laptop Model 334,"Ryzen 7, 16GB RAM, 512GB SSD",29,39691,4.1
335,Apple Mobile Model 335,"64MP Camera, 4000mAh Battery, 5G",26,121835,4.2
336,Acer Smartwatch Model 336,"SpO2, AMOLED Display",46,91497,4.4
337,Sony Mobile Model 337,"108MP Camera, 5000mAh Battery, 5G",37,54304,4.9
338,OnePlus Smartwatch Model 338,"SpO2, LCD Display",42,31842,4.4
339,Asus Smartwatch Model 339,"Heart Rate, AMOLED Display",47,112206,3.1
340,Samsung Laptop Model 340,"i7, 32GB RAM, 512GB SSD",46,140782,3.0
341,Dell Mobile Model 341,"64MP Camera, 6000mAh Battery, 5G",29,30095,4.7
342,Samsung Smartwatch Model 342,"GPS, AMOLED Display",39,91439,4.3
343,OnePlus Mobile Model 343,"108MP Camera, 6000mAh Battery, 5G",27,81305,3.9
344,Xiaomi Smartwatch Model 344,"SpO2, LCD Display",13,118946,4.0
345,OnePlus Smartwatch Model 345,"SpO2, AMOLED Display",47,91210,3.6
346,Acer Mobile Model 346,"64MP Camera, 6000mAh Battery, 5G",44,53293,4.6
347,Dell Mobile Model 347,"50MP Camera, 5000mAh Battery, 5G",16,17337,4.2
348,Xiaomi Smartwatch Model 348,"SpO2, LCD Display",11,58293,4.9
349,Xiaomi Mobile Model 349,"50MP Camera, 6000mAh Battery, 5G",45,132742,3.1
350,HP Mobile Model 350,"64MP Camera, 5000mAh Battery, 5G",47,80411,3.1
351,Lenovo Mobile Model 351,"50MP Camera, 4000mAh Battery, 5G",6,75157,3.5
352,Lenovo Mobile Model 352,"50MP Camera, 6000mAh Battery, 5G",30,94406,3.6
353,Sony Laptop Model 353,"i7, 16GB RAM, 256GB SSD",14,95023,3.6
354,Samsung Laptop Model 354,"Ryzen 7, 16GB RAM, 512GB SSD",25,90091,3.3
355,Lenovo Smartwatch Model 355,"GPS, LCD Display",22,56975,3.9
356,Sony Smartwatch Model 356,"GPS, AMOLED Display",21,43255,4.4
357,Xiaomi Smartwatch Model 357,"SpO2, AMOLED Display",7,38178,3.1
358,OnePlus Mobile Model 358,"108MP Camera, 5000mAh Battery, 5G",9,85249,3.1
359,Xiaomi Laptop Model 359,"i5, 8GB RAM, 512GB SSD",15,36050,4.9
360,Dell Mobile Model 360,"50MP Camera, 4000mAh Battery, 5G",44,23287,3.3
361,Apple Mobile Model 361,"50MP Camera, 4000mAh Battery, 5G",40,32499,4.7
362,Samsung Laptop Model 362,"i7, 32GB RAM, 1TB SSD",30,96672,3.0
363,Acer Mobile Model 363,"50MP Camera, 5000mAh Battery, 5G",10,98920,3.4
364,Apple Smartwatch Model 364,"Heart Rate, LCD Display",26,99590,4.3
365,OnePlus Laptop Model 365,"Ryzen 5, 16GB RAM, 256GB SSD",20,69962,3.0
366,HP Mobile Model 366,"50MP Camera, 4000mAh Battery, 5G",23,121630,4.6
367,Dell Laptop Model 367,"Ryzen 5, 32GB RAM, 1TB SSD",32,10710,3.8
368,Sony Laptop Model 368,"Ryzen 7, 16GB RAM, 1TB SSD",9,149471,4.9
369,OnePlus Smartwatch Model 369,"SpO2, AMOLED Display",26,86525,4.1
370,OnePlus Smartwatch Model 370,"GPS, AMOLED Display",16,78320,4.8
371,HP Mobile Model 371,"108MP Camera, 6000mAh Battery, 5G",20,137575,4.3
372,HP Smartwatch Model 372,"Heart Rate, LCD Display",27,70734,4.0
373,Samsung Smartwatch Model 373,"GPS, AMOLED Display",50,51450,4.8
374,HP Mobile Model 374,"64MP Camera, 5000mAh Battery, 5G",50,142526,4.2
375,Acer Laptop Model 375,"i7, 32GB RAM, 1TB SSD",48,113638,4.5
376,Samsung Smartwatch Model 376,"GPS, LCD Display",22,146700,4.3
377,Xiaomi Mobile Model 377,"50MP Camera, 4000mAh Battery, 5G",20,11407,3.9
378,Lenovo Laptop Model 378,"Ryzen 5, 32GB RAM, 256GB SSD",35,48994,4.8
379,Dell Smartwatch Model 379,"SpO2, AMOLED Display",23,126831,3.1
380,OnePlus Smartwatch Model 380,"SpO2, LCD Display",29,40999,3.5
381,Xiaomi Laptop Model 381,"Ryzen 5, 16GB RAM, 512GB SSD",31,67874,3.8
382,Samsung Mobile Model 382,"108MP Camera, 4000mAh Battery, 5G",37,142949,3.8
383,HP Smartwatch Model 383,"GPS, LCD Display",21,16979,3.2
384,Acer Laptop Model 384,"Ryzen 5, 8GB RAM, 1TB SSD",42,115403,4.8
385,Acer Mobile Model 385,"108MP Camera, 5000mAh Battery, 5G",47,128629,4.1
386,Dell Laptop Model 386,"Ryzen 5, 8GB RAM, 256GB SSD",40,25210,3.3
387,Asus Mobile Model 387,"64MP Camera, 6000mAh Battery, 5G",28,10930,3.6
388,Apple Laptop Model 388,"i7, 16GB RAM, 256GB SSD",28,47231,3.4
389,Lenovo Mobile Model 389,"64MP Camera, 5000mAh Battery, 5G",46,116298,3.4
390,Dell Mobile Model 390,"64MP Camera, 6000mAh Battery, 5G",21,133840,4.0
391,Sony Laptop Model 391,"i7, 32GB RAM, 512GB SSD",39,141600,4.5
392,Apple Smartwatch Model 392,"GPS, LCD Display",17,11606,4.3
393,Sony Smartwatch Model 393,"SpO2, LCD Display",47,73176,3.7
394,OnePlus Mobile Model 394,"50MP Camera, 4000mAh Battery, 5G",37,96334,4.0
395,Dell Smartwatch Model 395,"SpO2, AMOLED Display",5,55005,4.5
396,HP Mobile Model 396,"108MP Camera, 4000mAh Battery, 5G",33,149388,5.0
397,Samsung Mobile Model 397,"50MP Camera, 6000mAh Battery, 5G",33,36116,3.6
398,Xiaomi Laptop Model 398,"i7, 8GB RAM, 512GB SSD",15,146729,4.4
399,Apple Smartwatch Model 399,"Heart Rate, LCD Display",14,137266,4.9
400,Samsung Smartwatch Model 400,"Heart Rate, AMOLED Display",34,86113,4.5
401,Samsung Mobile Model 401,"64MP Camera, 5000mAh Battery, 5G",15,143435,4.0
402,Asus Mobile Model 402,"50MP Camera, 6000mAh Battery, 5G",31,29447,3.1
403,Sony Smartwatch Model 403,"GPS, AMOLED Display",46,39635,4.2
404,Apple Mobile Model 404,"50MP Camera, 4000mAh Battery, 5G",9,53462,4.0
405,Asus Mobile Model 405,"50MP Camera, 6000mAh Battery, 5G",13,144855,3.9
406,Asus Mobile Model 406,"50MP Camera, 5000mAh Battery, 5G",31,141152,4.4
407,Acer Mobile Model 407,"108MP Camera, 5000mAh Battery, 5G",39,22699,4.1
408,Xiaomi Laptop Model 408,"i5, 32GB RAM, 256GB SSD",13,26201,5.0
409,OnePlus Smartwatch Model 409,"SpO2, AMOLED Display",29,129069,3.3
410,Lenovo Mobile Model 410,"108MP Camera, 5000mAh Battery, 5G",31,34984,3.2
411,Sony Laptop Model 411,"Ryzen 5, 32GB RAM, 512GB SSD",26,83275,4.8
412,Apple Laptop Model 412,"Ryzen 5, 32GB RAM, 1TB SSD",26,72774,4.4
413,Acer Laptop Model 413,"Ryzen 7, 8GB RAM, 512GB SSD",8,73089,3.5
414,Lenovo Smartwatch Model 414,"SpO2, AMOLED Display",12,84446,4.8
415,Xiaomi Laptop Model 415,"Ryzen 5, 32GB RAM, 1TB SSD",15,148132,3.7
416,Apple Mobile Model 416,"64MP Camera, 5000mAh Battery, 5G",32,59297,4.6
417,Samsung Laptop Model 417,"i5, 16GB RAM, 256GB SSD",49,101412,4.9
418,HP Laptop Model 418,"i7, 8GB RAM, 512GB SSD",12,112234,3.3
419,Sony Mobile Model 419,"108MP Camera, 5000mAh Battery, 5G",20,38527,3.4
420,Samsung Laptop Model 420,"Ryzen 7, 8GB RAM, 1TB SSD",13,132500,3.7
421,Dell Mobile Model 421,"50MP Camera, 4000mAh Battery, 5G",18,134730,3.3
422,Apple Laptop Model 422,"i5, 32GB RAM, 1TB SSD",23,38340,4.0
423,Apple Mobile Model 423,"64MP Camera, 6000mAh Battery, 5G",20,119064,4.4
424,Xiaomi Mobile Model 424,"50MP Camera, 5000mAh Battery, 5G",8,110766,3.8
425,Acer Smartwatch Model 425,"GPS, LCD Display",50,57604,4.6
426,Sony Mobile Model 426,"50MP Camera, 5000mAh Battery, 5G",41,35263,4.0
427,OnePlus Laptop Model 427,"i7, 16GB RAM, 1TB SSD",38,90433,4.2
428,Xiaomi Laptop Model 428,"Ryzen 7, 32GB RAM, 256GB SSD",8,65296,5.0
429,Sony Mobile Model 429,"108MP Camera, 6000mAh Battery, 5G",16,57790,4.8
430,Sony Laptop Model 430,"Ryzen 7, 16GB RAM, 256GB SSD",6,7403,3.5
431,Apple Mobile Model 431,"108MP Camera, 4000mAh Battery, 5G",29,26259,4.4
432,HP Laptop Model 432,"i5, 8GB RAM, 256GB SSD",25,89006,3.8
433,Asus Laptop Model 433,"Ryzen 5, 32GB RAM, 1TB SSD",10,78387,3.8
434,OnePlus Smartwatch Model 434,"Heart Rate, LCD Display",13,51710,4.2
435,OnePlus Smartwatch Model 435,"GPS, LCD Display",26,94343,4.6
436,Xiaomi Smartwatch Model 436,"SpO2, AMOLED Display",34,110986,3.4
437,Dell Laptop Model 437,"Ryzen 7, 8GB RAM, 256GB SSD",13,139279,3.6
438,OnePlus Laptop Model 438,"i7, 32GB RAM, 1TB SSD",47,92151,3.6
439,Dell Smartwatch Model 439,"Heart Rate, LCD Display",48,72052,4.6
440,HP Laptop Model 440,"Ryzen 7, 8GB RAM, 1TB SSD",20,114690,3.9
441,Lenovo Smartwatch Model 441,"Heart Rate, LCD Display",10,58460,4.7
442,Asus Laptop Model 442,"Ryzen 7, 32GB RAM, 256GB SSD",41,88257,3.4
443,Acer Smartwatch Model 443,"SpO2, AMOLED Display",7,58259,4.3
444,Xiaomi Mobile Model 444,"108MP Camera, 5000mAh Battery, 5G",6,143006,3.2
445,Xiaomi Smartwatch Model 445,"SpO2, AMOLED Display",9,95435,3.4
446,Xiaomi Laptop Model 446,"i5, 8GB RAM, 256GB SSD",42,135125,4.0
447,OnePlus Laptop Model 447,"Ryzen 7, 16GB RAM, 1TB SSD",14,70345,4.6
448,Sony Mobile Model 448,"108MP Camera, 5000mAh Battery, 5G",30,107869,3.8
449,OnePlus Mobile Model 449,"108MP Camera, 5000mAh Battery, 5G",29,128058,4.4
450,Apple Mobile Model 450,"50MP Camera, 6000mAh Battery, 5G",5,107021,3.5
451,OnePlus Smartwatch Model 451,"Heart Rate, LCD Display",14,16130,3.4
452,Asus Mobile Model 452,"108MP Camera, 6000mAh Battery, 5G",40,110374,4.0
453,HP Laptop Model 453,"Ryzen 7, 16GB RAM, 1TB SSD",10,68461,4.1
454,Lenovo Smartwatch Model 454,"Heart Rate, AMOLED Display",9,133627,3.4
455,Lenovo Smartwatch Model 455,"SpO2, LCD Display",10,23136,3.3
456,Xiaomi Mobile Model 456,"50MP Camera, 6000mAh Battery, 5G",39,96416,3.7
457,Acer Laptop Model 457,"Ryzen 5, 8GB RAM, 256GB SSD",37,135580,4.5
458,HP Smartwatch Model 458,"GPS, AMOLED Display",28,111000,4.8
459,Acer Mobile Model 459,"64MP Camera, 4000mAh Battery, 5G",44,120293,3.0
460,Acer Smartwatch Model 460,"SpO2, LCD Display",23,55825,3.7
461,Xiaomi Mobile Model 461,"50MP Camera, 5000mAh Battery, 5G",47,119085,5.0
462,Dell Mobile Model 462,"108MP Camera, 4000mAh Battery, 5G",23,35874,4.6
463,OnePlus Smartwatch Model 463,"GPS, LCD Display",50,134317,3.6
464,OnePlus Smartwatch Model 464,"Heart Rate, LCD Display",45,126734,4.5
465,OnePlus Mobile Model 465,"108MP Camera, 5000mAh Battery, 5G",11,123002,4.3
466,Dell Mobile Model 466,"108MP Camera, 6000mAh Battery, 5G",8,67403,3.9
467,HP Laptop Model 467,"Ryzen 5, 8GB RAM, 1TB SSD",26,16971,4.2
468,Apple Smartwatch Model 468,"SpO2, LCD Display",35,34835,3.8
469,HP Smartwatch Model 469,"GPS, AMOLED Display",17,73961,3.8
470,Lenovo Smartwatch Model 470,"SpO2, AMOLED Display",41,107068,4.7
471,HP Laptop Model 471,"Ryzen 7, 16GB RAM, 1TB SSD",43,33434,3.4
472,Sony Laptop Model 472,"i7, 32GB RAM, 256GB SSD",47,132617,3.5
473,Sony Laptop Model 473,"Ryzen 5, 8GB RAM, 256GB SSD",38,76955,3.4
474,Xiaomi Smartwatch Model 474,"SpO2, AMOLED Display",16,80388,3.5
475,Apple Laptop Model 475,"i5, 32GB RAM, 1TB SSD",13,15870,4.3
476,OnePlus Laptop Model 476,"i5, 16GB RAM, 256GB SSD",5,25753,4.4
477,Lenovo Laptop Model 477,"i7, 8GB RAM, 256GB SSD",43,149769,3.1
478,Acer Mobile Model 478,"50MP Camera, 4000mAh Battery, 5G",35,67640,4.7
479,Dell Laptop Model 479,"i7, 32GB RAM, 256GB SSD",27,28499,4.7
480,Sony Laptop Model 480,"Ryzen 7, 32GB RAM, 256GB SSD",37,80152,3.7
481,Asus Smartwatch Model 481,"GPS, AMOLED Display",32,106411,4.0
482,Samsung Mobile Model 482,"108MP Camera, 6000mAh Battery, 5G",45,90662,4.2
483,Acer Mobile Model 483,"50MP Camera, 5000mAh Battery, 5G",24,124074,3.8
484,Dell Laptop Model 484,"i7, 8GB RAM, 256GB SSD",19,69528,3.8
485,Xiaomi Laptop Model 485,"i5, 8GB RAM, 1TB SSD",36,24490,3.8
486,Lenovo Smartwatch Model 486,"Heart Rate, LCD Display",12,48129,3.1
487,Xiaomi Mobile Model 487,"50MP Camera, 5000mAh Battery, 5G",5,13014,3.2
488,Asus Smartwatch Model 488,"SpO2, LCD Display",36,125495,4.9
489,Asus Laptop Model 489,"Ryzen 7, 8GB RAM, 1TB SSD",42,104191,3.6
490,Xiaomi Mobile Model 490,"64MP Camera, 6000mAh Battery, 5G",20,126990,3.8
491,HP Mobile Model 491,"108MP Camera, 4000mAh Battery, 5G",13,6085,4.1
492,Dell Smartwatch Model 492,"Heart Rate, LCD Display",16,12980,4.7
493,Acer Smartwatch Model 493,"Heart Rate, LCD Display",48,76481,3.4
494,HP Laptop Model 494,"Ryzen 5, 16GB RAM, 512GB SSD",30,136612,3.4
495,Dell Smartwatch Model 495,"Heart Rate, AMOLED Display",7,41200,4.9
496,Acer Smartwatch Model 496,"Heart Rate, AMOLED Display",31,104638,3.4
497,Samsung Mobile Model 497,"108MP Camera, 5000mAh Battery, 5G",12,138874,3.9
498,Sony Mobile Model 498,"50MP Camera, 5000mAh Battery, 5G",38,28533,4.1
499,HP Laptop Model 499,"i7, 8GB RAM, 256GB SSD",50,82918,4.2
500,HP Laptop Model 500,"Ryzen 7, 32GB RAM, 256GB SSD",30,47821,3.2
501,Xiaomi Mobile Model 501,"50MP Camera, 4000mAh Battery, 5G",41,39030,4.5
502,Sony Laptop Model 502,"i5, 16GB RAM, 512GB SSD",20,147261,4.7
503,Apple Smartwatch Model 503,"SpO2, AMOLED Display",27,84136,3.3
504,Xiaomi Smartwatch Model 504,"GPS, AMOLED Display",30,16240,4.1
505,Dell Laptop Model 505,"Ryzen 7, 32GB RAM, 1TB SSD",13,103777,4.4
506,Xiaomi Mobile Model 506,"64MP Camera, 5000mAh Battery, 5G",10,130712,3.7
507,Lenovo Mobile Model 507,"108MP Camera, 4000mAh Battery, 5G",36,138087,3.2
508,OnePlus Smartwatch Model 508,"Heart Rate, AMOLED Display",48,126715,3.2
509,Sony Laptop Model 509,"Ryzen 5, 8GB RAM, 1TB SSD",13,15457,5.0
510,Samsung Laptop Model 510,"i5, 16GB RAM, 256GB SSD",27,74789,4.9
511,Dell Mobile Model 511,"50MP Camera, 4000mAh Battery, 5G",49,132641,4.9
512,Apple Mobile Model 512,"50MP Camera, 5000mAh Battery, 5G",20,41434,4.9
513,Acer Mobile Model 513,"50MP Camera, 4000mAh Battery, 5G",33,137778,3.5
514,Acer Smartwatch Model 514,"Heart Rate, LCD Display",34,22823,4.4
515,Xiaomi Smartwatch Model 515,"Heart Rate, AMOLED Display",35,84086,4.8
516,Sony Laptop Model 516,"i5, 32GB RAM, 1TB SSD",26,24009,4.7
517,Xiaomi Laptop Model 517,"i7, 16GB RAM, 1TB SSD",24,118260,3.0
518,Samsung Smartwatch Model 518,"SpO2, AMOLED Display",13,120872,3.0
519,Xiaomi Smartwatch Model 519,"Heart Rate, LCD Display",20,69367,3.8
520,Acer Mobile Model 520,"50MP Camera, 4000mAh Battery, 5G",42,59083,4.3
521,Lenovo Laptop Model 521,"i7, 8GB RAM, 256GB SSD",9,99135,3.6
522,HP Smartwatch Model 522,"GPS, AMOLED Display",5,118819,3.4
523,Sony Smartwatch Model 523,"GPS, AMOLED Display",5,115316,3.4
524,Xiaomi Mobile Model 524,"64MP Camera, 4000mAh Battery, 5G",44,112735,4.7
525,Sony Smartwatch Model 525,"GPS, LCD Display",8,71845,3.4
526,Sony Smartwatch Model 526,"GPS, AMOLED Display",31,112071,3.4
527,Acer Mobile Model 527,"64MP Camera, 6000mAh Battery, 5G",39,46955,4.3
528,Xiaomi Smartwatch Model 528,"GPS, LCD Display",17,26820,4.3
529,OnePlus Mobile Model 529,"108MP Camera, 4000mAh Battery, 5G",28,117258,3.9
530,Dell Laptop Model 530,"Ryzen 7, 32GB RAM, 512GB SSD",33,102232,4.5
531,Acer Mobile Model 531,"64MP Camera, 5000mAh Battery, 5G",15,139686,4.9
532,Apple Laptop Model 532,"Ryzen 5, 32GB RAM, 512GB SSD",7,110627,4.7
533,Lenovo Mobile Model 533,"50MP Camera, 4000mAh Battery, 5G",45,83939,3.9
534,Lenovo Mobile Model 534,"50MP Camera, 5000mAh Battery, 5G",47,62774,4.3
535,Dell Laptop Model 535,"i5, 32GB RAM, 256GB SSD",35,41480,3.3
536,Dell Smartwatch Model 536,"SpO2, AMOLED Display",7,37680,4.9
537,Samsung Mobile Model 537,"64MP Camera, 6000mAh Battery, 5G",27,17692,4.2
538,OnePlus Mobile Model 538,"108MP Camera, 6000mAh Battery, 5G",15,133826,3.5
539,HP Laptop Model 539,"Ryzen 7, 32GB RAM, 512GB SSD",46,74298,4.6
540,Acer Mobile Model 540,"108MP Camera, 5000mAh Battery, 5G",43,23354,4.8
541,Xiaomi Laptop Model 541,"Ryzen 7, 16GB RAM, 512GB SSD",18,52142,3.9
542,OnePlus Laptop Model 542,"i5, 32GB RAM, 1TB SSD",46,100721,4.4
543,Dell Laptop Model 543,"Ryzen 7, 32GB RAM, 512GB SSD",20,113724,4.3
544,HP Smartwatch Model 544,"SpO2, LCD Display",23,133742,4.3
545,Sony Smartwatch Model 545,"SpO2, AMOLED Display",21,32289,4.9
546,Sony Smartwatch Model 546,"SpO2, AMOLED Display",24,44221,3.0
547,Acer Smartwatch Model 547,"GPS, AMOLED Display",35,82558,3.9
548,Samsung Mobile Model 548,"64MP Camera, 6000mAh Battery, 5G",26,98654,3.2
549,Acer Mobile Model 549,"64MP Camera, 6000mAh Battery, 5G",43,85781,4.6
550,Sony Laptop Model 550,"i7, 16GB RAM, 1TB SSD",39,57801,3.7
551,Samsung Mobile Model 551,"50MP Camera, 4000mAh Battery, 5G",41,92318,3.2
552,HP Laptop Model 552,"i7, 8GB RAM, 512GB SSD",6,79013,4.2
553,Lenovo Laptop Model 553,"Ryzen 5, 32GB RAM, 512GB SSD",6,123355,3.2
554,Lenovo Mobile Model 554,"64MP Camera, 6000mAh Battery, 5G",7,32242,4.6
555,Apple Mobile Model 555,"64MP Camera, 6000mAh Battery, 5G",28,16035,3.5
556,Lenovo Smartwatch Model 556,"GPS, LCD Display",28,19603,3.5
557,Samsung Laptop Model 557,"Ryzen 5, 8GB RAM, 512GB SSD",26,104807,3.9
558,Acer Smartwatch Model 558,"SpO2, LCD Display",35,92306,3.3
559,Sony Laptop Model 559,"Ryzen 5, 16GB RAM, 256GB SSD",36,127913,3.7
560,Sony Smartwatch Model 560,"SpO2, AMOLED Display",8,98791,4.7
561,Asus Smartwatch Model 561,"GPS, LCD Display",26,112597,3.2
562,Dell Mobile Model 562,"50MP Camera, 5000mAh Battery, 5G",7,71898,4.9
563,Dell Mobile Model 563,"108MP Camera, 6000mAh Battery, 5G",11,122151,4.6
564,Xiaomi Mobile Model 564,"50MP Camera, 4000mAh Battery, 5G",21,100921,3.1
565,Samsung Laptop Model 565,"Ryzen 7, 8GB RAM, 256GB SSD",30,124234,4.9
566,Lenovo Laptop Model 566,"Ryzen 5, 16GB RAM, 512GB SSD",28,9259,4.6
567,Xiaomi Mobile Model 567,"64MP Camera, 6000mAh Battery, 5G",35,103373,3.2
568,Asus Laptop Model 568,"Ryzen 5, 16GB RAM, 512GB SSD",6,58988,4.5
569,Dell Mobile Model 569,"108MP Camera, 6000mAh Battery, 5G",5,17310,3.4
570,Sony Laptop Model 570,"i5, 32GB RAM, 1TB SSD",15,92679,4.1
571,HP Mobile Model 571,"108MP Camera, 6000mAh Battery, 5G",50,98620,3.2
572,Sony Mobile Model 572,"50MP Camera, 4000mAh Battery, 5G",33,23381,3.9
573,Lenovo Mobile Model 573,"108MP Camera, 6000mAh Battery, 5G",9,13299,4.3
574,Sony Laptop Model 574,"i5, 32GB RAM, 512GB SSD",34,72279,4.3
575,OnePlus Smartwatch Model 575,"Heart Rate, LCD Display",35,125258,3.4
576,Sony Laptop Model 576,"Ryzen 7, 8GB RAM, 1TB SSD",22,63689,4.7
577,Samsung Laptop Model 577,"i7, 16GB RAM, 1TB SSD",24,15522,3.8
578,Samsung Mobile Model 578,"108MP Camera, 6000mAh Battery, 5G",32,122767,3.5
579,HP Laptop Model 579,"i7, 8GB RAM, 256GB SSD",43,82719,3.3
580,Asus Mobile Model 580,"108MP Camera, 4000mAh Battery, 5G",10,105566,3.7
581,Asus Laptop Model 581,"Ryzen 7, 32GB RAM, 256GB SSD",47,95046,4.5
582,HP Smartwatch Model 582,"Heart Rate, LCD Display",30,51978,3.2
583,Apple Laptop Model 583,"i7, 8GB RAM, 1TB SSD",26,92183,3.1
584,Lenovo Laptop Model 584,"i7, 16GB RAM, 512GB SSD",20,58570,4.1
585,Samsung Smartwatch Model 585,"Heart Rate, LCD Display",15,61395,4.6
586,Xiaomi Smartwatch Model 586,"SpO2, LCD Display",23,123267,3.6
587,Acer Smartwatch Model 587,"GPS, AMOLED Display",13,63195,3.5
588,Asus Smartwatch Model 588,"SpO2, AMOLED Display",24,43778,3.2
589,Dell Laptop Model 589,"Ryzen 7, 16GB RAM, 512GB SSD",50,62057,4.4
590,Sony Smartwatch Model 590,"SpO2, LCD Display",23,62378,4.5
591,Samsung Mobile Model 591,"64MP Camera, 5000mAh Battery, 5G",26,37999,4.4
592,Apple Smartwatch Model 592,"GPS, LCD Display",35,96680,3.4
593,Lenovo Smartwatch Model 593,"GPS, AMOLED Display",30,29311,3.4
594,Dell Laptop Model 594,"Ryzen 5, 32GB RAM, 1TB SSD",41,100388,4.5
595,Apple Smartwatch Model 595,"Heart Rate, LCD Display",24,128450,3.8
596,Lenovo Laptop Model 596,"Ryzen 7, 32GB RAM, 256GB SSD",48,27485,4.7
597,Xiaomi Smartwatch Model 597,"GPS, AMOLED Display",48,85990,3.4
598,Sony Smartwatch Model 598,"Heart Rate, AMOLED Display",38,61080,3.4
599,Acer Laptop Model 599,"i7, 32GB RAM, 1TB SSD",28,115248,4.8
600,Xiaomi Smartwatch Model 600,"GPS, LCD Display",41,70843,4.4
601,Sony Smartwatch Model 601,"GPS, AMOLED Display",20,56354,3.2
602,Samsung Laptop Model 602,"Ryzen 5, 16GB RAM, 1TB SSD",34,96518,3.7
603,Sony Laptop Model 603,"Ryzen 5, 8GB RAM, 1TB SSD",8,128027,3.3
604,Lenovo Smartwatch Model 604,"Heart Rate, AMOLED Display",14,116712,5.0
605,Lenovo Smartwatch Model 605,"GPS, LCD Display",46,125809,3.6
606,Samsung Mobile Model 606,"108MP Camera, 5000mAh Battery, 5G",8,13941,4.1
607,Lenovo Laptop Model 607,"Ryzen 5, 32GB RAM, 1TB SSD",42,140145,4.6
608,Lenovo Smartwatch Model 608,"SpO2, AMOLED Display",30,75976,4.4
609,Apple Smartwatch Model 609,"GPS, LCD Display",6,74567,3.3
610,Xiaomi Smartwatch Model 610,"SpO2, AMOLED Display",22,75124,4.0
611,Asus Laptop Model 611,"i5, 16GB RAM, 1TB SSD",20,115143,4.7
612,Lenovo Smartwatch Model 612,"GPS, LCD Display",13,144350,3.5
613,HP Smartwatch Model 613,"Heart Rate, AMOLED Display",25,43548,3.4
614,Lenovo Mobile Model 614,"108MP Camera, 5000mAh Battery, 5G",12,99325,4.8
615,Samsung Smartwatch Model 615,"SpO2, LCD Display",27,112437,3.6
616,Acer Laptop Model 616,"i5, 16GB RAM, 512GB SSD",11,119011,4.9
617,Dell Laptop Model 617,"Ryzen 5, 16GB RAM, 1TB SSD",21,65323,3.0
618,Xiaomi Laptop Model 618,"i5, 16GB RAM, 1TB SSD",11,53917,3.5
619,Xiaomi Mobile Model 619,"108MP Camera, 5000mAh Battery, 5G",37,10737,3.3
620,Sony Mobile Model 620,"108MP Camera, 6000mAh Battery, 5G",7,35790,3.8
621,Sony Mobile Model 621,"108MP Camera, 6000mAh Battery, 5G",20,41559,4.4
622,Acer Laptop Model 622,"i7, 16GB RAM, 512GB SSD",24,114368,4.3
623,Lenovo Smartwatch Model 623,"GPS, LCD Display",28,8689,4.6
624,Xiaomi Laptop Model 624,"Ryzen 5, 8GB RAM, 512GB SSD",29,50207,3.0
625,OnePlus Mobile Model 625,"50MP Camera, 4000mAh Battery, 5G",48,78359,3.8
626,Xiaomi Laptop Model 626,"Ryzen 5, 16GB RAM, 512GB SSD",46,91991,4.2
627,Asus Laptop Model 627,"Ryzen 7, 32GB RAM, 512GB SSD",18,62283,3.1
628,Dell Mobile Model 628,"64MP Camera, 5000mAh Battery, 5G",46,78205,4.1
629,Samsung Laptop Model 629,"Ryzen 7, 8GB RAM, 1TB SSD",50,71694,3.6
630,Sony Mobile Model 630,"64MP Camera, 4000mAh Battery, 5G",11,137070,3.4
631,Apple Smartwatch Model 631,"SpO2, LCD Display",40,143093,3.8
632,Xiaomi Mobile Model 632,"50MP Camera, 5000mAh Battery, 5G",37,49513,4.4
633,Apple Laptop Model 633,"i7, 32GB RAM, 512GB SSD",40,65884,3.6
634,Samsung Laptop Model 634,"i7, 32GB RAM, 256GB SSD",49,5627,4.7
635,Asus Mobile Model 635,"50MP Camera, 5000mAh Battery, 5G",7,85802,4.3
636,Acer Mobile Model 636,"50MP Camera, 6000mAh Battery, 5G",24,126775,4.7
637,Samsung Smartwatch Model 637,"GPS, AMOLED Display",15,127416,4.7
638,Lenovo Laptop Model 638,"Ryzen 7, 8GB RAM, 256GB SSD",37,146235,3.4
639,OnePlus Mobile Model 639,"64MP Camera, 6000mAh Battery, 5G",49,94092,4.5
640,Sony Laptop Model 640,"i7, 32GB RAM, 512GB SSD",9,45692,3.4
641,Samsung Laptop Model 641,"i7, 32GB RAM, 1TB SSD",24,25657,3.3
642,Dell Laptop Model 642,"i7, 8GB RAM, 256GB SSD",15,41078,4.6
643,Samsung Laptop Model 643,"Ryzen 7, 8GB RAM, 1TB SSD",25,39714,3.2
644,Asus Smartwatch Model 644,"Heart Rate, LCD Display",38,64391,4.7
645,HP Smartwatch Model 645,"SpO2, AMOLED Display",22,12569,3.7
646,HP Mobile Model 646,"64MP Camera, 5000mAh Battery, 5G",36,32518,4.4
647,Apple Laptop Model 647,"i7, 16GB RAM, 256GB SSD",29,125649,4.2
648,Acer Smartwatch Model 648,"SpO2, LCD Display",30,95788,3.7
649,Dell Smartwatch Model 649,"Heart Rate, AMOLED Display",45,117370,4.6
650,Lenovo Smartwatch Model 650,"Heart Rate, AMOLED Display",22,37695,4.8
651,Asus Mobile Model 651,"108MP Camera, 4000mAh Battery, 5G",22,145122,5.0
652,Xiaomi Smartwatch Model 652,"GPS, LCD Display",26,136801,3.6
653,Sony Smartwatch Model 653,"SpO2, AMOLED Display",17,16833,3.4
654,Acer Mobile Model 654,"108MP Camera, 4000mAh Battery, 5G",9,133278,4.8
655,Samsung Laptop Model 655,"i5, 32GB RAM, 256GB SSD",6,102034,3.1
656,Samsung Mobile Model 656,"50MP Camera, 4000mAh Battery, 5G",22,134647,3.4
657,Xiaomi Mobile Model 657,"50MP Camera, 5000mAh Battery, 5G",48,133585,3.6
658,Asus Smartwatch Model 658,"SpO2, AMOLED Display",23,122582,4.7
659,OnePlus Smartwatch Model 659,"Heart Rate, LCD Display",44,132655,3.8
660,Acer Mobile Model 660,"64MP Camera, 5000mAh Battery, 5G",42,99067,4.5
661,HP Laptop Model 661,"i5, 16GB RAM, 256GB SSD",41,31690,4.3
662,Samsung Mobile Model 662,"64MP Camera, 5000mAh Battery, 5G",34,123168,4.9
663,HP Smartwatch Model 663,"Heart Rate, AMOLED Display",16,116286,4.4
664,Xiaomi Laptop Model 664,"i5, 16GB RAM, 512GB SSD",18,35094,3.5
665,Xiaomi Smartwatch Model 665,"Heart Rate, AMOLED Display",21,141970,4.9
666,HP Laptop Model 666,"i7, 32GB RAM, 256GB SSD",13,133379,4.3
667,Asus Smartwatch Model 667,"Heart Rate, LCD Display",6,52455,3.4
668,Xiaomi Mobile Model 668,"50MP Camera, 4000mAh Battery, 5G",38,55659,4.4
669,Asus Smartwatch Model 669,"Heart Rate, LCD Display",13,147335,3.8
670,OnePlus Smartwatch Model 670,"Heart Rate, LCD Display",24,66009,4.5
671,Xiaomi Laptop Model 671,"i5, 16GB RAM, 256GB SSD",42,148829,3.9
672,Acer Smartwatch Model 672,"GPS, AMOLED Display",40,81434,4.7
673,Sony Mobile Model 673,"64MP Camera, 5000mAh Battery, 5G",18,90445,4.0
674,Sony Smartwatch Model 674,"GPS, LCD Display",38,24152,3.1
675,HP Smartwatch Model 675,"Heart Rate, AMOLED Display",21,119104,3.2
676,Samsung Smartwatch Model 676,"GPS, AMOLED Display",47,41131,4.8
677,Acer Smartwatch Model 677,"GPS, LCD Display",16,55874,4.8
678,Lenovo Laptop Model 678,"i5, 16GB RAM, 256GB SSD",24,5575,4.2
679,HP Laptop Model 679,"Ryzen 7, 32GB RAM, 512GB SSD",33,57392,4.9
680,OnePlus Mobile Model 680,"64MP Camera, 4000mAh Battery, 5G",22,55714,4.2
681,Xiaomi Mobile Model 681,"108MP Camera, 4000mAh Battery, 5G",42,20639,3.3
682,Xiaomi Smartwatch Model 682,"SpO2, AMOLED Display",36,49887,4.0
683,Apple Smartwatch Model 683,"GPS, AMOLED Display",33,133950,4.5
684,Sony Laptop Model 684,"Ryzen 5, 8GB RAM, 1TB SSD",35,70164,3.5
685,Samsung Smartwatch Model 685,"SpO2, AMOLED Display",13,64728,3.4
686,HP Smartwatch Model 686,"GPS, AMOLED Display",50,139996,4.1
687,OnePlus Smartwatch Model 687,"SpO2, AMOLED Display",45,45806,3.9
688,Xiaomi Smartwatch Model 688,"SpO2, LCD Display",24,123238,4.1
689,Dell Mobile Model 689,"108MP Camera, 6000mAh Battery, 5G",33,114821,4.5
690,Asus Smartwatch Model 690,"Heart Rate, AMOLED Display",31,113712,3.7
691,Apple Smartwatch Model 691,"GPS, LCD Display",49,37316,4.6
692,OnePlus Smartwatch Model 692,"SpO2, AMOLED Display",36,119742,3.6
693,OnePlus Smartwatch Model 693,"Heart Rate, LCD Display",5,138891,3.8
694,Lenovo Laptop Model 694,"i5, 8GB RAM, 1TB SSD",46,122458,3.8
695,Sony Mobile Model 695,"64MP Camera, 5000mAh Battery, 5G",42,18483,3.3
696,Apple Smartwatch Model 696,"GPS, AMOLED Display",7,96176,3.7
697,Samsung Laptop Model 697,"i7, 32GB RAM, 256GB SSD",25,64066,4.6
698,Xiaomi Smartwatch Model 698,"GPS, LCD Display",28,130945,3.4
699,OnePlus Mobile Model 699,"108MP Camera, 4000mAh Battery, 5G",18,81752,4.3
700,Lenovo Smartwatch Model 700,"GPS, LCD Display",34,24430,5.0
701,Acer Laptop Model 701,"Ryzen 7, 8GB RAM, 256GB SSD",9,54521,4.7
702,HP Mobile Model 702,"50MP Camera, 4000mAh Battery, 5G",31,90715,3.7
703,HP Mobile Model 703,"50MP Camera, 4000mAh Battery, 5G",35,11716,3.2
704,Dell Laptop Model 704,"i7, 16GB RAM, 1TB SSD",40,98639,3.7
705,Lenovo Laptop Model 705,"i5, 8GB RAM, 512GB SSD",23,8890,4.5
706,Samsung Mobile Model 706,"64MP Camera, 5000mAh Battery, 5G",46,77764,3.6
707,Dell Smartwatch Model 707,"GPS, AMOLED Display",17,75111,4.9
708,Xiaomi Mobile Model 708,"64MP Camera, 4000mAh Battery, 5G",7,135155,4.3
709,Samsung Smartwatch Model 709,"GPS, LCD Display",27,49199,3.8
710,Xiaomi Mobile Model 710,"50MP Camera, 4000mAh Battery, 5G",37,113911,4.8
711,Sony Mobile Model 711,"64MP Camera, 4000mAh Battery, 5G",44,62011,3.3
712,Sony Mobile Model 712,"108MP Camera, 4000mAh Battery, 5G",24,24323,3.3
713,Apple Mobile Model 713,"50MP Camera, 6000mAh Battery, 5G",28,62808,4.1
714,Lenovo Laptop Model 714,"Ryzen 7, 8GB RAM, 256GB SSD",46,38505,4.0
715,Acer Smartwatch Model 715,"Heart Rate, LCD Display",38,91125,3.1
716,HP Laptop Model 716,"i7, 8GB RAM, 256GB SSD",8,70767,4.6
717,Samsung Mobile Model 717,"108MP Camera, 4000mAh Battery, 5G",32,67734,3.7
718,Sony Laptop Model 718,"i7, 8GB RAM, 256GB SSD",9,148739,4.2
719,Apple Mobile Model 719,"64MP Camera, 4000mAh Battery, 5G",17,91487,4.6
720,OnePlus Laptop Model 720,"Ryzen 7, 16GB RAM, 1TB SSD",43,90056,3.4
721,Dell Smartwatch Model 721,"Heart Rate, AMOLED Display",27,147360,3.9
722,OnePlus Mobile Model 722,"64MP Camera, 5000mAh Battery, 5G",5,133650,3.3
723,Acer Smartwatch Model 723,"SpO2, LCD Display",29,95702,3.9
724,Acer Mobile Model 724,"64MP Camera, 5000mAh Battery, 5G",30,58938,4.7
725,Samsung Smartwatch Model 725,"Heart Rate, AMOLED Display",26,7999,3.9
726,Lenovo Mobile Model 726,"50MP Camera, 4000mAh Battery, 5G",30,129054,3.5
727,Samsung Laptop Model 727,"i5, 16GB RAM, 256GB SSD",46,62962,3.1
728,HP Smartwatch Model 728,"Heart Rate, AMOLED Display",30,122376,5.0
729,Xiaomi Mobile Model 729,"64MP Camera, 5000mAh Battery, 5G",26,95145,3.7
730,Asus Laptop Model 730,"i5, 16GB RAM, 512GB SSD",19,49734,4.4
731,Dell Laptop Model 731,"Ryzen 7, 16GB RAM, 1TB SSD",27,121722,3.4
732,HP Mobile Model 732,"64MP Camera, 5000mAh Battery, 5G",11,129881,3.3
733,Acer Mobile Model 733,"108MP Camera, 5000mAh Battery, 5G",20,16585,4.6
734,Xiaomi Mobile Model 734,"50MP Camera, 6000mAh Battery, 5G",39,49368,3.8
735,OnePlus Smartwatch Model 735,"GPS, AMOLED Display",32,5008,4.2
736,Lenovo Smartwatch Model 736,"GPS, LCD Display",45,103887,3.9
737,Sony Mobile Model 737,"108MP Camera, 6000mAh Battery, 5G",15,120222,4.9
738,Asus Laptop Model 738,"Ryzen 7, 16GB RAM, 1TB SSD",10,142791,4.3
739,Asus Laptop Model 739,"Ryzen 5, 8GB RAM, 1TB SSD",50,22139,4.3
740,Dell Mobile Model 740,"108MP Camera, 4000mAh Battery, 5G",37,16417,4.6
741,OnePlus Smartwatch Model 741,"Heart Rate, AMOLED Display",21,133264,4.5
742,OnePlus Mobile Model 742,"50MP Camera, 6000mAh Battery, 5G",19,94402,3.4
743,Sony Mobile Model 743,"108MP Camera, 4000mAh Battery, 5G",8,53667,5.0
744,HP Mobile Model 744,"108MP Camera, 4000mAh Battery, 5G",21,52285,3.6
745,Xiaomi Smartwatch Model 745,"GPS, AMOLED Display",50,113405,4.9
746,Asus Laptop Model 746,"Ryzen 5, 16GB RAM, 512GB SSD",33,53010,3.9
747,Asus Laptop Model 747,"i7, 8GB RAM, 1TB SSD",45,72631,3.9
748,Apple Mobile Model 748,"108MP Camera, 5000mAh Battery, 5G",26,28469,3.1
749,Dell Mobile Model 749,"50MP Camera, 6000mAh Battery, 5G",36,49497,3.0
750,HP Laptop Model 750,"Ryzen 5, 16GB RAM, 1TB SSD",33,139767,4.3
751,Lenovo Smartwatch Model 751,"Heart Rate, AMOLED Display",29,61591,4.7
752,HP Mobile Model 752,"50MP Camera, 6000mAh Battery, 5G",6,146061,4.6
753,Dell Mobile Model 753,"108MP Camera, 6000mAh Battery, 5G",33,77004,4.6
754,Apple Mobile Model 754,"50MP Camera, 6000mAh Battery, 5G",25,78822,3.8
755,HP Smartwatch Model 755,"GPS, LCD Display",41,45206,4.1
756,Sony Laptop Model 756,"Ryzen 5, 32GB RAM, 1TB SSD",38,18891,5.0
757,Acer Laptop Model 757,"Ryzen 7, 8GB RAM, 512GB SSD",46,40891,4.6
758,OnePlus Laptop Model 758,"Ryzen 5, 8GB RAM, 1TB SSD",44,76417,4.4
759,Xiaomi Smartwatch Model 759,"GPS, AMOLED Display",22,101206,4.8
760,Xiaomi Smartwatch Model 760,"SpO2, AMOLED Display",15,96823,4.5
761,Sony Smartwatch Model 761,"SpO2, LCD Display",14,52856,4.9
762,Apple Laptop Model 762,"i7, 32GB RAM, 1TB SSD",44,41820,3.4
763,Asus Smartwatch Model 763,"SpO2, AMOLED Display",33,76887,3.8
764,OnePlus Laptop Model 764,"Ryzen 5, 32GB RAM, 512GB SSD",47,45952,3.6
765,Apple Smartwatch Model 765,"Heart Rate, AMOLED Display",18,76739,3.0
766,Lenovo Laptop Model 766,"i5, 8GB RAM, 512GB SSD",9,38200,3.7
767,Asus Laptop Model 767,"Ryzen 5, 16GB RAM, 1TB SSD",45,34505,3.5
768,OnePlus Smartwatch Model 768,"SpO2, LCD Display",7,67106,3.1
769,Dell Mobile Model 769,"64MP Camera, 5000mAh Battery, 5G",40,26746,3.3
770,Asus Mobile Model 770,"64MP Camera, 5000mAh Battery, 5G",7,85344,3.2
771,Asus Mobile Model 771,"64MP Camera, 4000mAh Battery, 5G",10,77481,4.3
772,Lenovo Laptop Model 772,"Ryzen 7, 8GB RAM, 256GB SSD",49,61117,3.1
773,Sony Smartwatch Model 773,"SpO2, LCD Display",18,28183,4.7
774,Asus Laptop Model 774,"Ryzen 7, 16GB RAM, 256GB SSD",30,140429,4.4
775,Acer Laptop Model 775,"Ryzen 7, 16GB RAM, 1TB SSD",40,51939,3.1
776,HP Laptop Model 776,"i7, 16GB RAM, 512GB SSD",6,51280,4.0
777,Xiaomi Mobile Model 777,"64MP Camera, 6000mAh Battery, 5G",6,100635,4.2
778,OnePlus Smartwatch Model 778,"Heart Rate, LCD Display",28,57839,3.8
779,Xiaomi Smartwatch Model 779,"GPS, AMOLED Display",37,88268,4.3
780,OnePlus Smartwatch Model 780,"GPS, LCD Display",7,67562,3.4
781,Acer Smartwatch Model 781,"GPS, LCD Display",23,130565,4.7
782,Apple Laptop Model 782,"i7, 32GB RAM, 256GB SSD",21,30088,4.0
783,Lenovo Smartwatch Model 783,"SpO2, LCD Display",40,67268,3.5
784,Sony Laptop Model 784,"Ryzen 5, 8GB RAM, 256GB SSD",13,85217,3.9
785,Asus Mobile Model 785,"64MP Camera, 5000mAh Battery, 5G",22,76415,3.7
786,Samsung Smartwatch Model 786,"GPS, LCD Display",16,48754,4.9
787,Asus Smartwatch Model 787,"GPS, AMOLED Display",42,123953,4.4
788,Apple Smartwatch Model 788,"Heart Rate, AMOLED Display",17,68456,3.3
789,Acer Smartwatch Model 789,"Heart Rate, LCD Display",22,38028,4.8
790,OnePlus Laptop Model 790,"Ryzen 5, 32GB RAM, 512GB SSD",7,101301,3.2
791,Dell Smartwatch Model 791,"SpO2, AMOLED Display",24,73894,4.6
792,Samsung Laptop Model 792,"i7, 8GB RAM, 256GB SSD",18,68868,4.9
793,Apple Laptop Model 793,"Ryzen 5, 8GB RAM, 512GB SSD",25,144442,4.1
794,OnePlus Smartwatch Model 794,"Heart Rate, LCD Display",11,63414,3.4
795,Xiaomi Smartwatch Model 795,"GPS, AMOLED Display",43,61714,4.2
796,OnePlus Mobile Model 796,"50MP Camera, 4000mAh Battery, 5G",26,143040,4.7
797,Asus Smartwatch Model 797,"Heart Rate, LCD Display",44,104838,4.8
798,Sony Laptop Model 798,"Ryzen 5, 16GB RAM, 256GB SSD",9,109139,4.4
799,Sony Laptop Model 799,"i5, 16GB RAM, 256GB SSD",21,48851,3.5
800,HP Smartwatch Model 800,"SpO2, AMOLED Display",40,144177,4.3
801,Acer Mobile Model 801,"64MP Camera, 6000mAh Battery, 5G",44,100892,4.1
802,HP Mobile Model 802,"64MP Camera, 4000mAh Battery, 5G",11,120629,3.8
803,Sony Mobile Model 803,"50MP Camera, 4000mAh Battery, 5G",14,102034,4.3
804,Samsung Smartwatch Model 804,"GPS, LCD Display",18,42859,5.0
805,Sony Mobile Model 805,"108MP Camera, 6000mAh Battery, 5G",41,71329,4.2
806,Lenovo Mobile Model 806,"64MP Camera, 6000mAh Battery, 5G",33,128059,4.1
807,Acer Mobile Model 807,"64MP Camera, 4000mAh Battery, 5G",15,144399,4.9
808,Acer Smartwatch Model 808,"Heart Rate, AMOLED Display",12,111236,3.1
809,Acer Mobile Model 809,"50MP Camera, 5000mAh Battery, 5G",20,125852,4.3
810,Acer Smartwatch Model 810,"SpO2, LCD Display",45,120364,4.6
811,Asus Mobile Model 811,"108MP Camera, 4000mAh Battery, 5G",8,127214,3.2
812,Xiaomi Smartwatch Model 812,"SpO2, AMOLED Display",12,109789,3.9
813,OnePlus Laptop Model 813,"Ryzen 7, 16GB RAM, 256GB SSD",22,149752,4.0
814,Sony Laptop Model 814,"Ryzen 7, 32GB RAM, 512GB SSD",16,30105,4.7
815,OnePlus Laptop Model 815,"Ryzen 5, 8GB RAM, 1TB SSD",6,89600,4.6
816,Acer Smartwatch Model 816,"SpO2, AMOLED Display",20,66043,3.5
817,Acer Mobile Model 817,"64MP Camera, 4000mAh Battery, 5G",37,49655,3.3
818,Samsung Mobile Model 818,"64MP Camera, 4000mAh Battery, 5G",13,143938,4.2
819,Acer Laptop Model 819,"i7, 16GB RAM, 1TB SSD",15,139457,4.9
820,HP Mobile Model 820,"50MP Camera, 5000mAh Battery, 5G",17,33404,4.8
821,Asus Mobile Model 821,"64MP Camera, 6000mAh Battery, 5G",16,53238,3.5
822,Acer Laptop Model 822,"i5, 8GB RAM, 512GB SSD",17,5866,3.6
823,OnePlus Mobile Model 823,"108MP Camera, 4000mAh Battery, 5G",39,74579,4.6
824,Sony Mobile Model 824,"108MP Camera, 4000mAh Battery, 5G",49,7629,4.7
825,Sony Smartwatch Model 825,"SpO2, LCD Display",42,35125,3.6
826,Asus Mobile Model 826,"50MP Camera, 4000mAh Battery, 5G",28,120736,4.0
827,Apple Laptop Model 827,"Ryzen 7, 16GB RAM, 1TB SSD",15,140959,3.1
828,Dell Laptop Model 828,"Ryzen 7, 32GB RAM, 256GB SSD",41,105003,5.0
829,HP Laptop Model 829,"Ryzen 7, 16GB RAM, 256GB SSD",26,31379,4.1
830,HP Smartwatch Model 830,"GPS, LCD Display",46,133724,3.5
831,Sony Laptop Model 831,"i5, 32GB RAM, 512GB SSD",17,122876,4.6
832,HP Laptop Model 832,"Ryzen 5, 32GB RAM, 512GB SSD",43,22722,3.9
833,OnePlus Laptop Model 833,"i5, 8GB RAM, 256GB SSD",17,59482,4.3
834,Samsung Laptop Model 834,"Ryzen 5, 32GB RAM, 1TB SSD",24,108346,3.7
835,Samsung Mobile Model 835,"108MP Camera, 6000mAh Battery, 5G",11,120943,4.0
836,Apple Laptop Model 836,"i5, 16GB RAM, 256GB SSD",41,82959,4.6
837,Lenovo Smartwatch Model 837,"SpO2, AMOLED Display",44,27381,4.4
838,OnePlus Laptop Model 838,"i7, 8GB RAM, 1TB SSD",6,135323,4.4
839,Asus Smartwatch Model 839,"SpO2, AMOLED Display",49,51178,3.3
840,Dell Laptop Model 840,"Ryzen 7, 8GB RAM, 512GB SSD",14,122496,3.2
841,Sony Laptop Model 841,"Ryzen 7, 32GB RAM, 512GB SSD",11,102202,4.7
842,Lenovo Laptop Model 842,"i5, 32GB RAM, 1TB SSD",37,144936,3.4
843,Lenovo Smartwatch Model 843,"GPS, LCD Display",22,69065,4.9
844,Xiaomi Laptop Model 844,"Ryzen 5, 32GB RAM, 1TB SSD",29,79172,4.0
845,Xiaomi Smartwatch Model 845,"Heart Rate, AMOLED Display",23,144065,4.8
846,HP Mobile Model 846,"108MP Camera, 6000mAh Battery, 5G",7,79787,4.4
847,OnePlus Smartwatch Model 847,"Heart Rate, LCD Display",10,131563,4.6
848,Apple Laptop Model 848,"i7, 8GB RAM, 1TB SSD",27,82619,3.1
849,Lenovo Mobile Model 849,"64MP Camera, 6000mAh Battery, 5G",9,66891,3.3
850,OnePlus Laptop Model 850,"i7, 16GB RAM, 1TB SSD",23,20907,3.3
851,Samsung Mobile Model 851,"64MP Camera, 6000mAh Battery, 5G",5,93814,3.8
852,Apple Laptop Model 852,"i5, 8GB RAM, 512GB SSD",12,104766,4.4
853,Acer Mobile Model 853,"50MP Camera, 6000mAh Battery, 5G",34,5125,3.5
854,Xiaomi Laptop Model 854,"i5, 16GB RAM, 512GB SSD",47,60683,3.6
855,Sony Laptop Model 855,"i7, 8GB RAM, 512GB SSD",29,106025,4.0
856,Xiaomi Mobile Model 856,"50MP Camera, 4000mAh Battery, 5G",17,48663,4.5
857,HP Laptop Model 857,"i7, 32GB RAM, 1TB SSD",38,55160,3.4
858,Xiaomi Laptop Model 858,"i5, 16GB RAM, 1TB SSD",30,94823,3.9
859,Xiaomi Mobile Model 859,"108MP Camera, 5000mAh Battery, 5G",28,134062,3.1
860,Sony Laptop Model 860,"Ryzen 7, 16GB RAM, 512GB SSD",49,92920,4.4
861,Asus Smartwatch Model 861,"SpO2, AMOLED Display",39,55360,4.7
862,Asus Laptop Model 862,"Ryzen 5, 8GB RAM, 512GB SSD",47,75523,4.9
863,Dell Laptop Model 863,"Ryzen 5, 8GB RAM, 256GB SSD",22,138140,4.3
864,Apple Mobile Model 864,"64MP Camera, 4000mAh Battery, 5G",43,133572,4.9
865,Apple Mobile Model 865,"64MP Camera, 5000mAh Battery, 5G",5,43401,4.5
866,Sony Smartwatch Model 866,"SpO2, LCD Display",6,149256,4.7
867,OnePlus Mobile Model 867,"50MP Camera, 6000mAh Battery, 5G",8,135254,3.8
868,Acer Mobile Model 868,"64MP Camera, 4000mAh Battery, 5G",31,130510,3.7
869,Asus Smartwatch Model 869,"Heart Rate, AMOLED Display",26,148164,3.7
870,Apple Smartwatch Model 870,"Heart Rate, AMOLED Display",48,48255,4.2
871,Dell Mobile Model 871,"64MP Camera, 5000mAh Battery, 5G",47,60629,3.1
872,Sony Smartwatch Model 872,"GPS, LCD Display",46,12402,4.2
873,Apple Laptop Model 873,"i5, 32GB RAM, 256GB SSD",7,80959,4.8
874,OnePlus Smartwatch Model 874,"Heart Rate, LCD Display",32,59895,3.8
875,Apple Mobile Model 875,"64MP Camera, 5000mAh Battery, 5G",11,10901,4.1
876,Acer Mobile Model 876,"108MP Camera, 5000mAh Battery, 5G",9,44064,3.8
877,Samsung Mobile Model 877,"64MP Camera, 6000mAh Battery, 5G",44,21216,3.1
878,Asus Laptop Model 878,"i7, 16GB RAM, 256GB SSD",35,11733,3.4
879,Sony Laptop Model 879,"i5, 16GB RAM, 1TB SSD",40,127430,3.1
880,Asus Laptop Model 880,"Ryzen 7, 8GB RAM, 1TB SSD",15,69441,3.8
881,Asus Mobile Model 881,"108MP Camera, 4000mAh Battery, 5G",27,82212,3.8
882,Sony Smartwatch Model 882,"GPS, AMOLED Display",5,22726,3.6
883,Samsung Smartwatch Model 883,"GPS, LCD Display",36,91562,3.5
884,Acer Smartwatch Model 884,"Heart Rate, LCD Display",36,90889,4.2
885,Asus Laptop Model 885,"i5, 32GB RAM, 1TB SSD",42,126708,3.8
886,Asus Laptop Model 886,"Ryzen 5, 32GB RAM, 1TB SSD",13,46589,5.0
887,Lenovo Smartwatch Model 887,"Heart Rate, AMOLED Display",13,58341,4.5
888,Acer Laptop Model 888,"i5, 8GB RAM, 256GB SSD",27,88842,4.7
889,Xiaomi Mobile Model 889,"108MP Camera, 5000mAh Battery, 5G",47,93595,3.5
890,Dell Mobile Model 890,"108MP Camera, 6000mAh Battery, 5G",11,128407,3.5
891,Acer Laptop Model 891,"Ryzen 5, 16GB RAM, 512GB SSD",35,104889,5.0
892,Dell Laptop Model 892,"i7, 32GB RAM, 1TB SSD",7,83884,3.2
893,Acer Laptop Model 893,"Ryzen 7, 16GB RAM, 256GB SSD",15,43883,4.6
894,Asus Mobile Model 894,"108MP Camera, 6000mAh Battery, 5G",9,49122,4.6
895,Samsung Mobile Model 895,"64MP Camera, 6000mAh Battery, 5G",24,80689,4.0
896,HP Mobile Model 896,"64MP Camera, 5000mAh Battery, 5G",42,121216,3.4
897,Samsung Smartwatch Model 897,"SpO2, LCD Display",11,131570,3.6
898,Asus Laptop Model 898,"i7, 32GB RAM, 256GB SSD",17,28436,3.9
899,Lenovo Laptop Model 899,"Ryzen 5, 8GB RAM, 256GB SSD",47,101080,4.5
900,HP Mobile Model 900,"50MP Camera, 4000mAh Battery, 5G",40,32230,3.6
901,Apple Laptop Model 901,"i7, 32GB RAM, 256GB SSD",15,117593,4.4
902,Samsung Mobile Model 902,"50MP Camera, 5000mAh Battery, 5G",26,103232,3.8
903,Xiaomi Laptop Model 903,"i5, 16GB RAM, 512GB SSD",37,90589,4.1
904,OnePlus Mobile Model 904,"50MP Camera, 6000mAh Battery, 5G",23,20329,3.7
905,Xiaomi Mobile Model 905,"108MP Camera, 5000mAh Battery, 5G",40,83313,3.8
906,Dell Laptop Model 906,"i5, 16GB RAM, 256GB SSD",16,94202,4.0
907,Asus Smartwatch Model 907,"GPS, AMOLED Display",33,91126,3.5
908,Asus Laptop Model 908,"i7, 16GB RAM, 1TB SSD",7,110791,4.1
909,Sony Laptop Model 909,"Ryzen 5, 32GB RAM, 256GB SSD",22,68164,3.6
910,Asus Laptop Model 910,"Ryzen 5, 16GB RAM, 1TB SSD",18,129742,4.9
911,Acer Mobile Model 911,"64MP Camera, 5000mAh Battery, 5G",27,117759,4.8
912,Dell Smartwatch Model 912,"GPS, AMOLED Display",49,141461,4.9
913,Acer Laptop Model 913,"Ryzen 5, 32GB RAM, 256GB SSD",20,141758,4.6
914,Xiaomi Mobile Model 914,"50MP Camera, 4000mAh Battery, 5G",22,44740,3.6
915,Acer Laptop Model 915,"Ryzen 7, 32GB RAM, 512GB SSD",16,38414,4.9
916,Dell Laptop Model 916,"Ryzen 7, 32GB RAM, 512GB SSD",23,87247,4.1
917,Apple Laptop Model 917,"Ryzen 7, 8GB RAM, 1TB SSD",41,27871,4.6
918,Acer Laptop Model 918,"Ryzen 5, 32GB RAM, 1TB SSD",36,121015,4.6
919,Samsung Mobile Model 919,"50MP Camera, 4000mAh Battery, 5G",6,104434,3.5
920,Samsung Smartwatch Model 920,"Heart Rate, LCD Display",41,104699,3.1
921,Asus Smartwatch Model 921,"GPS, AMOLED Display",46,50914,5.0
922,Samsung Laptop Model 922,"Ryzen 7, 8GB RAM, 512GB SSD",41,59111,4.0
923,Xiaomi Smartwatch Model 923,"GPS, LCD Display",6,10321,4.4
924,HP Smartwatch Model 924,"GPS, LCD Display",43,67214,4.7
925,Lenovo Mobile Model 925,"50MP Camera, 6000mAh Battery, 5G",34,6165,4.4
926,HP Mobile Model 926,"64MP Camera, 5000mAh Battery, 5G",32,81949,3.5
927,Xiaomi Smartwatch Model 927,"Heart Rate, LCD Display",24,21801,4.9
928,HP Laptop Model 928,"Ryzen 7, 8GB RAM, 512GB SSD",35,62095,4.8
929,Xiaomi Smartwatch Model 929,"SpO2, AMOLED Display",39,36419,4.8
930,Sony Smartwatch Model 930,"SpO2, AMOLED Display",21,126552,3.7
931,Xiaomi Smartwatch Model 931,"SpO2, LCD Display",18,88999,3.0
932,Samsung Laptop Model 932,"Ryzen 5, 32GB RAM, 256GB SSD",44,103927,3.1
933,Apple Mobile Model 933,"64MP Camera, 4000mAh Battery, 5G",10,58495,3.0
934,Xiaomi Smartwatch Model 934,"Heart Rate, AMOLED Display",9,31100,3.2
935,Lenovo Mobile Model 935,"108MP Camera, 6000mAh Battery, 5G",34,81099,4.0
936,OnePlus Smartwatch Model 936,"Heart Rate, AMOLED Display",9,27413,3.6
937,HP Smartwatch Model 937,"SpO2, AMOLED Display",41,62831,3.2
938,HP Laptop Model 938,"i7, 8GB RAM, 1TB SSD",48,92530,4.7
939,Xiaomi Mobile Model 939,"64MP Camera, 6000mAh Battery, 5G",11,37884,4.5
940,Dell Laptop Model 940,"i5, 8GB RAM, 256GB SSD",21,54645,3.2
941,Samsung Laptop Model 941,"Ryzen 7, 32GB RAM, 512GB SSD",13,27255,3.0
942,OnePlus Smartwatch Model 942,"GPS, AMOLED Display",14,145012,4.7
943,Dell Mobile Model 943,"64MP Camera, 5000mAh Battery, 5G",10,92367,4.5
944,Xiaomi Smartwatch Model 944,"SpO2, LCD Display",17,42941,3.2
945,Xiaomi Smartwatch Model 945,"GPS, LCD Display",7,76193,4.3
946,Lenovo Laptop Model 946,"Ryzen 5, 32GB RAM, 256GB SSD",5,28656,3.6
947,Samsung Laptop Model 947,"i5, 8GB RAM, 1TB SSD",9,27935,3.3
948,HP Laptop Model 948,"Ryzen 7, 8GB RAM, 512GB SSD",41,43807,4.1
949,Samsung Mobile Model 949,"64MP Camera, 6000mAh Battery, 5G",33,38192,4.0
950,HP Mobile Model 950,"64MP Camera, 4000mAh Battery, 5G",13,130926,3.0
951,Xiaomi Mobile Model 951,"50MP Camera, 5000mAh Battery, 5G",33,22161,4.1
952,Lenovo Laptop Model 952,"Ryzen 5, 8GB RAM, 1TB SSD",29,41349,3.2
953,Lenovo Laptop Model 953,"i5, 16GB RAM, 1TB SSD",20,52304,3.9
954,HP Smartwatch Model 954,"GPS, AMOLED Display",25,136253,3.9
955,Lenovo Laptop Model 955,"i5, 8GB RAM, 512GB SSD",48,19147,4.1
956,Apple Smartwatch Model 956,"Heart Rate, AMOLED Display",25,47318,4.7
957,HP Mobile Model 957,"64MP Camera, 5000mAh Battery, 5G",23,70130,3.9
958,Asus Laptop Model 958,"i5, 16GB RAM, 256GB SSD",30,42895,4.7
959,OnePlus Laptop Model 959,"Ryzen 5, 16GB RAM, 256GB SSD",41,23823,4.7
960,Lenovo Laptop Model 960,"i7, 32GB RAM, 1TB SSD",37,29030,3.9
961,HP Smartwatch Model 961,"Heart Rate, AMOLED Display",37,99421,3.8
962,Dell Smartwatch Model 962,"Heart Rate, LCD Display",7,50096,3.1
963,Xiaomi Laptop Model 963,"Ryzen 5, 16GB RAM, 256GB SSD",27,93046,4.0
964,Dell Laptop Model 964,"i5, 16GB RAM, 512GB SSD",46,23404,3.8
965,Samsung Laptop Model 965,"i7, 32GB RAM, 256GB SSD",16,120033,3.2
966,Acer Mobile Model 966,"108MP Camera, 4000mAh Battery, 5G",37,109170,4.1
967,Lenovo Mobile Model 967,"50MP Camera, 4000mAh Battery, 5G",38,60823,4.1
968,Samsung Laptop Model 968,"i7, 8GB RAM, 512GB SSD",28,20277,4.3
969,Dell Smartwatch Model 969,"GPS, LCD Display",20,139629,3.5
970,Asus Laptop Model 970,"Ryzen 7, 8GB RAM, 256GB SSD",34,89478,3.7
971,Acer Laptop Model 971,"i7, 32GB RAM, 1TB SSD",23,32303,4.5
972,Apple Smartwatch Model 972,"Heart Rate, LCD Display",21,85620,4.3
973,Lenovo Mobile Model 973,"108MP Camera, 6000mAh Battery, 5G",14,87519,3.5
974,Dell Mobile Model 974,"50MP Camera, 6000mAh Battery, 5G",44,18922,4.9
975,OnePlus Smartwatch Model 975,"SpO2, LCD Display",32,113911,4.2
976,Apple Smartwatch Model 976,"SpO2, LCD Display",47,72622,4.9
977,Asus Smartwatch Model 977,"SpO2, LCD Display",44,82624,4.3
978,Lenovo Smartwatch Model 978,"GPS, LCD Display",49,139544,4.3
979,Sony Smartwatch Model 979,"Heart Rate, LCD Display",33,116893,4.0
980,Sony Mobile Model 980,"50MP Camera, 6000mAh Battery, 5G",17,17561,3.1
981,OnePlus Smartwatch Model 981,"SpO2, AMOLED Display",5,65082,4.1
982,Acer Smartwatch Model 982,"SpO2, AMOLED Display",44,29299,3.5
983,Asus Laptop Model 983,"i7, 16GB RAM, 1TB SSD",18,126345,4.9
984,OnePlus Smartwatch Model 984,"GPS, AMOLED Display",8,65361,4.0
985,Lenovo Mobile Model 985,"50MP Camera, 5000mAh Battery, 5G",13,82235,4.5
986,Dell Smartwatch Model 986,"GPS, AMOLED Display",49,113872,3.6
987,Sony Laptop Model 987,"i7, 16GB RAM, 1TB SSD",42,24641,4.3
988,Apple Laptop Model 988,"i7, 32GB RAM, 512GB SSD",31,89425,4.6
989,Dell Smartwatch Model 989,"SpO2, LCD Display",20,107134,3.1
990,Lenovo Mobile Model 990,"50MP Camera, 4000mAh Battery, 5G",46,14239,3.0
991,Asus Mobile Model 991,"50MP Camera, 5000mAh Battery, 5G",40,60682,3.5
992,Apple Mobile Model 992,"50MP Camera, 4000mAh Battery, 5G",25,64295,5.0
993,Lenovo Mobile Model 993,"50MP Camera, 5000mAh Battery, 5G",48,43352,4.7
994,Sony Laptop Model 994,"i7, 16GB RAM, 512GB SSD",33,15332,3.9
995,Lenovo Mobile Model 995,"64MP Camera, 6000mAh Battery, 5G",36,125395,4.8
996,Sony Laptop Model 996,"Ryzen 5, 32GB RAM, 1TB SSD",49,27206,4.5
997,Samsung Mobile Model 997,"50MP Camera, 4000mAh Battery, 5G",47,43288,3.3
998,Acer Laptop Model 998,"i5, 32GB RAM, 512GB SSD",49,55906,4.9
999,Dell Laptop Model 999,"Ryzen 5, 32GB RAM, 1TB SSD",21,60395,3.5
1000,HP Laptop Model 1000,"Ryzen 5, 8GB RAM, 1TB SSD",27,35972,3.9
1001,Lenovo Mobile Model 1001,"64MP Camera, 5000mAh Battery, 5G",24,137816,3.9
1002,OnePlus Laptop Model 1002,"Ryzen 5, 8GB RAM, 512GB SSD",17,60210,4.0
1003,HP Mobile Model 1003,"64MP Camera, 5000mAh Battery, 5G",40,50969,3.6
1004,HP Mobile Model 1004,"108MP Camera, 5000mAh Battery, 5G",34,128129,4.0
1005,Apple Mobile Model 1005,"64MP Camera, 4000mAh Battery, 5G",8,84913,4.7
1006,OnePlus Mobile Model 1006,"64MP Camera, 4000mAh Battery, 5G",33,83706,3.8
1007,HP Smartwatch Model 1007,"SpO2, AMOLED Display",38,49387,4.0
1008,Lenovo Mobile Model 1008,"50MP Camera, 4000mAh Battery, 5G",5,127086,3.1
1009,Samsung Laptop Model 1009,"i7, 32GB RAM, 256GB SSD",42,96300,4.6
1010,Samsung Mobile Model 1010,"50MP Camera, 5000mAh Battery, 5G",24,122031,4.2
1011,Xiaomi Mobile Model 1011,"64MP Camera, 5000mAh Battery, 5G",14,98785,3.7
1012,Samsung Smartwatch Model 1012,"GPS, LCD Display",26,91465,4.5
1013,Samsung Mobile Model 1013,"108MP Camera, 4000mAh Battery, 5G",26,135971,3.9
1014,Lenovo Smartwatch Model 1014,"GPS, LCD Display",33,55383,3.8
1015,Sony Smartwatch Model 1015,"GPS, LCD Display",22,101419,3.9
1016,OnePlus Mobile Model 1016,"64MP Camera, 4000mAh Battery, 5G",30,89371,3.9
1017,Xiaomi Smartwatch Model 1017,"SpO2, AMOLED Display",11,51035,3.9
1018,Xiaomi Laptop Model 1018,"Ryzen 7, 16GB RAM, 256GB SSD",13,147569,3.5
1019,Lenovo Laptop Model 1019,"i5, 32GB RAM, 512GB SSD",16,119899,3.1
1020,HP Mobile Model 1020,"108MP Camera, 4000mAh Battery, 5G",6,104510,4.4
1021,Sony Smartwatch Model 1021,"SpO2, LCD Display",47,27354,4.2
1022,HP Mobile Model 1022,"108MP Camera, 4000mAh Battery, 5G",31,97766,4.0
1023,HP Smartwatch Model 1023,"SpO2, AMOLED Display",35,93637,3.4
1024,Acer Smartwatch Model 1024,"Heart Rate, LCD Display",48,15289,3.4
1025,Acer Smartwatch Model 1025,"SpO2, LCD Display",12,86036,3.6
1026,Apple Laptop Model 1026,"i7, 8GB RAM, 1TB SSD",35,44834,4.2
1027,Samsung Laptop Model 1027,"i7, 32GB RAM, 256GB SSD",15,74236,4.8
1028,Dell Smartwatch Model 1028,"Heart Rate, LCD Display",40,58662,4.9
1029,Apple Laptop Model 1029,"i5, 16GB RAM, 512GB SSD",35,112184,3.9
1030,HP Smartwatch Model 1030,"SpO2, LCD Display",7,67769,3.7
1031,Dell Smartwatch Model 1031,"GPS, LCD Display",26,135688,3.2
1032,Sony Mobile Model 1032,"64MP Camera, 6000mAh Battery, 5G",42,100021,3.6
1033,Acer Laptop Model 1033,"i7, 8GB RAM, 512GB SSD",33,40030,4.4
1034,Apple Mobile Model 1034,"108MP Camera, 5000mAh Battery, 5G",46,89502,4.4
1035,Samsung Mobile Model 1035,"108MP Camera, 6000mAh Battery, 5G",32,63833,3.4
1036,Samsung Smartwatch Model 1036,"Heart Rate, AMOLED Display",47,67605,3.9
1037,OnePlus Laptop Model 1037,"Ryzen 5, 16GB RAM, 512GB SSD",17,143387,3.0
1038,Apple Smartwatch Model 1038,"Heart Rate, LCD Display",41,52637,3.1
1039,Acer Mobile Model 1039,"64MP Camera, 6000mAh Battery, 5G",8,27895,3.3
1040,Apple Smartwatch Model 1040,"GPS, AMOLED Display",7,74801,3.1
1041,HP Laptop Model 1041,"i7, 8GB RAM, 1TB SSD",20,141092,3.6
1042,Sony Smartwatch Model 1042,"Heart Rate, LCD Display",28,97198,3.7
1043,Dell Laptop Model 1043,"Ryzen 7, 32GB RAM, 1TB SSD",43,141499,5.0
1044,OnePlus Mobile Model 1044,"108MP Camera, 6000mAh Battery, 5G",15,116478,4.9
1045,OnePlus Mobile Model 1045,"108MP Camera, 5000mAh Battery, 5G",15,90856,3.4
1046,OnePlus Laptop Model 1046,"i7, 32GB RAM, 512GB SSD",21,96642,3.8
1047,HP Mobile Model 1047,"50MP Camera, 6000mAh Battery, 5G",27,84063,4.0
1048,Samsung Laptop Model 1048,"i5, 8GB RAM, 256GB SSD",43,128343,3.2
1049,Xiaomi Laptop Model 1049,"Ryzen 5, 8GB RAM, 256GB SSD",40,96691,5.0
1050,Asus Smartwatch Model 1050,"GPS, LCD Display",42,128181,4.3
1051,HP Mobile Model 1051,"108MP Camera, 4000mAh Battery, 5G",25,80538,3.1
1052,Xiaomi Laptop Model 1052,"i5, 8GB RAM, 1TB SSD",28,88631,5.0
1053,Apple Mobile Model 1053,"108MP Camera, 5000mAh Battery, 5G",9,23239,3.5
1054,Sony Smartwatch Model 1054,"GPS, LCD Display",12,143441,3.3
1055,Sony Laptop Model 1055,"i7, 8GB RAM, 256GB SSD",50,51170,3.3
1056,Acer Smartwatch Model 1056,"Heart Rate, LCD Display",39,127455,3.3
1057,Lenovo Smartwatch Model 1057,"SpO2, LCD Display",43,108310,3.5
1058,Samsung Mobile Model 1058,"50MP Camera, 5000mAh Battery, 5G",16,114799,3.9
1059,Acer Mobile Model 1059,"50MP Camera, 6000mAh Battery, 5G",12,30305,3.1
1060,Acer Smartwatch Model 1060,"Heart Rate, AMOLED Display",20,85763,3.4
1061,Acer Laptop Model 1061,"i5, 32GB RAM, 512GB SSD",11,82459,3.5
1062,Apple Smartwatch Model 1062,"SpO2, LCD Display",9,21236,4.1
1063,HP Mobile Model 1063,"64MP Camera, 6000mAh Battery, 5G",22,83996,4.9
1064,Sony Laptop Model 1064,"i5, 8GB RAM, 512GB SSD",37,69727,4.5
1065,HP Mobile Model 1065,"50MP Camera, 4000mAh Battery, 5G",50,16657,3.2
1066,Xiaomi Smartwatch Model 1066,"GPS, LCD Display",19,51737,4.1
1067,Lenovo Laptop Model 1067,"Ryzen 7, 32GB RAM, 256GB SSD",26,125731,4.0
1068,Lenovo Mobile Model 1068,"108MP Camera, 5000mAh Battery, 5G",46,58092,3.1
1069,Dell Laptop Model 1069,"Ryzen 5, 16GB RAM, 512GB SSD",20,8943,3.1
1070,OnePlus Smartwatch Model 1070,"Heart Rate, LCD Display",30,89481,3.8
1071,Apple Laptop Model 1071,"i7, 16GB RAM, 512GB SSD",15,50161,3.4
1072,OnePlus Laptop Model 1072,"Ryzen 7, 16GB RAM, 256GB SSD",34,108789,4.1
1073,Asus Laptop Model 1073,"Ryzen 5, 32GB RAM, 256GB SSD",20,144498,4.1
1074,Apple Laptop Model 1074,"Ryzen 5, 8GB RAM, 1TB SSD",40,9545,4.2
1075,Apple Laptop Model 1075,"i5, 8GB RAM, 1TB SSD",7,126176,4.3
1076,Acer Smartwatch Model 1076,"SpO2, LCD Display",32,138723,3.7
1077,Dell Smartwatch Model 1077,"Heart Rate, LCD Display",16,145730,3.1
1078,OnePlus Laptop Model 1078,"i5, 16GB RAM, 256GB SSD",40,47943,3.2
1079,Xiaomi Smartwatch Model 1079,"SpO2, LCD Display",44,118953,4.5
1080,Sony Laptop Model 1080,"Ryzen 5, 16GB RAM, 512GB SSD",15,146426,3.8
1081,Xiaomi Mobile Model 1081,"108MP Camera, 6000mAh Battery, 5G",40,44486,4.9
1082,Asus Mobile Model 1082,"64MP Camera, 4000mAh Battery, 5G",17,48422,3.3
1083,HP Mobile Model 1083,"64MP Camera, 5000mAh Battery, 5G",15,137999,3.9
1084,Apple Smartwatch Model 1084,"GPS, LCD Display",48,79268,4.3
1085,Xiaomi Smartwatch Model 1085,"Heart Rate, LCD Display",34,42960,4.0
1086,Xiaomi Laptop Model 1086,"Ryzen 5, 8GB RAM, 512GB SSD",47,22051,3.2
1087,Asus Mobile Model 1087,"108MP Camera, 6000mAh Battery, 5G",26,6672,4.5
1088,Xiaomi Mobile Model 1088,"108MP Camera, 6000mAh Battery, 5G",41,28097,4.9
1089,Acer Smartwatch Model 1089,"Heart Rate, AMOLED Display",19,148614,4.0
1090,Acer Mobile Model 1090,"108MP Camera, 5000mAh Battery, 5G",38,128216,3.9
1091,HP Smartwatch Model 1091,"GPS, AMOLED Display",37,30757,3.7
1092,Lenovo Laptop Model 1092,"Ryzen 5, 16GB RAM, 256GB SSD",31,60634,4.2
1093,Samsung Mobile Model 1093,"108MP Camera, 5000mAh Battery, 5G",35,107024,3.7
1094,Acer Laptop Model 1094,"i7, 8GB RAM, 256GB SSD",5,31368,3.7
1095,HP Mobile Model 1095,"64MP Camera, 5000mAh Battery, 5G",10,70323,3.5
1096,Asus Smartwatch Model 1096,"GPS, LCD Display",45,103963,4.1
1097,OnePlus Smartwatch Model 1097,"SpO2, LCD Display",10,122097,3.2
1098,Asus Mobile Model 1098,"50MP Camera, 4000mAh Battery, 5G",47,8971,3.2
1099,Sony Smartwatch Model 1099,"GPS, LCD Display",45,138455,3.5
1100,Apple Laptop Model 1100,"i7, 32GB RAM, 1TB SSD",36,133420,4.5
1101,Samsung Laptop Model 1101,"i5, 32GB RAM, 512GB SSD",34,130999,4.8
1102,OnePlus Smartwatch Model 1102,"SpO2, AMOLED Display",30,7523,3.9
1103,Dell Laptop Model 1103,"Ryzen 7, 32GB RAM, 1TB SSD",19,103151,3.5
1104,Asus Mobile Model 1104,"50MP Camera, 6000mAh Battery, 5G",17,81425,4.5
1105,Xiaomi Smartwatch Model 1105,"GPS, AMOLED Display",9,78260,3.9
1106,Lenovo Laptop Model 1106,"Ryzen 5, 8GB RAM, 1TB SSD",21,84723,3.1
1107,Samsung Mobile Model 1107,"108MP Camera, 6000mAh Battery, 5G",24,76367,3.8
1108,Samsung Mobile Model 1108,"50MP Camera, 5000mAh Battery, 5G",35,28117,3.1
1109,Samsung Laptop Model 1109,"Ryzen 7, 32GB RAM, 512GB SSD",39,83973,4.9
1110,Lenovo Mobile Model 1110,"64MP Camera, 6000mAh Battery, 5G",24,48565,4.7
1111,Apple Smartwatch Model 1111,"SpO2, LCD Display",41,133292,4.0
1112,Sony Mobile Model 1112,"50MP Camera, 5000mAh Battery, 5G",25,70160,3.7
1113,Acer Laptop Model 1113,"Ryzen 5, 32GB RAM, 256GB SSD",34,86683,3.8
1114,HP Laptop Model 1114,"i5, 8GB RAM, 1TB SSD",38,116922,3.7
1115,Samsung Smartwatch Model 1115,"SpO2, LCD Display",40,95196,3.6
1116,Lenovo Smartwatch Model 1116,"GPS, AMOLED Display",8,124676,3.8
1117,Acer Smartwatch Model 1117,"GPS, AMOLED Display",29,130813,4.6
1118,Apple Mobile Model 1118,"50MP Camera, 4000mAh Battery, 5G",23,136260,4.7
1119,OnePlus Mobile Model 1119,"64MP Camera, 6000mAh Battery, 5G",34,120227,4.4
1120,HP Mobile Model 1120,"50MP Camera, 6000mAh Battery, 5G",47,145427,3.7
1121,Apple Mobile Model 1121,"64MP Camera, 4000mAh Battery, 5G",44,71077,3.3
1122,Dell Mobile Model 1122,"108MP Camera, 4000mAh Battery, 5G",24,50429,3.3
1123,Lenovo Laptop Model 1123,"Ryzen 7, 32GB RAM, 1TB SSD",25,65155,4.3
1124,Samsung Mobile Model 1124,"108MP Camera, 5000mAh Battery, 5G",46,108858,3.3
1125,Asus Laptop Model 1125,"Ryzen 5, 16GB RAM, 512GB SSD",19,86405,4.8
1126,Asus Laptop Model 1126,"i5, 16GB RAM, 512GB SSD",5,71996,4.5
1127,Apple Mobile Model 1127,"50MP Camera, 4000mAh Battery, 5G",25,123652,4.5
1128,OnePlus Mobile Model 1128,"64MP Camera, 4000mAh Battery, 5G",40,57181,3.1
1129,Dell Mobile Model 1129,"108MP Camera, 6000mAh Battery, 5G",13,97857,3.5
1130,HP Laptop Model 1130,"i7, 16GB RAM, 512GB SSD",37,141528,4.0
1131,Samsung Mobile Model 1131,"64MP Camera, 4000mAh Battery, 5G",6,72206,4.1
1132,Lenovo Mobile Model 1132,"64MP Camera, 4000mAh Battery, 5G",37,35833,5.0
1133,Asus Smartwatch Model 1133,"SpO2, LCD Display",22,144400,4.6
1134,Dell Smartwatch Model 1134,"GPS, LCD Display",36,84208,3.7
1135,Lenovo Laptop Model 1135,"i7, 16GB RAM, 512GB SSD",31,88671,3.5
1136,Acer Mobile Model 1136,"108MP Camera, 5000mAh Battery, 5G",13,117791,3.4
1137,Xiaomi Laptop Model 1137,"i5, 16GB RAM, 256GB SSD",6,19379,3.6
1138,Asus Smartwatch Model 1138,"SpO2, AMOLED Display",30,72950,3.4
1139,Dell Mobile Model 1139,"108MP Camera, 5000mAh Battery, 5G",37,11073,4.8
1140,Acer Mobile Model 1140,"50MP Camera, 5000mAh Battery, 5G",11,77242,4.3
1141,Dell Laptop Model 1141,"Ryzen 7, 16GB RAM, 512GB SSD",34,53949,3.3
1142,Sony Laptop Model 1142,"i5, 16GB RAM, 512GB SSD",32,146817,4.9
1143,HP Laptop Model 1143,"Ryzen 5, 32GB RAM, 256GB SSD",23,122531,3.4
1144,Dell Smartwatch Model 1144,"Heart Rate, AMOLED Display",50,20101,4.3
1145,Sony Smartwatch Model 1145,"SpO2, AMOLED Display",30,22433,4.2
1146,Dell Smartwatch Model 1146,"GPS, LCD Display",46,53375,4.3
1147,Sony Laptop Model 1147,"Ryzen 5, 16GB RAM, 256GB SSD",18,6090,4.6
1148,Acer Smartwatch Model 1148,"SpO2, LCD Display",7,57712,3.5
1149,Lenovo Mobile Model 1149,"64MP Camera, 4000mAh Battery, 5G",39,90020,4.5
1150,Asus Laptop Model 1150,"i7, 8GB RAM, 1TB SSD",6,19884,3.4
1151,HP Mobile Model 1151,"64MP Camera, 5000mAh Battery, 5G",33,101688,5.0
1152,Lenovo Laptop Model 1152,"Ryzen 7, 16GB RAM, 512GB SSD",11,114850,4.4
1153,HP Mobile Model 1153,"64MP Camera, 5000mAh Battery, 5G",19,97277,3.2
1154,Sony Smartwatch Model 1154,"Heart Rate, LCD Display",50,129080,3.5
1155,HP Mobile Model 1155,"108MP Camera, 5000mAh Battery, 5G",16,43557,3.0
1156,Apple Laptop Model 1156,"Ryzen 7, 8GB RAM, 512GB SSD",34,146217,4.3
1157,Samsung Mobile Model 1157,"50MP Camera, 5000mAh Battery, 5G",40,106372,4.4
1158,Acer Smartwatch Model 1158,"Heart Rate, AMOLED Display",10,91521,4.3
1159,Acer Laptop Model 1159,"Ryzen 5, 32GB RAM, 1TB SSD",49,138701,4.5
1160,HP Laptop Model 1160,"i7, 16GB RAM, 512GB SSD",22,117064,3.4
1161,Sony Smartwatch Model 1161,"GPS, LCD Display",40,107904,3.1
1162,Sony Mobile Model 1162,"50MP Camera, 4000mAh Battery, 5G",32,34010,3.5
1163,Xiaomi Smartwatch Model 1163,"GPS, AMOLED Display",21,55138,4.0
1164,HP Mobile Model 1164,"108MP Camera, 4000mAh Battery, 5G",12,93487,4.5
1165,Acer Laptop Model 1165,"i7, 16GB RAM, 512GB SSD",37,5384,3.2
1166,Asus Mobile Model 1166,"64MP Camera, 6000mAh Battery, 5G",38,119222,3.2
1167,Xiaomi Mobile Model 1167,"50MP Camera, 6000mAh Battery, 5G",22,62626,3.8
1168,Dell Laptop Model 1168,"i5, 8GB RAM, 512GB SSD",28,34516,4.4
1169,Sony Laptop Model 1169,"Ryzen 5, 16GB RAM, 1TB SSD",15,148371,4.5
1170,Dell Laptop Model 1170,"Ryzen 7, 16GB RAM, 256GB SSD",47,9739,4.2
1171,HP Mobile Model 1171,"64MP Camera, 4000mAh Battery, 5G",17,99992,4.5
1172,Asus Smartwatch Model 1172,"GPS, AMOLED Display",34,91941,3.4
1173,HP Smartwatch Model 1173,"GPS, LCD Display",41,75867,4.7
1174,Apple Laptop Model 1174,"Ryzen 5, 8GB RAM, 1TB SSD",38,15806,4.0
1175,Dell Smartwatch Model 1175,"Heart Rate, LCD Display",38,44379,4.7
1176,Dell Smartwatch Model 1176,"SpO2, AMOLED Display",23,149596,4.6
1177,Apple Mobile Model 1177,"50MP Camera, 6000mAh Battery, 5G",40,78854,3.3
1178,Lenovo Laptop Model 1178,"Ryzen 5, 16GB RAM, 512GB SSD",41,86038,4.2
1179,Asus Laptop Model 1179,"Ryzen 5, 16GB RAM, 256GB SSD",43,85019,3.7
1180,Samsung Mobile Model 1180,"50MP Camera, 5000mAh Battery, 5G",26,80592,4.1
1181,HP Smartwatch Model 1181,"SpO2, AMOLED Display",48,15745,3.1
1182,HP Mobile Model 1182,"108MP Camera, 4000mAh Battery, 5G",25,46367,3.5
1183,Sony Mobile Model 1183,"50MP Camera, 6000mAh Battery, 5G",34,91979,4.2
1184,Samsung Smartwatch Model 1184,"Heart Rate, AMOLED Display",24,13404,4.2
1185,Xiaomi Mobile Model 1185,"64MP Camera, 5000mAh Battery, 5G",35,148073,4.9
1186,Sony Smartwatch Model 1186,"GPS, AMOLED Display",29,39680,4.9
1187,Apple Mobile Model 1187,"108MP Camera, 4000mAh Battery, 5G",9,70062,4.0
1188,Dell Laptop Model 1188,"i5, 16GB RAM, 512GB SSD",19,11753,3.9
1189,HP Laptop Model 1189,"i5, 16GB RAM, 1TB SSD",41,82499,3.1
1190,Samsung Laptop Model 1190,"i5, 32GB RAM, 256GB SSD",46,18913,3.2
1191,Apple Smartwatch Model 1191,"SpO2, AMOLED Display",18,69683,4.7
1192,Dell Smartwatch Model 1192,"GPS, LCD Display",33,49528,3.5
1193,OnePlus Laptop Model 1193,"i7, 32GB RAM, 256GB SSD",7,144410,3.7
1194,Samsung Mobile Model 1194,"64MP Camera, 6000mAh Battery, 5G",18,86123,4.7
1195,Apple Smartwatch Model 1195,"GPS, LCD Display",24,43217,5.0
1196,Samsung Mobile Model 1196,"50MP Camera, 4000mAh Battery, 5G",23,92742,4.6
1197,OnePlus Smartwatch Model 1197,"Heart Rate, AMOLED Display",25,94221,4.3
1198,OnePlus Mobile Model 1198,"108MP Camera, 4000mAh Battery, 5G",17,13596,4.8
1199,Acer Mobile Model 1199,"108MP Camera, 6000mAh Battery, 5G",31,66355,3.2
1200,OnePlus Mobile Model 1200,"64MP Camera, 4000mAh Battery, 5G",48,121949,3.1
1201,Sony Smartwatch Model 1201,"GPS, AMOLED Display",18,136509,3.2
1202,Xiaomi Mobile Model 1202,"50MP Camera, 5000mAh Battery, 5G",39,125303,4.6
1203,Samsung Mobile Model 1203,"64MP Camera, 5000mAh Battery, 5G",38,37255,4.8
1204,OnePlus Laptop Model 1204,"Ryzen 5, 8GB RAM, 256GB SSD",43,33078,4.2
1205,Sony Laptop Model 1205,"i5, 32GB RAM, 512GB SSD",45,60115,4.9
1206,Asus Laptop Model 1206,"i7, 16GB RAM, 512GB SSD",35,23483,3.1
1207,Samsung Laptop Model 1207,"i7, 8GB RAM, 256GB SSD",8,134376,4.6
1208,Sony Mobile Model 1208,"50MP Camera, 6000mAh Battery, 5G",45,99921,4.6
1209,Samsung Mobile Model 1209,"50MP Camera, 4000mAh Battery, 5G",38,122156,4.3
1210,Lenovo Smartwatch Model 1210,"Heart Rate, AMOLED Display",42,97067,4.1
1211,OnePlus Smartwatch Model 1211,"GPS, LCD Display",34,97214,3.4
1212,Acer Smartwatch Model 1212,"GPS, AMOLED Display",8,124089,3.4
1213,Sony Mobile Model 1213,"64MP Camera, 5000mAh Battery, 5G",47,133496,4.9
1214,Lenovo Mobile Model 1214,"64MP Camera, 6000mAh Battery, 5G",44,132766,3.7
1215,Sony Smartwatch Model 1215,"Heart Rate, LCD Display",18,143801,3.9
1216,Lenovo Laptop Model 1216,"i7, 32GB RAM, 256GB SSD",26,76554,4.9
1217,HP Mobile Model 1217,"50MP Camera, 4000mAh Battery, 5G",28,26613,3.3
1218,Apple Mobile Model 1218,"108MP Camera, 5000mAh Battery, 5G",5,148665,4.7
1219,HP Smartwatch Model 1219,"SpO2, AMOLED Display",33,125938,3.3
1220,HP Mobile Model 1220,"108MP Camera, 6000mAh Battery, 5G",22,109211,4.7
1221,Dell Laptop Model 1221,"i7, 16GB RAM, 512GB SSD",36,5815,4.8
1222,Lenovo Mobile Model 1222,"50MP Camera, 6000mAh Battery, 5G",17,24636,4.3
1223,Samsung Laptop Model 1223,"Ryzen 7, 16GB RAM, 512GB SSD",43,115723,4.5
1224,OnePlus Laptop Model 1224,"i7, 8GB RAM, 1TB SSD",22,147333,3.2
1225,Apple Smartwatch Model 1225,"SpO2, LCD Display",34,69276,4.1
1226,HP Mobile Model 1226,"108MP Camera, 5000mAh Battery, 5G",26,95562,3.9
1227,Acer Laptop Model 1227,"Ryzen 7, 16GB RAM, 256GB SSD",30,106533,4.4
1228,HP Laptop Model 1228,"Ryzen 7, 16GB RAM, 256GB SSD",26,40061,4.1
1229,Lenovo Laptop Model 1229,"Ryzen 5, 32GB RAM, 512GB SSD",25,102709,4.8
1230,Sony Laptop Model 1230,"i7, 8GB RAM, 1TB SSD",36,53963,3.7
1231,Lenovo Laptop Model 1231,"i5, 8GB RAM, 1TB SSD",38,126954,4.0
1232,Apple Mobile Model 1232,"50MP Camera, 6000mAh Battery, 5G",43,75205,4.6
1233,Xiaomi Smartwatch Model 1233,"Heart Rate, AMOLED Display",39,125251,3.8
1234,Xiaomi Laptop Model 1234,"Ryzen 5, 32GB RAM, 1TB SSD",33,93878,4.1
1235,OnePlus Mobile Model 1235,"50MP Camera, 4000mAh Battery, 5G",47,59702,5.0
1236,Lenovo Smartwatch Model 1236,"GPS, AMOLED Display",22,24569,3.0
1237,Acer Mobile Model 1237,"64MP Camera, 6000mAh Battery, 5G",9,65323,3.8
1238,Apple Mobile Model 1238,"108MP Camera, 5000mAh Battery, 5G",29,83348,3.6
1239,Acer Laptop Model 1239,"i5, 32GB RAM, 256GB SSD",44,7538,4.9
1240,Apple Mobile Model 1240,"108MP Camera, 4000mAh Battery, 5G",14,32517,3.8
1241,HP Laptop Model 1241,"Ryzen 5, 8GB RAM, 256GB SSD",49,22157,3.5
1242,Xiaomi Laptop Model 1242,"i7, 8GB RAM, 512GB SSD",31,52570,3.1
1243,Xiaomi Laptop Model 1243,"Ryzen 5, 16GB RAM, 1TB SSD",47,107301,3.4
1244,Acer Mobile Model 1244,"108MP Camera, 6000mAh Battery, 5G",44,126937,4.5
1245,Lenovo Smartwatch Model 1245,"GPS, AMOLED Display",26,33270,3.4
1246,Acer Laptop Model 1246,"i5, 8GB RAM, 512GB SSD",29,12004,3.7
1247,Dell Laptop Model 1247,"Ryzen 7, 16GB RAM, 512GB SSD",35,99281,4.3
1248,Sony Smartwatch Model 1248,"Heart Rate, LCD Display",15,111459,4.8
1249,Sony Laptop Model 1249,"i7, 8GB RAM, 512GB SSD",5,96380,3.1
1250,Sony Mobile Model 1250,"108MP Camera, 4000mAh Battery, 5G",13,14839,4.1
1251,Apple Mobile Model 1251,"50MP Camera, 6000mAh Battery, 5G",42,118434,3.1
1252,Lenovo Laptop Model 1252,"i7, 16GB RAM, 1TB SSD",39,46162,4.8
1253,HP Laptop Model 1253,"i5, 32GB RAM, 512GB SSD",17,79343,4.2
1254,Samsung Smartwatch Model 1254,"GPS, AMOLED Display",25,117879,4.4
1255,OnePlus Mobile Model 1255,"50MP Camera, 4000mAh Battery, 5G",6,82296,3.4
1256,Asus Smartwatch Model 1256,"Heart Rate, LCD Display",17,48228,3.3
1257,OnePlus Laptop Model 1257,"Ryzen 7, 16GB RAM, 256GB SSD",40,28463,3.4
1258,Dell Smartwatch Model 1258,"Heart Rate, AMOLED Display",31,91467,3.5
1259,Dell Mobile Model 1259,"50MP Camera, 4000mAh Battery, 5G",31,57749,3.3
1260,Lenovo Mobile Model 1260,"108MP Camera, 6000mAh Battery, 5G",50,122865,4.6
1261,OnePlus Smartwatch Model 1261,"Heart Rate, LCD Display",30,83526,3.3
1262,Samsung Mobile Model 1262,"64MP Camera, 6000mAh Battery, 5G",21,106075,3.3
1263,HP Laptop Model 1263,"Ryzen 7, 32GB RAM, 256GB SSD",20,132401,4.1
1264,HP Laptop Model 1264,"i7, 16GB RAM, 256GB SSD",12,17582,3.4
1265,Samsung Smartwatch Model 1265,"Heart Rate, AMOLED Display",42,88710,3.1
1266,OnePlus Mobile Model 1266,"50MP Camera, 6000mAh Battery, 5G",17,94892,3.5
1267,OnePlus Mobile Model 1267,"108MP Camera, 6000mAh Battery, 5G",35,25684,3.1
1268,Samsung Laptop Model 1268,"i5, 16GB RAM, 1TB SSD",21,138860,4.6
1269,OnePlus Laptop Model 1269,"i7, 8GB RAM, 256GB SSD",17,99832,3.2
1270,Lenovo Laptop Model 1270,"i5, 32GB RAM, 512GB SSD",15,72134,3.3
1271,Asus Laptop Model 1271,"i7, 32GB RAM, 256GB SSD",33,69806,4.2
1272,Xiaomi Mobile Model 1272,"108MP Camera, 6000mAh Battery, 5G",39,15767,4.3
1273,HP Smartwatch Model 1273,"Heart Rate, AMOLED Display",43,36183,3.6
1274,OnePlus Smartwatch Model 1274,"SpO2, AMOLED Display",27,88469,4.3
1275,OnePlus Smartwatch Model 1275,"Heart Rate, LCD Display",33,141261,4.7
1276,Xiaomi Mobile Model 1276,"64MP Camera, 6000mAh Battery, 5G",46,29317,4.0
1277,Lenovo Mobile Model 1277,"64MP Camera, 4000mAh Battery, 5G",48,72744,3.3
1278,Lenovo Laptop Model 1278,"Ryzen 7, 8GB RAM, 1TB SSD",11,121631,3.9
1279,Xiaomi Laptop Model 1279,"i7, 8GB RAM, 1TB SSD",47,21343,4.2
1280,Lenovo Laptop Model 1280,"Ryzen 7, 32GB RAM, 256GB SSD",31,57523,3.4
1281,HP Mobile Model 1281,"50MP Camera, 4000mAh Battery, 5G",22,45468,3.4
1282,Lenovo Mobile Model 1282,"50MP Camera, 4000mAh Battery, 5G",18,103011,5.0
1283,Dell Smartwatch Model 1283,"GPS, LCD Display",34,88479,4.3
1284,Apple Laptop Model 1284,"i7, 8GB RAM, 1TB SSD",43,57315,4.0
1285,HP Laptop Model 1285,"i7, 32GB RAM, 256GB SSD",13,31698,3.2
1286,HP Smartwatch Model 1286,"SpO2, AMOLED Display",36,127483,4.8
1287,Lenovo Mobile Model 1287,"108MP Camera, 4000mAh Battery, 5G",18,67650,4.0
1288,Acer Smartwatch Model 1288,"SpO2, LCD Display",16,40924,3.1
1289,Lenovo Smartwatch Model 1289,"Heart Rate, LCD Display",12,86207,3.6
1290,Xiaomi Mobile Model 1290,"64MP Camera, 5000mAh Battery, 5G",30,124942,4.5
1291,Sony Laptop Model 1291,"Ryzen 7, 16GB RAM, 512GB SSD",20,35195,4.0
1292,OnePlus Mobile Model 1292,"64MP Camera, 4000mAh Battery, 5G",22,85889,4.9
1293,Acer Smartwatch Model 1293,"GPS, LCD Display",38,108926,3.5
1294,HP Smartwatch Model 1294,"Heart Rate, LCD Display",8,95983,4.8
1295,Dell Mobile Model 1295,"108MP Camera, 5000mAh Battery, 5G",47,87104,3.4
1296,Samsung Mobile Model 1296,"50MP Camera, 4000mAh Battery, 5G",40,16146,3.8
1297,OnePlus Smartwatch Model 1297,"SpO2, LCD Display",33,149481,3.9
1298,HP Smartwatch Model 1298,"SpO2, AMOLED Display",46,29457,4.0
1299,Sony Mobile Model 1299,"64MP Camera, 6000mAh Battery, 5G",48,46839,3.4
1300,HP Mobile Model 1300,"108MP Camera, 4000mAh Battery, 5G",25,137005,3.1
1301,OnePlus Laptop Model 1301,"Ryzen 7, 32GB RAM, 256GB SSD",24,115706,4.8
1302,HP Mobile Model 1302,"50MP Camera, 6000mAh Battery, 5G",21,84098,3.6
1303,Asus Smartwatch Model 1303,"SpO2, LCD Display",26,81143,4.5
1304,Samsung Mobile Model 1304,"108MP Camera, 6000mAh Battery, 5G",21,21096,4.8
1305,Dell Smartwatch Model 1305,"SpO2, LCD Display",12,24663,3.8
1306,Sony Laptop Model 1306,"i7, 8GB RAM, 256GB SSD",32,73680,4.0
1307,Samsung Smartwatch Model 1307,"Heart Rate, AMOLED Display",9,88488,3.3
1308,Sony Smartwatch Model 1308,"Heart Rate, LCD Display",43,31788,3.6
1309,Samsung Laptop Model 1309,"i5, 8GB RAM, 256GB SSD",27,21847,3.8
1310,Lenovo Laptop Model 1310,"i7, 8GB RAM, 256GB SSD",47,44866,4.6
1311,Xiaomi Mobile Model 1311,"64MP Camera, 6000mAh Battery, 5G",17,66707,3.3
1312,Lenovo Laptop Model 1312,"i5, 32GB RAM, 512GB SSD",40,67144,3.1
1313,Lenovo Smartwatch Model 1313,"SpO2, LCD Display",49,23344,4.2
1314,HP Smartwatch Model 1314,"SpO2, LCD Display",16,39142,3.4
1315,Samsung Mobile Model 1315,"108MP Camera, 5000mAh Battery, 5G",5,6014,4.8
1316,HP Smartwatch Model 1316,"SpO2, AMOLED Display",15,132480,3.8
1317,Dell Smartwatch Model 1317,"Heart Rate, AMOLED Display",24,130683,3.4
1318,OnePlus Smartwatch Model 1318,"GPS, LCD Display",30,61417,4.3
1319,Asus Laptop Model 1319,"i5, 16GB RAM, 1TB SSD",12,27697,3.1
1320,Lenovo Mobile Model 1320,"64MP Camera, 5000mAh Battery, 5G",13,24494,5.0
1321,Sony Smartwatch Model 1321,"Heart Rate, AMOLED Display",30,129977,4.9
1322,OnePlus Laptop Model 1322,"Ryzen 5, 32GB RAM, 1TB SSD",42,17716,4.1
1323,Samsung Mobile Model 1323,"50MP Camera, 6000mAh Battery, 5G",33,149181,3.5
1324,Samsung Mobile Model 1324,"50MP Camera, 6000mAh Battery, 5G",28,108233,4.9
1325,Apple Smartwatch Model 1325,"Heart Rate, AMOLED Display",18,65383,3.8
1326,OnePlus Smartwatch Model 1326,"SpO2, AMOLED Display",38,11437,3.6
1327,Asus Mobile Model 1327,"108MP Camera, 5000mAh Battery, 5G",35,38434,3.6
1328,Lenovo Laptop Model 1328,"Ryzen 7, 32GB RAM, 256GB SSD",9,11804,4.0
1329,Samsung Mobile Model 1329,"108MP Camera, 5000mAh Battery, 5G",9,79050,4.5
1330,Asus Laptop Model 1330,"i5, 8GB RAM, 256GB SSD",24,55085,3.9
1331,HP Laptop Model 1331,"Ryzen 5, 32GB RAM, 512GB SSD",12,115801,3.7
1332,Dell Mobile Model 1332,"108MP Camera, 6000mAh Battery, 5G",32,103285,3.3
1333,Asus Mobile Model 1333,"50MP Camera, 6000mAh Battery, 5G",24,118414,4.7
1334,OnePlus Smartwatch Model 1334,"SpO2, LCD Display",45,39649,3.5
1335,Sony Mobile Model 1335,"108MP Camera, 5000mAh Battery, 5G",47,87781,3.2
1336,Apple Smartwatch Model 1336,"GPS, AMOLED Display",7,27384,3.5
1337,Sony Smartwatch Model 1337,"SpO2, AMOLED Display",11,106503,3.1
1338,Lenovo Smartwatch Model 1338,"SpO2, LCD Display",20,124857,4.5
1339,OnePlus Mobile Model 1339,"108MP Camera, 6000mAh Battery, 5G",8,90004,4.8
1340,HP Smartwatch Model 1340,"SpO2, AMOLED Display",44,89497,4.0
1341,HP Smartwatch Model 1341,"Heart Rate, AMOLED Display",25,63648,3.3
1342,Acer Smartwatch Model 1342,"Heart Rate, AMOLED Display",21,87606,4.5
1343,Dell Smartwatch Model 1343,"Heart Rate, AMOLED Display",32,138149,4.1
1344,HP Smartwatch Model 1344,"GPS, LCD Display",8,142815,3.7
1345,Sony Smartwatch Model 1345,"Heart Rate, LCD Display",43,7451,4.0
1346,Apple Mobile Model 1346,"50MP Camera, 4000mAh Battery, 5G",30,140198,4.7
1347,Lenovo Mobile Model 1347,"108MP Camera, 5000mAh Battery, 5G",20,126118,4.7
1348,Sony Laptop Model 1348,"Ryzen 5, 32GB RAM, 256GB SSD",25,83093,3.1
1349,Apple Laptop Model 1349,"i7, 16GB RAM, 1TB SSD",13,36163,4.5
1350,Samsung Smartwatch Model 1350,"Heart Rate, AMOLED Display",50,25783,3.4
1351,Asus Smartwatch Model 1351,"GPS, LCD Display",31,115122,3.9
1352,Dell Smartwatch Model 1352,"GPS, LCD Display",12,65243,4.4
1353,Xiaomi Mobile Model 1353,"108MP Camera, 6000mAh Battery, 5G",32,17709,4.3
1354,Dell Laptop Model 1354,"Ryzen 7, 16GB RAM, 256GB SSD",39,121962,3.9
1355,HP Laptop Model 1355,"i7, 8GB RAM, 256GB SSD",42,25803,3.9
1356,Samsung Laptop Model 1356,"i5, 16GB RAM, 256GB SSD",40,144014,3.7
1357,HP Mobile Model 1357,"108MP Camera, 6000mAh Battery, 5G",48,34234,4.9
1358,Acer Mobile Model 1358,"108MP Camera, 6000mAh Battery, 5G",21,26232,3.2
1359,Apple Smartwatch Model 1359,"SpO2, AMOLED Display",49,109044,4.0
1360,Asus Mobile Model 1360,"50MP Camera, 5000mAh Battery, 5G",22,71399,4.4
1361,Apple Laptop Model 1361,"i5, 8GB RAM, 512GB SSD",12,141898,4.6
1362,Sony Laptop Model 1362,"Ryzen 7, 16GB RAM, 256GB SSD",23,40707,4.3
1363,HP Laptop Model 1363,"i5, 16GB RAM, 1TB SSD",20,113797,3.3
1364,Sony Laptop Model 1364,"Ryzen 5, 32GB RAM, 512GB SSD",17,139571,3.1
1365,Asus Laptop Model 1365,"Ryzen 5, 8GB RAM, 512GB SSD",30,77005,4.6
1366,HP Laptop Model 1366,"Ryzen 7, 32GB RAM, 512GB SSD",7,132333,3.8
1367,HP Laptop Model 1367,"i5, 16GB RAM, 512GB SSD",38,80714,3.4
1368,OnePlus Laptop Model 1368,"Ryzen 7, 32GB RAM, 1TB SSD",22,145164,3.4
1369,Sony Smartwatch Model 1369,"Heart Rate, LCD Display",29,124362,5.0
1370,Asus Smartwatch Model 1370,"GPS, LCD Display",21,107822,4.9
1371,Acer Laptop Model 1371,"Ryzen 7, 32GB RAM, 256GB SSD",21,71650,3.4
1372,Lenovo Smartwatch Model 1372,"SpO2, LCD Display",28,44463,5.0
1373,Sony Mobile Model 1373,"50MP Camera, 4000mAh Battery, 5G",10,58904,3.1
1374,Lenovo Smartwatch Model 1374,"SpO2, AMOLED Display",11,40286,4.9
1375,Sony Laptop Model 1375,"Ryzen 7, 32GB RAM, 1TB SSD",40,136624,4.5
1376,Sony Mobile Model 1376,"50MP Camera, 6000mAh Battery, 5G",8,134897,5.0
1377,Lenovo Smartwatch Model 1377,"Heart Rate, LCD Display",28,119903,4.5
1378,OnePlus Laptop Model 1378,"i5, 32GB RAM, 512GB SSD",10,106551,4.8
1379,HP Laptop Model 1379,"i5, 8GB RAM, 512GB SSD",18,115187,4.5
1380,Asus Laptop Model 1380,"Ryzen 7, 16GB RAM, 1TB SSD",16,103346,4.6
1381,Sony Laptop Model 1381,"i5, 16GB RAM, 256GB SSD",10,147116,3.7
1382,Xiaomi Mobile Model 1382,"50MP Camera, 5000mAh Battery, 5G",14,20549,3.3
1383,Acer Smartwatch Model 1383,"SpO2, LCD Display",17,32554,4.6
1384,Apple Mobile Model 1384,"64MP Camera, 6000mAh Battery, 5G",11,70187,3.3
1385,Apple Smartwatch Model 1385,"Heart Rate, LCD Display",11,73148,3.7
1386,HP Mobile Model 1386,"64MP Camera, 6000mAh Battery, 5G",36,108367,3.5
1387,Lenovo Laptop Model 1387,"Ryzen 5, 32GB RAM, 1TB SSD",10,148765,3.6
1388,Apple Mobile Model 1388,"64MP Camera, 6000mAh Battery, 5G",24,55673,4.4
1389,Acer Mobile Model 1389,"50MP Camera, 5000mAh Battery, 5G",11,19994,4.0
1390,Acer Smartwatch Model 1390,"SpO2, AMOLED Display",26,52125,4.4
1391,Asus Laptop Model 1391,"Ryzen 5, 16GB RAM, 256GB SSD",44,124871,4.2
1392,Sony Mobile Model 1392,"64MP Camera, 5000mAh Battery, 5G",17,75114,3.6
1393,Apple Laptop Model 1393,"i5, 32GB RAM, 1TB SSD",23,95494,3.9
1394,Dell Mobile Model 1394,"64MP Camera, 4000mAh Battery, 5G",28,107249,4.4
1395,OnePlus Laptop Model 1395,"Ryzen 5, 32GB RAM, 256GB SSD",10,6630,4.5
1396,HP Smartwatch Model 1396,"SpO2, LCD Display",31,22602,4.9
1397,Acer Mobile Model 1397,"108MP Camera, 5000mAh Battery, 5G",25,56141,4.6
1398,Acer Smartwatch Model 1398,"SpO2, LCD Display",37,95745,4.3
1399,Acer Laptop Model 1399,"Ryzen 5, 16GB RAM, 1TB SSD",5,62378,4.5
1400,HP Smartwatch Model 1400,"GPS, AMOLED Display",24,59941,3.8
1401,Sony Laptop Model 1401,"Ryzen 7, 16GB RAM, 512GB SSD",50,31369,3.3
1402,Apple Smartwatch Model 1402,"GPS, AMOLED Display",50,22883,4.8
1403,Dell Laptop Model 1403,"i7, 16GB RAM, 512GB SSD",23,52272,4.1
1404,Xiaomi Mobile Model 1404,"108MP Camera, 6000mAh Battery, 5G",28,101897,4.6
1405,Dell Mobile Model 1405,"108MP Camera, 6000mAh Battery, 5G",12,61083,3.2
1406,OnePlus Mobile Model 1406,"50MP Camera, 6000mAh Battery, 5G",34,43206,3.0
1407,Asus Smartwatch Model 1407,"Heart Rate, AMOLED Display",20,70766,3.8
1408,Xiaomi Smartwatch Model 1408,"Heart Rate, LCD Display",30,75073,3.5
1409,Dell Mobile Model 1409,"108MP Camera, 6000mAh Battery, 5G",22,89374,4.0
1410,Sony Mobile Model 1410,"50MP Camera, 5000mAh Battery, 5G",23,10994,3.7
1411,Sony Mobile Model 1411,"64MP Camera, 4000mAh Battery, 5G",12,84449,3.9
1412,Dell Smartwatch Model 1412,"GPS, LCD Display",19,135492,3.4
1413,Lenovo Smartwatch Model 1413,"SpO2, AMOLED Display",14,46696,3.5
1414,Asus Smartwatch Model 1414,"GPS, LCD Display",13,59833,4.7
1415,Acer Laptop Model 1415,"i7, 16GB RAM, 512GB SSD",40,81255,4.3
1416,HP Laptop Model 1416,"i7, 32GB RAM, 512GB SSD",7,117683,3.9
1417,Apple Laptop Model 1417,"Ryzen 5, 32GB RAM, 1TB SSD",20,10790,4.8
1418,Lenovo Mobile Model 1418,"64MP Camera, 6000mAh Battery, 5G",46,138769,4.1
1419,Sony Mobile Model 1419,"64MP Camera, 4000mAh Battery, 5G",34,27921,3.9
1420,Sony Laptop Model 1420,"Ryzen 7, 32GB RAM, 512GB SSD",15,88094,3.3
1421,Samsung Mobile Model 1421,"108MP Camera, 4000mAh Battery, 5G",23,85665,3.4
1422,Sony Mobile Model 1422,"64MP Camera, 4000mAh Battery, 5G",12,19918,4.1
1423,Apple Smartwatch Model 1423,"SpO2, LCD Display",35,131982,3.4
1424,Samsung Laptop Model 1424,"Ryzen 5, 8GB RAM, 1TB SSD",22,111114,4.7
1425,Samsung Smartwatch Model 1425,"GPS, LCD Display",12,52387,4.7
1426,Lenovo Smartwatch Model 1426,"Heart Rate, LCD Display",31,84699,4.5
1427,HP Smartwatch Model 1427,"SpO2, AMOLED Display",26,108580,4.5
1428,Asus Mobile Model 1428,"108MP Camera, 5000mAh Battery, 5G",32,103907,4.0
1429,Dell Mobile Model 1429,"64MP Camera, 5000mAh Battery, 5G",5,39621,4.3
1430,Dell Laptop Model 1430,"i5, 8GB RAM, 1TB SSD",12,141640,4.9
1431,Apple Laptop Model 1431,"i5, 16GB RAM, 512GB SSD",5,25023,4.3
1432,HP Mobile Model 1432,"50MP Camera, 4000mAh Battery, 5G",22,39714,3.5
1433,Samsung Mobile Model 1433,"64MP Camera, 5000mAh Battery, 5G",8,39637,4.2
1434,Xiaomi Laptop Model 1434,"i5, 8GB RAM, 1TB SSD",40,75312,4.1
1435,Xiaomi Mobile Model 1435,"50MP Camera, 4000mAh Battery, 5G",45,129156,3.6
1436,Samsung Smartwatch Model 1436,"Heart Rate, LCD Display",28,139298,3.3
1437,Asus Smartwatch Model 1437,"GPS, AMOLED Display",31,138517,4.5
1438,Samsung Laptop Model 1438,"Ryzen 5, 32GB RAM, 1TB SSD",28,49241,4.5
1439,Samsung Mobile Model 1439,"50MP Camera, 6000mAh Battery, 5G",32,129282,4.0
1440,Xiaomi Smartwatch Model 1440,"Heart Rate, LCD Display",28,45972,4.7
1441,Xiaomi Mobile Model 1441,"108MP Camera, 4000mAh Battery, 5G",29,131261,4.5
1442,Sony Mobile Model 1442,"64MP Camera, 6000mAh Battery, 5G",16,98957,3.3
1443,Apple Smartwatch Model 1443,"SpO2, LCD Display",7,112436,4.1
1444,Acer Laptop Model 1444,"i7, 8GB RAM, 512GB SSD",20,28060,3.7
1445,HP Mobile Model 1445,"108MP Camera, 6000mAh Battery, 5G",18,126571,3.9
1446,Sony Smartwatch Model 1446,"SpO2, LCD Display",28,132334,3.2
1447,Asus Mobile Model 1447,"64MP Camera, 6000mAh Battery, 5G",44,104893,3.3
1448,Xiaomi Laptop Model 1448,"i5, 8GB RAM, 512GB SSD",11,13402,3.1
1449,Xiaomi Mobile Model 1449,"64MP Camera, 6000mAh Battery, 5G",33,34170,3.6
1450,Acer Mobile Model 1450,"108MP Camera, 5000mAh Battery, 5G",23,70209,3.9
1451,Lenovo Smartwatch Model 1451,"Heart Rate, AMOLED Display",30,11741,3.4
1452,Apple Smartwatch Model 1452,"Heart Rate, AMOLED Display",16,140258,4.0
1453,Asus Smartwatch Model 1453,"Heart Rate, AMOLED Display",18,55168,3.8
1454,Acer Laptop Model 1454,"Ryzen 5, 32GB RAM, 1TB SSD",13,58003,3.6
1455,Sony Mobile Model 1455,"108MP Camera, 6000mAh Battery, 5G",5,79800,4.3
1456,Acer Mobile Model 1456,"108MP Camera, 6000mAh Battery, 5G",21,133315,3.7
1457,OnePlus Laptop Model 1457,"i5, 8GB RAM, 256GB SSD",48,24104,4.4
1458,OnePlus Smartwatch Model 1458,"GPS, LCD Display",36,75372,3.3
1459,Samsung Smartwatch Model 1459,"SpO2, LCD Display",22,16342,4.2
1460,Dell Laptop Model 1460,"i7, 32GB RAM, 1TB SSD",30,108564,3.1
1461,Apple Smartwatch Model 1461,"SpO2, LCD Display",5,90308,4.7
1462,HP Laptop Model 1462,"i7, 32GB RAM, 256GB SSD",30,120123,3.5
1463,OnePlus Mobile Model 1463,"64MP Camera, 5000mAh Battery, 5G",39,54100,4.9
1464,Sony Laptop Model 1464,"Ryzen 7, 32GB RAM, 512GB SSD",25,94303,3.6
1465,Samsung Mobile Model 1465,"108MP Camera, 6000mAh Battery, 5G",5,11036,5.0
1466,Xiaomi Laptop Model 1466,"i7, 16GB RAM, 512GB SSD",47,40343,4.7
1467,Sony Smartwatch Model 1467,"SpO2, LCD Display",38,115800,4.5
1468,OnePlus Laptop Model 1468,"Ryzen 5, 32GB RAM, 256GB SSD",5,134061,3.3
1469,HP Smartwatch Model 1469,"GPS, AMOLED Display",29,36720,4.2
1470,Xiaomi Mobile Model 1470,"50MP Camera, 6000mAh Battery, 5G",32,121206,3.1
1471,Asus Laptop Model 1471,"Ryzen 7, 32GB RAM, 256GB SSD",8,83138,4.1
1472,Asus Mobile Model 1472,"108MP Camera, 6000mAh Battery, 5G",10,37252,3.9
1473,Sony Laptop Model 1473,"Ryzen 7, 32GB RAM, 512GB SSD",9,129679,4.7
1474,OnePlus Mobile Model 1474,"108MP Camera, 6000mAh Battery, 5G",9,20862,3.7
1475,Acer Laptop Model 1475,"Ryzen 7, 32GB RAM, 512GB SSD",5,104295,3.7
1476,Apple Mobile Model 1476,"108MP Camera, 6000mAh Battery, 5G",32,78811,4.4
1477,Samsung Mobile Model 1477,"108MP Camera, 6000mAh Battery, 5G",8,5928,3.6
1478,Acer Smartwatch Model 1478,"SpO2, LCD Display",47,118904,4.4
1479,Samsung Laptop Model 1479,"Ryzen 5, 32GB RAM, 512GB SSD",36,121897,4.4
1480,Apple Mobile Model 1480,"108MP Camera, 6000mAh Battery, 5G",31,111461,4.3
1481,OnePlus Laptop Model 1481,"i5, 16GB RAM, 512GB SSD",43,25895,4.0
1482,Dell Laptop Model 1482,"Ryzen 5, 8GB RAM, 512GB SSD",40,132565,3.1
1483,Dell Mobile Model 1483,"50MP Camera, 5000mAh Battery, 5G",37,28892,3.8
1484,Samsung Mobile Model 1484,"50MP Camera, 6000mAh Battery, 5G",32,139790,4.9
1485,Samsung Mobile Model 1485,"64MP Camera, 6000mAh Battery, 5G",19,35808,4.7
1486,Acer Laptop Model 1486,"i5, 16GB RAM, 1TB SSD",14,62471,4.4
1487,OnePlus Smartwatch Model 1487,"Heart Rate, AMOLED Display",7,38636,4.9
1488,Apple Mobile Model 1488,"108MP Camera, 4000mAh Battery, 5G",47,47134,3.5
1489,OnePlus Smartwatch Model 1489,"SpO2, LCD Display",50,121699,4.0
1490,Samsung Laptop Model 1490,"i7, 32GB RAM, 512GB SSD",36,22028,4.7
1491,Dell Laptop Model 1491,"Ryzen 5, 8GB RAM, 512GB SSD",9,90853,4.5
1492,HP Mobile Model 1492,"50MP Camera, 6000mAh Battery, 5G",30,131799,4.1
1493,OnePlus Mobile Model 1493,"50MP Camera, 5000mAh Battery, 5G",35,19859,4.5
1494,Samsung Laptop Model 1494,"i7, 32GB RAM, 256GB SSD",11,144197,4.5
1495,Samsung Mobile Model 1495,"108MP Camera, 4000mAh Battery, 5G",14,7295,4.5
1496,OnePlus Smartwatch Model 1496,"GPS, LCD Display",27,66596,3.2
1497,Acer Smartwatch Model 1497,"SpO2, LCD Display",46,84514,3.1
1498,Dell Smartwatch Model 1498,"Heart Rate, LCD Display",7,97901,4.8
1499,Samsung Laptop Model 1499,"Ryzen 7, 32GB RAM, 1TB SSD",25,29857,3.2
1500,Apple Mobile Model 1500,"108MP Camera, 4000mAh Battery, 5G",9,8791,3.4
1501,Xiaomi Smartwatch Model 1501,"Heart Rate, AMOLED Display",47,21896,4.8
1502,Apple Smartwatch Model 1502,"Heart Rate, LCD Display",21,148649,4.3
1503,Asus Laptop Model 1503,"Ryzen 5, 8GB RAM, 512GB SSD",49,81247,4.4
1504,Acer Smartwatch Model 1504,"SpO2, AMOLED Display",50,13762,4.3
1505,Samsung Laptop Model 1505,"Ryzen 5, 32GB RAM, 256GB SSD",9,127429,4.4
1506,Lenovo Laptop Model 1506,"i5, 32GB RAM, 256GB SSD",33,9611,4.8
1507,Acer Laptop Model 1507,"i5, 32GB RAM, 512GB SSD",40,93316,3.4
1508,Dell Smartwatch Model 1508,"GPS, LCD Display",19,124980,4.4
1509,Xiaomi Mobile Model 1509,"108MP Camera, 5000mAh Battery, 5G",35,81827,3.8
1510,OnePlus Smartwatch Model 1510,"SpO2, AMOLED Display",48,107049,3.4
1511,Xiaomi Mobile Model 1511,"64MP Camera, 6000mAh Battery, 5G",13,15925,3.1
1512,Acer Smartwatch Model 1512,"GPS, AMOLED Display",14,131251,4.7
1513,Apple Laptop Model 1513,"i5, 8GB RAM, 512GB SSD",27,105394,3.1
1514,Dell Smartwatch Model 1514,"Heart Rate, AMOLED Display",30,84554,4.1
1515,HP Mobile Model 1515,"64MP Camera, 6000mAh Battery, 5G",15,145904,3.2
1516,Sony Laptop Model 1516,"i5, 32GB RAM, 256GB SSD",23,34704,3.9
1517,Lenovo Smartwatch Model 1517,"GPS, AMOLED Display",14,142862,3.0
1518,Apple Mobile Model 1518,"64MP Camera, 6000mAh Battery, 5G",5,88587,3.7
1519,Samsung Smartwatch Model 1519,"GPS, LCD Display",36,131716,3.5
1520,Lenovo Laptop Model 1520,"Ryzen 7, 16GB RAM, 256GB SSD",41,106236,4.7
1521,OnePlus Smartwatch Model 1521,"Heart Rate, LCD Display",36,125748,3.0
1522,Asus Smartwatch Model 1522,"GPS, LCD Display",33,6412,4.7
1523,Xiaomi Laptop Model 1523,"i7, 32GB RAM, 256GB SSD",43,20757,3.4
1524,Acer Mobile Model 1524,"64MP Camera, 4000mAh Battery, 5G",30,51219,3.9
1525,OnePlus Laptop Model 1525,"Ryzen 5, 8GB RAM, 256GB SSD",49,42101,3.7
1526,HP Laptop Model 1526,"i5, 32GB RAM, 512GB SSD",48,54587,4.3
1527,OnePlus Smartwatch Model 1527,"SpO2, AMOLED Display",22,110266,3.4
1528,HP Mobile Model 1528,"64MP Camera, 4000mAh Battery, 5G",41,83765,3.7
1529,Sony Smartwatch Model 1529,"Heart Rate, AMOLED Display",33,23361,3.2
1530,Lenovo Laptop Model 1530,"Ryzen 7, 32GB RAM, 256GB SSD",26,148581,4.0
1531,Acer Laptop Model 1531,"i5, 16GB RAM, 256GB SSD",35,19365,3.8
1532,Asus Mobile Model 1532,"50MP Camera, 4000mAh Battery, 5G",23,92528,3.7
1533,Sony Smartwatch Model 1533,"Heart Rate, LCD Display",38,8761,4.5
1534,Acer Mobile Model 1534,"50MP Camera, 4000mAh Battery, 5G",44,114954,4.0
1535,Sony Laptop Model 1535,"i5, 8GB RAM, 512GB SSD",49,129313,3.1
1536,Dell Mobile Model 1536,"108MP Camera, 5000mAh Battery, 5G",17,56211,4.2
1537,OnePlus Smartwatch Model 1537,"Heart Rate, LCD Display",25,76115,3.1
1538,Lenovo Mobile Model 1538,"50MP Camera, 5000mAh Battery, 5G",5,59736,4.9
1539,OnePlus Mobile Model 1539,"50MP Camera, 6000mAh Battery, 5G",25,77548,4.6
1540,Samsung Mobile Model 1540,"64MP Camera, 6000mAh Battery, 5G",9,138267,4.2
1541,Asus Smartwatch Model 1541,"SpO2, AMOLED Display",26,22578,4.4
1542,Dell Mobile Model 1542,"64MP Camera, 6000mAh Battery, 5G",14,79242,4.9
1543,OnePlus Laptop Model 1543,"Ryzen 7, 8GB RAM, 1TB SSD",6,110940,3.9
1544,OnePlus Smartwatch Model 1544,"Heart Rate, AMOLED Display",34,115752,4.4
1545,Samsung Mobile Model 1545,"50MP Camera, 4000mAh Battery, 5G",22,113303,3.1
1546,OnePlus Mobile Model 1546,"108MP Camera, 5000mAh Battery, 5G",37,8557,4.7
1547,Samsung Mobile Model 1547,"50MP Camera, 4000mAh Battery, 5G",25,39244,4.7
1548,Acer Laptop Model 1548,"i7, 8GB RAM, 1TB SSD",40,68298,4.3
1549,OnePlus Mobile Model 1549,"64MP Camera, 5000mAh Battery, 5G",17,112744,3.6
1550,Lenovo Laptop Model 1550,"i7, 16GB RAM, 256GB SSD",13,79823,4.3
1551,Lenovo Laptop Model 1551,"Ryzen 5, 16GB RAM, 256GB SSD",16,126908,4.9
1552,Samsung Smartwatch Model 1552,"SpO2, LCD Display",46,107725,4.1
1553,Xiaomi Laptop Model 1553,"i7, 8GB RAM, 512GB SSD",46,102741,3.0
1554,Acer Laptop Model 1554,"Ryzen 5, 32GB RAM, 1TB SSD",38,143217,3.7
1555,Apple Smartwatch Model 1555,"Heart Rate, LCD Display",13,109982,4.1
1556,Apple Laptop Model 1556,"Ryzen 7, 16GB RAM, 1TB SSD",40,122021,3.9
1557,HP Mobile Model 1557,"64MP Camera, 4000mAh Battery, 5G",37,27549,3.1
1558,OnePlus Smartwatch Model 1558,"GPS, AMOLED Display",37,125952,4.2
1559,HP Laptop Model 1559,"i7, 8GB RAM, 512GB SSD",28,89256,3.2
1560,Samsung Laptop Model 1560,"i7, 32GB RAM, 1TB SSD",17,49654,4.7
1561,Dell Mobile Model 1561,"64MP Camera, 5000mAh Battery, 5G",31,15971,3.8
1562,Samsung Laptop Model 1562,"Ryzen 7, 32GB RAM, 1TB SSD",40,83571,4.7
1563,Samsung Smartwatch Model 1563,"GPS, AMOLED Display",24,52295,4.0
1564,OnePlus Smartwatch Model 1564,"SpO2, AMOLED Display",7,40832,4.0
1565,Asus Smartwatch Model 1565,"GPS, LCD Display",7,123633,4.3
1566,Lenovo Smartwatch Model 1566,"GPS, LCD Display",47,67921,4.5
1567,Lenovo Mobile Model 1567,"50MP Camera, 5000mAh Battery, 5G",21,62379,4.1
1568,Dell Mobile Model 1568,"50MP Camera, 6000mAh Battery, 5G",14,129844,4.5
1569,Acer Laptop Model 1569,"Ryzen 5, 32GB RAM, 512GB SSD",36,100814,4.9
1570,Dell Mobile Model 1570,"64MP Camera, 4000mAh Battery, 5G",21,144422,4.5
1571,Apple Laptop Model 1571,"Ryzen 7, 8GB RAM, 512GB SSD",40,87617,4.2
1572,OnePlus Laptop Model 1572,"Ryzen 5, 8GB RAM, 512GB SSD",23,19922,3.0
1573,Asus Smartwatch Model 1573,"GPS, AMOLED Display",15,96500,4.4
1574,OnePlus Laptop Model 1574,"i7, 16GB RAM, 1TB SSD",8,128856,3.4
1575,Samsung Mobile Model 1575,"64MP Camera, 6000mAh Battery, 5G",26,137398,3.2
1576,Samsung Mobile Model 1576,"50MP Camera, 5000mAh Battery, 5G",15,36704,4.6
1577,Dell Smartwatch Model 1577,"Heart Rate, LCD Display",11,14664,4.5
1578,Dell Mobile Model 1578,"108MP Camera, 5000mAh Battery, 5G",47,102829,3.1
1579,Xiaomi Mobile Model 1579,"108MP Camera, 4000mAh Battery, 5G",40,15655,4.5
1580,Asus Laptop Model 1580,"Ryzen 5, 16GB RAM, 256GB SSD",18,61098,3.4
1581,OnePlus Smartwatch Model 1581,"Heart Rate, AMOLED Display",33,90079,4.5
1582,OnePlus Smartwatch Model 1582,"Heart Rate, AMOLED Display",33,86572,4.9
1583,Sony Mobile Model 1583,"108MP Camera, 4000mAh Battery, 5G",29,103608,4.8
1584,Dell Laptop Model 1584,"i7, 8GB RAM, 1TB SSD",11,103377,3.7
1585,Dell Smartwatch Model 1585,"SpO2, LCD Display",35,101300,3.8
1586,Xiaomi Laptop Model 1586,"Ryzen 7, 32GB RAM, 1TB SSD",40,61044,4.8
1587,Apple Smartwatch Model 1587,"GPS, AMOLED Display",34,78475,4.9
1588,Xiaomi Mobile Model 1588,"108MP Camera, 6000mAh Battery, 5G",37,53329,4.1
1589,Xiaomi Mobile Model 1589,"50MP Camera, 4000mAh Battery, 5G",46,77400,4.1
1590,Sony Smartwatch Model 1590,"Heart Rate, AMOLED Display",22,141853,3.7
1591,Acer Smartwatch Model 1591,"SpO2, LCD Display",16,86271,4.8
1592,OnePlus Mobile Model 1592,"50MP Camera, 6000mAh Battery, 5G",15,19042,4.6
1593,Acer Laptop Model 1593,"i7, 8GB RAM, 1TB SSD",18,56964,3.9
1594,Samsung Laptop Model 1594,"Ryzen 7, 8GB RAM, 256GB SSD",38,134088,4.7
1595,Xiaomi Smartwatch Model 1595,"SpO2, AMOLED Display",15,63941,4.2
1596,HP Smartwatch Model 1596,"SpO2, LCD Display",11,16481,4.9
1597,Acer Smartwatch Model 1597,"Heart Rate, LCD Display",29,14723,3.4
1598,Acer Mobile Model 1598,"50MP Camera, 5000mAh Battery, 5G",36,96971,4.9
1599,Apple Smartwatch Model 1599,"SpO2, AMOLED Display",45,83629,4.8
1600,Lenovo Laptop Model 1600,"i5, 32GB RAM, 256GB SSD",12,68235,3.4
1601,Samsung Laptop Model 1601,"i7, 8GB RAM, 1TB SSD",7,58505,4.4
1602,OnePlus Mobile Model 1602,"108MP Camera, 4000mAh Battery, 5G",43,103971,4.7
1603,Sony Laptop Model 1603,"Ryzen 7, 32GB RAM, 512GB SSD",19,134703,3.2
1604,Asus Smartwatch Model 1604,"Heart Rate, AMOLED Display",23,119782,3.7
1605,Asus Laptop Model 1605,"Ryzen 5, 32GB RAM, 1TB SSD",46,95311,5.0
1606,Dell Smartwatch Model 1606,"Heart Rate, AMOLED Display",22,99619,4.4
1607,Acer Laptop Model 1607,"i5, 32GB RAM, 256GB SSD",7,117322,3.9
1608,Asus Laptop Model 1608,"Ryzen 5, 16GB RAM, 512GB SSD",23,110911,4.0
1609,HP Smartwatch Model 1609,"GPS, LCD Display",36,46996,3.4
1610,HP Laptop Model 1610,"i7, 8GB RAM, 512GB SSD",22,126215,3.3
1611,Sony Smartwatch Model 1611,"GPS, LCD Display",7,49594,4.6
1612,Samsung Laptop Model 1612,"Ryzen 7, 16GB RAM, 256GB SSD",35,32250,4.0
1613,Xiaomi Mobile Model 1613,"50MP Camera, 5000mAh Battery, 5G",47,113584,4.3
1614,OnePlus Mobile Model 1614,"108MP Camera, 5000mAh Battery, 5G",35,12387,3.2
1615,HP Laptop Model 1615,"Ryzen 7, 8GB RAM, 512GB SSD",40,41695,4.1
1616,Sony Smartwatch Model 1616,"GPS, LCD Display",13,49021,4.6
1617,Apple Mobile Model 1617,"64MP Camera, 4000mAh Battery, 5G",13,147780,3.4
1618,Sony Mobile Model 1618,"108MP Camera, 4000mAh Battery, 5G",35,97617,4.3
1619,Dell Mobile Model 1619,"50MP Camera, 5000mAh Battery, 5G",37,12144,4.5
1620,OnePlus Laptop Model 1620,"i5, 32GB RAM, 256GB SSD",31,48475,3.9
1621,Dell Smartwatch Model 1621,"SpO2, LCD Display",35,31200,4.2
1622,Lenovo Mobile Model 1622,"50MP Camera, 5000mAh Battery, 5G",34,77940,3.4
1623,Sony Laptop Model 1623,"Ryzen 7, 16GB RAM, 512GB SSD",9,45015,4.5
1624,Xiaomi Mobile Model 1624,"108MP Camera, 5000mAh Battery, 5G",34,146887,3.2
1625,Asus Laptop Model 1625,"Ryzen 7, 32GB RAM, 1TB SSD",13,110652,3.1
1626,Sony Mobile Model 1626,"50MP Camera, 4000mAh Battery, 5G",42,23238,3.2
1627,Acer Smartwatch Model 1627,"GPS, LCD Display",32,12772,3.6
1628,HP Smartwatch Model 1628,"GPS, LCD Display",7,109432,3.8
1629,Asus Smartwatch Model 1629,"Heart Rate, LCD Display",25,105325,3.4
1630,Dell Laptop Model 1630,"Ryzen 5, 8GB RAM, 1TB SSD",15,28817,4.0
1631,Sony Smartwatch Model 1631,"Heart Rate, LCD Display",33,75618,3.1
1632,Xiaomi Laptop Model 1632,"Ryzen 7, 32GB RAM, 256GB SSD",40,38847,3.7
1633,Samsung Mobile Model 1633,"50MP Camera, 5000mAh Battery, 5G",15,104805,3.7
1634,Lenovo Smartwatch Model 1634,"GPS, LCD Display",46,97120,4.8
1635,Apple Mobile Model 1635,"50MP Camera, 6000mAh Battery, 5G",9,65260,3.3
1636,Samsung Mobile Model 1636,"64MP Camera, 4000mAh Battery, 5G",29,106006,4.2
1637,Acer Mobile Model 1637,"108MP Camera, 4000mAh Battery, 5G",47,90172,4.5
1638,Lenovo Laptop Model 1638,"i7, 8GB RAM, 512GB SSD",46,98840,3.4
1639,HP Laptop Model 1639,"i7, 16GB RAM, 256GB SSD",7,90607,3.4
1640,Xiaomi Smartwatch Model 1640,"SpO2, AMOLED Display",26,128591,4.3
1641,Samsung Laptop Model 1641,"i5, 32GB RAM, 512GB SSD",13,26567,4.4
1642,Xiaomi Laptop Model 1642,"i7, 32GB RAM, 1TB SSD",37,71893,3.6
1643,Dell Smartwatch Model 1643,"Heart Rate, LCD Display",13,13920,4.4
1644,Samsung Laptop Model 1644,"Ryzen 7, 16GB RAM, 1TB SSD",19,138793,4.1
1645,OnePlus Mobile Model 1645,"50MP Camera, 4000mAh Battery, 5G",9,79263,4.3
1646,Dell Laptop Model 1646,"i7, 16GB RAM, 512GB SSD",20,33383,3.4
1647,Acer Mobile Model 1647,"64MP Camera, 4000mAh Battery, 5G",17,11247,4.8
1648,Dell Smartwatch Model 1648,"Heart Rate, AMOLED Display",7,61242,3.4
1649,HP Smartwatch Model 1649,"Heart Rate, AMOLED Display",20,123123,3.5
1650,Sony Mobile Model 1650,"50MP Camera, 5000mAh Battery, 5G",22,63996,3.8
1651,Dell Mobile Model 1651,"64MP Camera, 5000mAh Battery, 5G",5,133167,4.0
1652,HP Mobile Model 1652,"50MP Camera, 4000mAh Battery, 5G",43,98368,4.6
1653,Acer Laptop Model 1653,"Ryzen 7, 16GB RAM, 256GB SSD",10,90709,3.8
1654,Lenovo Mobile Model 1654,"108MP Camera, 6000mAh Battery, 5G",15,31637,4.5
1655,Lenovo Mobile Model 1655,"108MP Camera, 6000mAh Battery, 5G",8,14246,3.9
1656,HP Smartwatch Model 1656,"Heart Rate, LCD Display",24,102564,3.0
1657,Asus Mobile Model 1657,"108MP Camera, 6000mAh Battery, 5G",10,51214,3.3
1658,Samsung Mobile Model 1658,"108MP Camera, 4000mAh Battery, 5G",7,125274,5.0
1659,OnePlus Mobile Model 1659,"50MP Camera, 6000mAh Battery, 5G",21,139426,3.9
1660,Xiaomi Smartwatch Model 1660,"SpO2, LCD Display",41,11517,4.6
1661,Dell Smartwatch Model 1661,"Heart Rate, LCD Display",19,140335,4.3
1662,Acer Laptop Model 1662,"Ryzen 7, 32GB RAM, 1TB SSD",22,27577,3.9
1663,Sony Smartwatch Model 1663,"GPS, AMOLED Display",27,17946,4.1
1664,Sony Laptop Model 1664,"i7, 16GB RAM, 512GB SSD",19,119206,4.8
1665,Apple Mobile Model 1665,"108MP Camera, 6000mAh Battery, 5G",25,100734,3.6
1666,Samsung Mobile Model 1666,"64MP Camera, 5000mAh Battery, 5G",35,35018,4.8
1667,OnePlus Laptop Model 1667,"i5, 16GB RAM, 256GB SSD",19,105680,3.4
1668,Asus Mobile Model 1668,"108MP Camera, 5000mAh Battery, 5G",40,138959,4.2
1669,Samsung Smartwatch Model 1669,"GPS, AMOLED Display",42,39383,5.0
1670,Dell Laptop Model 1670,"Ryzen 5, 32GB RAM, 512GB SSD",13,29492,4.2
1671,Asus Smartwatch Model 1671,"Heart Rate, AMOLED Display",11,94828,4.4
1672,Dell Laptop Model 1672,"i5, 8GB RAM, 1TB SSD",17,32525,4.3
1673,Apple Smartwatch Model 1673,"Heart Rate, AMOLED Display",11,148222,3.7
1674,Sony Mobile Model 1674,"64MP Camera, 6000mAh Battery, 5G",5,5961,3.5
1675,Acer Laptop Model 1675,"i5, 32GB RAM, 512GB SSD",30,86417,3.5
1676,Acer Laptop Model 1676,"Ryzen 5, 32GB RAM, 1TB SSD",13,52983,4.4
1677,HP Laptop Model 1677,"i7, 8GB RAM, 1TB SSD",26,146787,4.8
1678,HP Mobile Model 1678,"50MP Camera, 4000mAh Battery, 5G",19,137876,3.6
1679,OnePlus Mobile Model 1679,"50MP Camera, 4000mAh Battery, 5G",23,125435,4.5
1680,Samsung Smartwatch Model 1680,"GPS, LCD Display",48,86117,4.8
1681,Xiaomi Laptop Model 1681,"i5, 16GB RAM, 256GB SSD",19,128379,3.4
1682,Acer Laptop Model 1682,"Ryzen 5, 16GB RAM, 1TB SSD",32,141177,3.5
1683,Acer Laptop Model 1683,"Ryzen 5, 32GB RAM, 1TB SSD",8,142209,4.5
1684,Asus Smartwatch Model 1684,"GPS, LCD Display",38,36176,3.9
1685,Asus Mobile Model 1685,"108MP Camera, 5000mAh Battery, 5G",23,10273,4.1
1686,Apple Laptop Model 1686,"Ryzen 5, 16GB RAM, 256GB SSD",8,97856,4.9
1687,Lenovo Mobile Model 1687,"108MP Camera, 6000mAh Battery, 5G",23,6252,4.6
1688,Lenovo Mobile Model 1688,"50MP Camera, 6000mAh Battery, 5G",18,81694,4.1
1689,Samsung Smartwatch Model 1689,"SpO2, AMOLED Display",44,66980,4.5
1690,Asus Smartwatch Model 1690,"Heart Rate, LCD Display",22,129779,4.4
1691,Lenovo Laptop Model 1691,"Ryzen 7, 32GB RAM, 256GB SSD",9,18098,4.5
1692,OnePlus Mobile Model 1692,"64MP Camera, 6000mAh Battery, 5G",38,66482,3.4
1693,Asus Smartwatch Model 1693,"GPS, AMOLED Display",36,70302,4.1
1694,Lenovo Mobile Model 1694,"50MP Camera, 5000mAh Battery, 5G",14,116610,3.6
1695,Asus Laptop Model 1695,"Ryzen 7, 8GB RAM, 1TB SSD",29,25725,4.9
1696,Sony Mobile Model 1696,"108MP Camera, 4000mAh Battery, 5G",37,82387,4.3
1697,Dell Mobile Model 1697,"64MP Camera, 6000mAh Battery, 5G",13,86314,3.1
1698,Dell Mobile Model 1698,"50MP Camera, 4000mAh Battery, 5G",38,67287,4.9
1699,Samsung Mobile Model 1699,"64MP Camera, 6000mAh Battery, 5G",18,136528,4.3
1700,Lenovo Mobile Model 1700,"108MP Camera, 4000mAh Battery, 5G",28,123334,4.1
1701,Acer Smartwatch Model 1701,"GPS, LCD Display",39,74085,3.4
1702,Samsung Laptop Model 1702,"Ryzen 7, 16GB RAM, 1TB SSD",34,119740,4.1
1703,Apple Smartwatch Model 1703,"Heart Rate, LCD Display",26,137544,4.1
1704,OnePlus Laptop Model 1704,"i5, 8GB RAM, 256GB SSD",12,38330,3.3
1705,OnePlus Mobile Model 1705,"108MP Camera, 5000mAh Battery, 5G",40,88115,3.4
1706,Sony Mobile Model 1706,"50MP Camera, 5000mAh Battery, 5G",50,13988,4.0
1707,Sony Laptop Model 1707,"i5, 16GB RAM, 512GB SSD",20,5079,3.8
1708,Samsung Laptop Model 1708,"i5, 8GB RAM, 256GB SSD",20,99601,3.0
1709,Samsung Mobile Model 1709,"50MP Camera, 5000mAh Battery, 5G",14,16077,3.2
1710,Sony Laptop Model 1710,"Ryzen 5, 8GB RAM, 512GB SSD",50,102489,3.4
1711,Apple Laptop Model 1711,"i5, 16GB RAM, 256GB SSD",25,87422,4.4
1712,HP Laptop Model 1712,"Ryzen 7, 8GB RAM, 1TB SSD",44,24081,3.1
1713,Xiaomi Laptop Model 1713,"i7, 16GB RAM, 1TB SSD",43,123744,3.2
1714,HP Laptop Model 1714,"Ryzen 7, 32GB RAM, 512GB SSD",33,36520,3.5
1715,Dell Smartwatch Model 1715,"SpO2, LCD Display",50,74474,4.4
1716,Asus Laptop Model 1716,"Ryzen 7, 32GB RAM, 512GB SSD",23,115802,4.3
1717,Xiaomi Smartwatch Model 1717,"Heart Rate, AMOLED Display",9,25521,3.4
1718,Xiaomi Laptop Model 1718,"i5, 8GB RAM, 1TB SSD",30,26755,4.2
1719,Apple Laptop Model 1719,"i7, 32GB RAM, 512GB SSD",12,84840,3.1
1720,Sony Mobile Model 1720,"50MP Camera, 5000mAh Battery, 5G",30,38001,3.8
1721,Dell Laptop Model 1721,"Ryzen 7, 32GB RAM, 512GB SSD",19,123584,3.6
1722,OnePlus Laptop Model 1722,"i7, 32GB RAM, 512GB SSD",37,69931,3.6
1723,Samsung Laptop Model 1723,"Ryzen 5, 32GB RAM, 256GB SSD",45,142098,3.5
1724,Sony Mobile Model 1724,"64MP Camera, 5000mAh Battery, 5G",17,114264,3.3
1725,Acer Laptop Model 1725,"i5, 8GB RAM, 512GB SSD",14,78478,3.8
1726,OnePlus Smartwatch Model 1726,"SpO2, AMOLED Display",33,110228,4.6
1727,OnePlus Smartwatch Model 1727,"GPS, AMOLED Display",34,115246,4.5
1728,Lenovo Mobile Model 1728,"50MP Camera, 5000mAh Battery, 5G",30,34326,4.5
1729,HP Mobile Model 1729,"50MP Camera, 6000mAh Battery, 5G",5,17261,3.8
1730,OnePlus Laptop Model 1730,"Ryzen 7, 8GB RAM, 512GB SSD",18,123659,4.3
1731,Acer Mobile Model 1731,"50MP Camera, 4000mAh Battery, 5G",35,76121,3.8
1732,HP Smartwatch Model 1732,"SpO2, LCD Display",37,28289,4.4
1733,Lenovo Mobile Model 1733,"64MP Camera, 4000mAh Battery, 5G",6,70878,4.0
1734,Xiaomi Laptop Model 1734,"Ryzen 5, 16GB RAM, 512GB SSD",22,21965,3.3
1735,Asus Mobile Model 1735,"50MP Camera, 4000mAh Battery, 5G",33,40422,3.1
1736,Acer Mobile Model 1736,"64MP Camera, 6000mAh Battery, 5G",16,68960,4.6
1737,Asus Mobile Model 1737,"50MP Camera, 5000mAh Battery, 5G",10,126144,4.4
1738,Asus Mobile Model 1738,"64MP Camera, 5000mAh Battery, 5G",32,92265,4.8
1739,Asus Laptop Model 1739,"i5, 16GB RAM, 1TB SSD",18,78101,3.9
1740,Lenovo Smartwatch Model 1740,"Heart Rate, AMOLED Display",34,52128,3.4
1741,OnePlus Laptop Model 1741,"i5, 16GB RAM, 512GB SSD",8,41356,3.5
1742,Xiaomi Mobile Model 1742,"64MP Camera, 4000mAh Battery, 5G",24,64502,4.9
1743,HP Mobile Model 1743,"50MP Camera, 5000mAh Battery, 5G",12,109173,3.8
1744,Asus Laptop Model 1744,"Ryzen 5, 32GB RAM, 256GB SSD",49,99994,4.5
1745,Lenovo Smartwatch Model 1745,"GPS, AMOLED Display",41,90854,4.7
1746,Samsung Smartwatch Model 1746,"SpO2, LCD Display",19,18668,4.4
1747,Xiaomi Mobile Model 1747,"50MP Camera, 6000mAh Battery, 5G",16,72725,3.9
1748,Lenovo Mobile Model 1748,"108MP Camera, 6000mAh Battery, 5G",13,13018,4.1
1749,Apple Mobile Model 1749,"108MP Camera, 6000mAh Battery, 5G",13,50576,4.8
1750,Dell Laptop Model 1750,"i7, 16GB RAM, 512GB SSD",27,15020,3.9
1751,HP Smartwatch Model 1751,"GPS, LCD Display",36,111299,4.3
1752,HP Mobile Model 1752,"108MP Camera, 5000mAh Battery, 5G",18,134129,5.0
1753,Samsung Laptop Model 1753,"i7, 16GB RAM, 512GB SSD",17,72090,4.7
1754,Dell Smartwatch Model 1754,"Heart Rate, LCD Display",25,119167,3.5
1755,Dell Smartwatch Model 1755,"SpO2, LCD Display",28,126115,4.6
1756,Sony Smartwatch Model 1756,"Heart Rate, LCD Display",16,44086,3.4
1757,Xiaomi Mobile Model 1757,"50MP Camera, 5000mAh Battery, 5G",10,40778,4.6
1758,Dell Laptop Model 1758,"Ryzen 5, 16GB RAM, 512GB SSD",22,119489,3.8
1759,Dell Mobile Model 1759,"64MP Camera, 4000mAh Battery, 5G",44,35995,3.9
1760,Sony Mobile Model 1760,"108MP Camera, 6000mAh Battery, 5G",5,86677,3.3
1761,OnePlus Smartwatch Model 1761,"Heart Rate, AMOLED Display",23,96953,4.0
1762,Lenovo Laptop Model 1762,"i5, 8GB RAM, 256GB SSD",36,23484,4.3
1763,Lenovo Mobile Model 1763,"64MP Camera, 6000mAh Battery, 5G",28,133035,4.2
1764,Dell Smartwatch Model 1764,"SpO2, LCD Display",41,106003,3.8
1765,Samsung Laptop Model 1765,"Ryzen 7, 16GB RAM, 1TB SSD",34,117316,4.9
1766,Samsung Laptop Model 1766,"Ryzen 7, 32GB RAM, 512GB SSD",43,38442,3.3
1767,Xiaomi Smartwatch Model 1767,"GPS, LCD Display",34,57525,3.1
1768,OnePlus Mobile Model 1768,"50MP Camera, 5000mAh Battery, 5G",30,62309,4.0
1769,Dell Mobile Model 1769,"50MP Camera, 6000mAh Battery, 5G",30,39366,3.9
1770,Apple Mobile Model 1770,"64MP Camera, 6000mAh Battery, 5G",40,36669,4.7
1771,Samsung Smartwatch Model 1771,"SpO2, AMOLED Display",8,95115,4.6
1772,Apple Laptop Model 1772,"i7, 8GB RAM, 1TB SSD",47,149620,4.6
1773,Sony Mobile Model 1773,"64MP Camera, 6000mAh Battery, 5G",14,117238,4.9
1774,Apple Mobile Model 1774,"64MP Camera, 5000mAh Battery, 5G",5,11317,3.0
1775,Dell Mobile Model 1775,"64MP Camera, 4000mAh Battery, 5G",14,147056,3.6
1776,Asus Mobile Model 1776,"108MP Camera, 6000mAh Battery, 5G",35,19643,3.0
1777,Asus Laptop Model 1777,"i5, 32GB RAM, 1TB SSD",11,149190,5.0
1778,Sony Smartwatch Model 1778,"Heart Rate, LCD Display",7,95986,3.6
1779,HP Laptop Model 1779,"i5, 8GB RAM, 1TB SSD",24,93450,3.9
1780,Sony Laptop Model 1780,"i7, 8GB RAM, 1TB SSD",29,132077,3.3
1781,HP Mobile Model 1781,"108MP Camera, 6000mAh Battery, 5G",43,33577,4.1
1782,Lenovo Mobile Model 1782,"64MP Camera, 5000mAh Battery, 5G",35,110906,3.3
1783,HP Mobile Model 1783,"64MP Camera, 5000mAh Battery, 5G",25,139140,4.3
1784,Sony Laptop Model 1784,"Ryzen 5, 32GB RAM, 1TB SSD",26,126271,4.6
1785,Samsung Smartwatch Model 1785,"SpO2, AMOLED Display",28,50749,3.6
1786,OnePlus Laptop Model 1786,"Ryzen 7, 16GB RAM, 256GB SSD",36,61582,4.2
1787,Dell Smartwatch Model 1787,"Heart Rate, AMOLED Display",34,89579,3.2
1788,Dell Mobile Model 1788,"64MP Camera, 4000mAh Battery, 5G",40,112901,4.9
1789,Sony Laptop Model 1789,"Ryzen 7, 16GB RAM, 1TB SSD",43,104314,3.7
1790,Acer Laptop Model 1790,"i5, 8GB RAM, 256GB SSD",37,117615,3.5
1791,Xiaomi Mobile Model 1791,"108MP Camera, 4000mAh Battery, 5G",41,97523,4.0
1792,HP Mobile Model 1792,"108MP Camera, 5000mAh Battery, 5G",27,107071,3.5
1793,Dell Smartwatch Model 1793,"GPS, LCD Display",44,51965,3.2
1794,Samsung Smartwatch Model 1794,"Heart Rate, LCD Display",35,129723,4.2
1795,Asus Laptop Model 1795,"i5, 32GB RAM, 1TB SSD",42,90841,4.5
1796,Lenovo Laptop Model 1796,"i5, 16GB RAM, 1TB SSD",29,21100,4.3
1797,OnePlus Mobile Model 1797,"64MP Camera, 4000mAh Battery, 5G",39,13194,4.3
1798,OnePlus Laptop Model 1798,"Ryzen 7, 8GB RAM, 1TB SSD",18,122728,5.0
1799,Sony Laptop Model 1799,"i5, 16GB RAM, 1TB SSD",9,106952,3.8
1800,Lenovo Laptop Model 1800,"i7, 8GB RAM, 512GB SSD",5,93805,3.2
1801,Lenovo Mobile Model 1801,"64MP Camera, 5000mAh Battery, 5G",20,31937,4.2
1802,Sony Smartwatch Model 1802,"SpO2, AMOLED Display",39,40785,3.1
1803,Acer Laptop Model 1803,"Ryzen 5, 32GB RAM, 1TB SSD",33,55687,5.0
1804,Xiaomi Laptop Model 1804,"i7, 8GB RAM, 512GB SSD",29,133431,3.5
1805,Apple Laptop Model 1805,"i7, 8GB RAM, 1TB SSD",28,25905,4.1
1806,Apple Smartwatch Model 1806,"Heart Rate, LCD Display",17,112332,3.9
1807,HP Mobile Model 1807,"64MP Camera, 5000mAh Battery, 5G",40,43894,3.2
1808,Sony Laptop Model 1808,"i7, 32GB RAM, 512GB SSD",48,86507,4.6
1809,HP Smartwatch Model 1809,"Heart Rate, LCD Display",47,7605,3.9
1810,Xiaomi Laptop Model 1810,"Ryzen 5, 8GB RAM, 1TB SSD",43,104309,3.2
1811,Xiaomi Smartwatch Model 1811,"GPS, LCD Display",18,46224,4.1
1812,Lenovo Mobile Model 1812,"50MP Camera, 4000mAh Battery, 5G",42,71967,3.8
1813,Dell Laptop Model 1813,"i5, 8GB RAM, 1TB SSD",36,148705,3.2
1814,Acer Mobile Model 1814,"64MP Camera, 6000mAh Battery, 5G",7,112969,4.9
1815,HP Mobile Model 1815,"50MP Camera, 4000mAh Battery, 5G",15,9571,4.1
1816,Dell Smartwatch Model 1816,"SpO2, AMOLED Display",18,33117,3.2
1817,Apple Smartwatch Model 1817,"GPS, AMOLED Display",15,141993,3.8
1818,HP Smartwatch Model 1818,"Heart Rate, AMOLED Display",31,95408,4.7
1819,Acer Laptop Model 1819,"Ryzen 5, 16GB RAM, 256GB SSD",9,124539,4.6
1820,Asus Smartwatch Model 1820,"GPS, AMOLED Display",23,86138,3.0
1821,Samsung Mobile Model 1821,"50MP Camera, 5000mAh Battery, 5G",38,146051,3.9
1822,Acer Laptop Model 1822,"Ryzen 5, 8GB RAM, 256GB SSD",15,55362,4.6
1823,Asus Mobile Model 1823,"64MP Camera, 5000mAh Battery, 5G",42,26419,4.9
1824,Asus Smartwatch Model 1824,"GPS, LCD Display",9,66674,4.7
1825,HP Smartwatch Model 1825,"GPS, LCD Display",38,132748,3.2
1826,Dell Laptop Model 1826,"Ryzen 7, 16GB RAM, 1TB SSD",10,138553,4.7
1827,Xiaomi Laptop Model 1827,"Ryzen 5, 8GB RAM, 1TB SSD",28,121233,4.8
1828,Dell Mobile Model 1828,"50MP Camera, 6000mAh Battery, 5G",39,50618,3.9
1829,Lenovo Laptop Model 1829,"i7, 8GB RAM, 512GB SSD",49,29642,3.7
1830,Apple Smartwatch Model 1830,"Heart Rate, LCD Display",5,126487,4.6
1831,OnePlus Smartwatch Model 1831,"SpO2, AMOLED Display",29,122892,3.4
1832,Dell Mobile Model 1832,"108MP Camera, 5000mAh Battery, 5G",22,72909,4.3
1833,Samsung Smartwatch Model 1833,"GPS, LCD Display",41,81730,4.1
1834,Acer Smartwatch Model 1834,"Heart Rate, LCD Display",16,146059,4.4
1835,Lenovo Smartwatch Model 1835,"GPS, LCD Display",26,100084,4.1
1836,Lenovo Laptop Model 1836,"i5, 32GB RAM, 512GB SSD",50,133498,4.3
1837,Acer Laptop Model 1837,"i5, 16GB RAM, 1TB SSD",8,64992,3.8
1838,Acer Laptop Model 1838,"i7, 32GB RAM, 256GB SSD",42,15018,3.4
1839,Acer Mobile Model 1839,"108MP Camera, 4000mAh Battery, 5G",32,22245,4.9
1840,OnePlus Mobile Model 1840,"64MP Camera, 5000mAh Battery, 5G",47,31247,5.0
1841,Xiaomi Smartwatch Model 1841,"GPS, LCD Display",40,76785,3.7
1842,OnePlus Laptop Model 1842,"i5, 8GB RAM, 256GB SSD",35,34635,3.7
1843,Sony Laptop Model 1843,"Ryzen 5, 16GB RAM, 1TB SSD",39,8690,4.1
1844,Samsung Laptop Model 1844,"i7, 32GB RAM, 512GB SSD",28,112649,4.4
1845,Samsung Mobile Model 1845,"50MP Camera, 4000mAh Battery, 5G",50,6163,4.9
1846,Dell Smartwatch Model 1846,"GPS, LCD Display",9,137986,4.6
1847,Dell Mobile Model 1847,"64MP Camera, 4000mAh Battery, 5G",10,62307,3.4
1848,Samsung Laptop Model 1848,"Ryzen 5, 8GB RAM, 256GB SSD",9,98329,3.8
1849,Sony Laptop Model 1849,"i7, 32GB RAM, 1TB SSD",14,49186,3.7
1850,Sony Mobile Model 1850,"64MP Camera, 6000mAh Battery, 5G",47,120036,3.9
1851,HP Smartwatch Model 1851,"SpO2, AMOLED Display",8,134701,4.0
1852,Apple Smartwatch Model 1852,"Heart Rate, LCD Display",38,21554,4.5
1853,Samsung Mobile Model 1853,"64MP Camera, 4000mAh Battery, 5G",29,27812,4.5
1854,Xiaomi Laptop Model 1854,"Ryzen 7, 32GB RAM, 256GB SSD",50,98721,4.0
1855,Dell Mobile Model 1855,"50MP Camera, 5000mAh Battery, 5G",7,71970,3.1
1856,Xiaomi Mobile Model 1856,"50MP Camera, 6000mAh Battery, 5G",30,69375,4.3
1857,Apple Laptop Model 1857,"Ryzen 7, 32GB RAM, 512GB SSD",37,109580,4.6
1858,Dell Smartwatch Model 1858,"GPS, LCD Display",22,5062,3.5
1859,Dell Mobile Model 1859,"50MP Camera, 4000mAh Battery, 5G",19,134004,3.8
1860,Apple Smartwatch Model 1860,"Heart Rate, AMOLED Display",14,54853,4.3
1861,Xiaomi Mobile Model 1861,"50MP Camera, 4000mAh Battery, 5G",23,89207,3.5
1862,Lenovo Smartwatch Model 1862,"Heart Rate, LCD Display",25,32035,4.2
1863,Sony Mobile Model 1863,"64MP Camera, 6000mAh Battery, 5G",25,52977,4.6
1864,Apple Laptop Model 1864,"Ryzen 7, 16GB RAM, 256GB SSD",34,74860,3.2
1865,Acer Mobile Model 1865,"108MP Camera, 6000mAh Battery, 5G",24,145680,3.7
1866,Acer Mobile Model 1866,"50MP Camera, 6000mAh Battery, 5G",37,142317,4.1
1867,Samsung Smartwatch Model 1867,"GPS, LCD Display",31,99670,4.4
1868,Apple Mobile Model 1868,"50MP Camera, 6000mAh Battery, 5G",28,110939,4.4
1869,Dell Laptop Model 1869,"Ryzen 5, 32GB RAM, 1TB SSD",39,145575,4.0
1870,Sony Laptop Model 1870,"Ryzen 7, 16GB RAM, 1TB SSD",19,100172,3.2
1871,HP Smartwatch Model 1871,"Heart Rate, AMOLED Display",28,142716,3.6
1872,Sony Mobile Model 1872,"108MP Camera, 4000mAh Battery, 5G",22,118046,4.2
1873,Dell Laptop Model 1873,"i7, 8GB RAM, 256GB SSD",24,102918,3.8
1874,Lenovo Laptop Model 1874,"Ryzen 7, 32GB RAM, 512GB SSD",18,148139,3.4
1875,Apple Smartwatch Model 1875,"Heart Rate, AMOLED Display",7,81314,3.8
1876,HP Laptop Model 1876,"i7, 32GB RAM, 256GB SSD",16,140452,4.0
1877,HP Smartwatch Model 1877,"Heart Rate, LCD Display",22,109319,3.0
1878,Acer Smartwatch Model 1878,"SpO2, AMOLED Display",45,109531,4.0
1879,Lenovo Mobile Model 1879,"50MP Camera, 5000mAh Battery, 5G",9,123882,3.2
1880,OnePlus Mobile Model 1880,"64MP Camera, 5000mAh Battery, 5G",47,56417,4.5
1881,Dell Mobile Model 1881,"108MP Camera, 4000mAh Battery, 5G",19,15780,3.4
1882,Lenovo Mobile Model 1882,"64MP Camera, 6000mAh Battery, 5G",13,116934,4.9
1883,OnePlus Mobile Model 1883,"50MP Camera, 4000mAh Battery, 5G",8,29067,4.2
1884,Asus Smartwatch Model 1884,"SpO2, LCD Display",31,25935,4.2
1885,HP Smartwatch Model 1885,"Heart Rate, LCD Display",33,112035,3.4
1886,Xiaomi Smartwatch Model 1886,"Heart Rate, AMOLED Display",19,8647,4.5
1887,Dell Laptop Model 1887,"Ryzen 5, 8GB RAM, 1TB SSD",32,99478,3.6
1888,Acer Smartwatch Model 1888,"GPS, AMOLED Display",29,74540,4.2
1889,Apple Smartwatch Model 1889,"Heart Rate, LCD Display",18,122687,3.3
1890,Apple Laptop Model 1890,"Ryzen 5, 8GB RAM, 1TB SSD",24,48539,3.1
1891,OnePlus Smartwatch Model 1891,"SpO2, LCD Display",31,38730,4.3
1892,Lenovo Mobile Model 1892,"108MP Camera, 5000mAh Battery, 5G",25,107753,3.4
1893,Asus Mobile Model 1893,"50MP Camera, 6000mAh Battery, 5G",40,129149,4.3
1894,Samsung Smartwatch Model 1894,"Heart Rate, AMOLED Display",7,103677,3.4
1895,Apple Smartwatch Model 1895,"SpO2, AMOLED Display",7,21340,4.6
1896,Samsung Laptop Model 1896,"i7, 32GB RAM, 256GB SSD",35,138118,3.1
1897,Apple Mobile Model 1897,"64MP Camera, 5000mAh Battery, 5G",45,88783,5.0
1898,HP Smartwatch Model 1898,"Heart Rate, LCD Display",35,131452,3.5
1899,Xiaomi Laptop Model 1899,"Ryzen 5, 8GB RAM, 512GB SSD",27,25045,3.6
1900,Acer Mobile Model 1900,"64MP Camera, 4000mAh Battery, 5G",31,67889,3.6
1901,HP Smartwatch Model 1901,"GPS, LCD Display",13,36776,4.8
1902,Xiaomi Smartwatch Model 1902,"Heart Rate, AMOLED Display",19,8296,4.6
1903,OnePlus Smartwatch Model 1903,"GPS, AMOLED Display",10,143631,4.3
1904,Acer Smartwatch Model 1904,"GPS, LCD Display",36,144616,3.3
1905,Sony Mobile Model 1905,"108MP Camera, 6000mAh Battery, 5G",8,132566,5.0
1906,OnePlus Mobile Model 1906,"108MP Camera, 4000mAh Battery, 5G",29,83074,3.5
1907,Asus Smartwatch Model 1907,"SpO2, LCD Display",7,26313,4.7
1908,HP Smartwatch Model 1908,"GPS, AMOLED Display",26,106216,3.4
1909,Dell Smartwatch Model 1909,"SpO2, LCD Display",45,69889,3.6
1910,Acer Smartwatch Model 1910,"GPS, LCD Display",11,27647,3.5
1911,Xiaomi Smartwatch Model 1911,"GPS, AMOLED Display",27,124024,3.5
1912,Lenovo Mobile Model 1912,"64MP Camera, 4000mAh Battery, 5G",10,149731,4.6
1913,HP Laptop Model 1913,"Ryzen 5, 8GB RAM, 512GB SSD",45,76840,4.9
1914,Samsung Laptop Model 1914,"Ryzen 5, 16GB RAM, 1TB SSD",12,142815,4.8
1915,HP Smartwatch Model 1915,"GPS, AMOLED Display",5,17328,3.4
1916,HP Smartwatch Model 1916,"SpO2, AMOLED Display",13,54071,3.8
1917,Samsung Laptop Model 1917,"i7, 8GB RAM, 512GB SSD",17,134724,3.5
1918,Asus Laptop Model 1918,"Ryzen 7, 8GB RAM, 512GB SSD",23,110961,4.2
1919,HP Smartwatch Model 1919,"SpO2, AMOLED Display",24,141217,3.5
1920,Sony Mobile Model 1920,"64MP Camera, 6000mAh Battery, 5G",5,95459,3.9
1921,Dell Laptop Model 1921,"Ryzen 5, 32GB RAM, 512GB SSD",37,84389,3.8
1922,HP Laptop Model 1922,"i7, 32GB RAM, 512GB SSD",31,26849,4.5
1923,Dell Laptop Model 1923,"Ryzen 7, 8GB RAM, 256GB SSD",42,38725,3.4
1924,HP Mobile Model 1924,"50MP Camera, 6000mAh Battery, 5G",35,111156,4.7
1925,Asus Laptop Model 1925,"Ryzen 5, 8GB RAM, 512GB SSD",39,40448,3.8
1926,Xiaomi Mobile Model 1926,"108MP Camera, 5000mAh Battery, 5G",14,21653,3.2
1927,Sony Smartwatch Model 1927,"SpO2, LCD Display",30,34099,4.7
1928,Lenovo Smartwatch Model 1928,"SpO2, LCD Display",30,86406,3.4
1929,HP Laptop Model 1929,"i5, 16GB RAM, 256GB SSD",39,128364,4.3
1930,Acer Laptop Model 1930,"Ryzen 5, 8GB RAM, 512GB SSD",24,81570,4.2
1931,Apple Mobile Model 1931,"64MP Camera, 6000mAh Battery, 5G",6,139916,5.0
1932,Samsung Laptop Model 1932,"Ryzen 7, 32GB RAM, 1TB SSD",39,101678,3.9
1933,Lenovo Laptop Model 1933,"i7, 32GB RAM, 1TB SSD",30,58273,4.2
1934,Lenovo Mobile Model 1934,"108MP Camera, 5000mAh Battery, 5G",20,118080,3.8
1935,Samsung Mobile Model 1935,"64MP Camera, 6000mAh Battery, 5G",11,65900,4.9
1936,HP Laptop Model 1936,"Ryzen 5, 32GB RAM, 512GB SSD",23,10138,3.5
1937,Sony Laptop Model 1937,"i5, 16GB RAM, 256GB SSD",21,135864,4.9
1938,Sony Mobile Model 1938,"50MP Camera, 6000mAh Battery, 5G",16,19508,3.3
1939,Asus Laptop Model 1939,"i5, 8GB RAM, 512GB SSD",45,107229,4.3
1940,Lenovo Mobile Model 1940,"50MP Camera, 5000mAh Battery, 5G",28,68344,4.1
1941,Lenovo Smartwatch Model 1941,"SpO2, AMOLED Display",10,31048,4.1
1942,Samsung Laptop Model 1942,"Ryzen 7, 32GB RAM, 1TB SSD",25,49582,4.0
1943,Dell Smartwatch Model 1943,"GPS, LCD Display",45,122037,3.9
1944,Xiaomi Smartwatch Model 1944,"GPS, AMOLED Display",13,19690,3.4
1945,HP Laptop Model 1945,"i5, 8GB RAM, 256GB SSD",23,20391,4.7
1946,Lenovo Smartwatch Model 1946,"GPS, LCD Display",13,114137,4.2
1947,Apple Mobile Model 1947,"50MP Camera, 6000mAh Battery, 5G",45,25723,4.1
1948,OnePlus Mobile Model 1948,"108MP Camera, 6000mAh Battery, 5G",33,92359,4.1
1949,Xiaomi Laptop Model 1949,"i7, 16GB RAM, 256GB SSD",10,84215,4.5
1950,Apple Laptop Model 1950,"i7, 8GB RAM, 256GB SSD",33,50499,3.3
1951,Acer Mobile Model 1951,"64MP Camera, 5000mAh Battery, 5G",24,126682,3.4
1952,Samsung Mobile Model 1952,"108MP Camera, 4000mAh Battery, 5G",32,72394,4.4
1953,Apple Laptop Model 1953,"Ryzen 7, 8GB RAM, 1TB SSD",30,29875,4.6
1954,Lenovo Smartwatch Model 1954,"SpO2, AMOLED Display",14,78540,4.4
1955,Acer Smartwatch Model 1955,"GPS, LCD Display",21,63078,5.0
1956,Apple Smartwatch Model 1956,"GPS, AMOLED Display",21,47134,3.2
1957,Samsung Mobile Model 1957,"108MP Camera, 5000mAh Battery, 5G",35,117801,4.3
1958,Asus Laptop Model 1958,"i7, 16GB RAM, 256GB SSD",29,120167,4.0
1959,Asus Mobile Model 1959,"108MP Camera, 5000mAh Battery, 5G",19,103412,3.4
1960,HP Smartwatch Model 1960,"Heart Rate, AMOLED Display",14,140013,4.1
1961,Sony Mobile Model 1961,"108MP Camera, 4000mAh Battery, 5G",18,97918,4.8
1962,Lenovo Mobile Model 1962,"108MP Camera, 4000mAh Battery, 5G",22,50521,3.2
1963,Xiaomi Laptop Model 1963,"i5, 16GB RAM, 256GB SSD",14,39829,3.7
1964,Xiaomi Laptop Model 1964,"Ryzen 5, 16GB RAM, 512GB SSD",48,20222,4.2
1965,Asus Mobile Model 1965,"108MP Camera, 5000mAh Battery, 5G",25,115155,4.9
1966,Xiaomi Mobile Model 1966,"64MP Camera, 4000mAh Battery, 5G",22,104517,3.1
1967,HP Mobile Model 1967,"64MP Camera, 4000mAh Battery, 5G",10,40189,3.9
1968,Sony Laptop Model 1968,"Ryzen 7, 8GB RAM, 1TB SSD",20,130361,4.3
1969,Acer Smartwatch Model 1969,"GPS, AMOLED Display",15,17814,3.6
1970,Sony Mobile Model 1970,"108MP Camera, 4000mAh Battery, 5G",7,20516,3.8
1971,Xiaomi Smartwatch Model 1971,"GPS, LCD Display",22,120249,3.6
1972,HP Mobile Model 1972,"50MP Camera, 5000mAh Battery, 5G",43,74810,3.5
1973,Acer Smartwatch Model 1973,"GPS, AMOLED Display",43,80669,4.4
1974,Samsung Laptop Model 1974,"i7, 32GB RAM, 256GB SSD",5,119588,4.5
1975,Lenovo Laptop Model 1975,"Ryzen 7, 32GB RAM, 256GB SSD",6,132442,4.4
1976,Asus Mobile Model 1976,"64MP Camera, 4000mAh Battery, 5G",41,30406,3.5
1977,Apple Laptop Model 1977,"i5, 8GB RAM, 1TB SSD",17,55223,4.7
1978,HP Mobile Model 1978,"50MP Camera, 4000mAh Battery, 5G",47,43626,4.4
1979,Lenovo Mobile Model 1979,"64MP Camera, 5000mAh Battery, 5G",49,114451,4.6
1980,Sony Mobile Model 1980,"108MP Camera, 6000mAh Battery, 5G",30,69515,3.1
1981,HP Laptop Model 1981,"Ryzen 5, 16GB RAM, 1TB SSD",31,89921,3.5
1982,Xiaomi Mobile Model 1982,"64MP Camera, 6000mAh Battery, 5G",47,90465,3.0
1983,Apple Smartwatch Model 1983,"Heart Rate, AMOLED Display",26,146731,4.2
1984,HP Smartwatch Model 1984,"SpO2, LCD Display",6,16072,3.7
1985,Sony Laptop Model 1985,"Ryzen 7, 32GB RAM, 1TB SSD",44,135933,3.7
1986,HP Smartwatch Model 1986,"GPS, LCD Display",34,142989,4.0
1987,Lenovo Mobile Model 1987,"108MP Camera, 5000mAh Battery, 5G",41,38787,3.7
1988,Dell Smartwatch Model 1988,"Heart Rate, LCD Display",8,39987,4.3
1989,Asus Smartwatch Model 1989,"GPS, LCD Display",13,11883,4.7
1990,Samsung Laptop Model 1990,"Ryzen 7, 8GB RAM, 256GB SSD",5,38411,3.6
1991,Acer Mobile Model 1991,"64MP Camera, 5000mAh Battery, 5G",50,64741,4.8
1992,Sony Smartwatch Model 1992,"GPS, AMOLED Display",8,50747,4.9
1993,Xiaomi Mobile Model 1993,"64MP Camera, 6000mAh Battery, 5G",50,132575,4.3
1994,Apple Mobile Model 1994,"64MP Camera, 5000mAh Battery, 5G",20,75134,4.7
1995,Dell Mobile Model 1995,"108MP Camera, 5000mAh Battery, 5G",50,129085,3.7
1996,Apple Mobile Model 1996,"64MP Camera, 5000mAh Battery, 5G",24,120059,4.9
1997,Samsung Laptop Model 1997,"i5, 16GB RAM, 512GB SSD",17,22093,3.6
1998,Sony Mobile Model 1998,"64MP Camera, 6000mAh Battery, 5G",19,41138,4.3
1999,Acer Mobile Model 1999,"108MP Camera, 4000mAh Battery, 5G",34,74214,4.5
2000,Asus Laptop Model 2000,"Ryzen 7, 32GB RAM, 256GB SSD",36,130137,3.4
2001,OnePlus Laptop Model 2001,"i5, 8GB RAM, 512GB SSD",11,58490,4.9
2002,Samsung Laptop Model 2002,"i5, 8GB RAM, 256GB SSD",30,119663,3.8
2003,HP Smartwatch Model 2003,"Heart Rate, AMOLED Display",15,19023,4.8
2004,Asus Laptop Model 2004,"Ryzen 5, 8GB RAM, 512GB SSD",31,108239,3.4
2005,HP Mobile Model 2005,"108MP Camera, 6000mAh Battery, 5G",33,48010,4.5
2006,Asus Smartwatch Model 2006,"GPS, AMOLED Display",22,72066,3.9
2007,Lenovo Laptop Model 2007,"i5, 8GB RAM, 512GB SSD",37,57178,4.7
2008,Dell Smartwatch Model 2008,"SpO2, AMOLED Display",25,91482,4.6
2009,Lenovo Smartwatch Model 2009,"GPS, LCD Display",37,53880,4.7
2010,OnePlus Mobile Model 2010,"64MP Camera, 4000mAh Battery, 5G",29,59148,4.3
2011,Asus Mobile Model 2011,"50MP Camera, 6000mAh Battery, 5G",36,124215,3.7
2012,HP Smartwatch Model 2012,"SpO2, AMOLED Display",6,65505,3.4
2013,OnePlus Mobile Model 2013,"64MP Camera, 5000mAh Battery, 5G",39,124041,3.2
2014,Dell Laptop Model 2014,"i5, 32GB RAM, 1TB SSD",33,17395,3.0
2015,OnePlus Smartwatch Model 2015,"Heart Rate, AMOLED Display",26,133382,3.6
2016,Xiaomi Laptop Model 2016,"i7, 8GB RAM, 1TB SSD",11,132004,4.7
2017,OnePlus Smartwatch Model 2017,"GPS, AMOLED Display",44,130307,3.7
2018,Lenovo Smartwatch Model 2018,"GPS, LCD Display",34,43132,3.5
2019,Samsung Laptop Model 2019,"i5, 32GB RAM, 512GB SSD",18,121418,4.5
2020,Lenovo Laptop Model 2020,"i7, 8GB RAM, 256GB SSD",42,110914,4.3
2021,Xiaomi Laptop Model 2021,"Ryzen 7, 32GB RAM, 512GB SSD",42,19398,4.0
2022,Dell Smartwatch Model 2022,"Heart Rate, LCD Display",14,132498,5.0
2023,Dell Mobile Model 2023,"108MP Camera, 4000mAh Battery, 5G",8,137751,4.2
2024,Samsung Laptop Model 2024,"Ryzen 5, 8GB RAM, 1TB SSD",41,99629,3.9
2025,HP Smartwatch Model 2025,"SpO2, LCD Display",18,51758,3.6
2026,Apple Smartwatch Model 2026,"GPS, LCD Display",7,13286,3.9
2027,HP Laptop Model 2027,"Ryzen 5, 32GB RAM, 1TB SSD",11,37717,3.6
2028,Samsung Smartwatch Model 2028,"GPS, LCD Display",32,147018,3.7
2029,Xiaomi Mobile Model 2029,"108MP Camera, 6000mAh Battery, 5G",18,110297,4.7
2030,Asus Laptop Model 2030,"i5, 8GB RAM, 256GB SSD",26,146523,4.5
2031,Dell Smartwatch Model 2031,"GPS, AMOLED Display",37,102977,3.9
2032,Acer Laptop Model 2032,"Ryzen 5, 8GB RAM, 256GB SSD",6,88952,4.5
2033,Acer Laptop Model 2033,"i5, 8GB RAM, 256GB SSD",5,50560,4.7
2034,Sony Smartwatch Model 2034,"Heart Rate, LCD Display",41,61022,4.0
2035,OnePlus Laptop Model 2035,"Ryzen 7, 16GB RAM, 512GB SSD",26,73194,4.5
2036,Asus Laptop Model 2036,"i7, 32GB RAM, 1TB SSD",44,106998,4.8
2037,Apple Laptop Model 2037,"Ryzen 5, 8GB RAM, 1TB SSD",8,91538,3.4
2038,Asus Mobile Model 2038,"50MP Camera, 5000mAh Battery, 5G",47,82293,4.4
2039,Apple Mobile Model 2039,"108MP Camera, 5000mAh Battery, 5G",40,91405,3.3
2040,Sony Smartwatch Model 2040,"SpO2, AMOLED Display",37,82579,3.9
2041,OnePlus Laptop Model 2041,"i7, 8GB RAM, 1TB SSD",23,67922,5.0
2042,Dell Laptop Model 2042,"Ryzen 7, 16GB RAM, 1TB SSD",11,45240,3.9
2043,Samsung Smartwatch Model 2043,"SpO2, LCD Display",50,57414,4.7
2044,Asus Mobile Model 2044,"64MP Camera, 6000mAh Battery, 5G",27,98091,3.2
2045,Asus Smartwatch Model 2045,"Heart Rate, AMOLED Display",11,103693,3.5
2046,Asus Smartwatch Model 2046,"GPS, AMOLED Display",18,112415,3.7
2047,Asus Laptop Model 2047,"i5, 32GB RAM, 1TB SSD",33,75793,3.5
2048,OnePlus Laptop Model 2048,"i7, 32GB RAM, 1TB SSD",41,12589,4.9
2049,Samsung Mobile Model 2049,"50MP Camera, 4000mAh Battery, 5G",6,35581,3.9
2050,Asus Smartwatch Model 2050,"SpO2, AMOLED Display",45,133092,4.4
2051,Lenovo Mobile Model 2051,"64MP Camera, 4000mAh Battery, 5G",23,117257,4.9
2052,Dell Mobile Model 2052,"50MP Camera, 4000mAh Battery, 5G",7,25716,4.7
2053,OnePlus Mobile Model 2053,"108MP Camera, 4000mAh Battery, 5G",45,15723,3.6
2054,Acer Smartwatch Model 2054,"Heart Rate, LCD Display",41,31077,3.2
2055,Sony Smartwatch Model 2055,"GPS, LCD Display",28,28358,4.3
2056,Samsung Laptop Model 2056,"Ryzen 5, 16GB RAM, 1TB SSD",26,34399,3.6
2057,Samsung Laptop Model 2057,"Ryzen 5, 32GB RAM, 1TB SSD",43,43174,4.4
2058,Xiaomi Smartwatch Model 2058,"Heart Rate, AMOLED Display",5,47138,3.1
2059,Samsung Mobile Model 2059,"108MP Camera, 5000mAh Battery, 5G",6,17302,3.3
2060,Samsung Smartwatch Model 2060,"GPS, AMOLED Display",13,128159,3.1
2061,Lenovo Mobile Model 2061,"50MP Camera, 6000mAh Battery, 5G",10,148620,3.0
2062,Samsung Smartwatch Model 2062,"SpO2, LCD Display",25,140330,4.1
2063,HP Smartwatch Model 2063,"SpO2, LCD Display",18,61478,5.0
2064,Acer Mobile Model 2064,"50MP Camera, 5000mAh Battery, 5G",28,7851,4.5
2065,Sony Laptop Model 2065,"Ryzen 5, 8GB RAM, 512GB SSD",49,89476,4.5
2066,Acer Mobile Model 2066,"50MP Camera, 5000mAh Battery, 5G",5,48390,3.2
2067,Asus Smartwatch Model 2067,"GPS, AMOLED Display",37,25905,3.5
2068,HP Laptop Model 2068,"i5, 16GB RAM, 512GB SSD",45,20471,4.5
2069,Sony Smartwatch Model 2069,"GPS, AMOLED Display",41,65022,4.6
2070,Sony Mobile Model 2070,"108MP Camera, 5000mAh Battery, 5G",21,62523,3.5
2071,Dell Mobile Model 2071,"64MP Camera, 4000mAh Battery, 5G",20,149102,4.6
2072,Samsung Mobile Model 2072,"108MP Camera, 6000mAh Battery, 5G",14,66639,4.6
2073,Acer Laptop Model 2073,"i7, 8GB RAM, 1TB SSD",33,33461,3.2
2074,OnePlus Smartwatch Model 2074,"SpO2, LCD Display",17,31111,4.8
2075,Sony Laptop Model 2075,"i7, 32GB RAM, 256GB SSD",7,104564,4.4
2076,Samsung Smartwatch Model 2076,"Heart Rate, AMOLED Display",43,42577,3.6
2077,Acer Smartwatch Model 2077,"Heart Rate, LCD Display",23,115264,4.3
2078,HP Smartwatch Model 2078,"GPS, LCD Display",38,148773,4.0
2079,Xiaomi Mobile Model 2079,"64MP Camera, 6000mAh Battery, 5G",44,87219,4.9
2080,Asus Mobile Model 2080,"108MP Camera, 5000mAh Battery, 5G",9,120834,4.6
2081,Samsung Mobile Model 2081,"108MP Camera, 4000mAh Battery, 5G",20,5332,4.6
2082,Lenovo Smartwatch Model 2082,"SpO2, LCD Display",9,73369,4.6
2083,Acer Mobile Model 2083,"50MP Camera, 4000mAh Battery, 5G",5,65208,3.9
2084,Lenovo Smartwatch Model 2084,"SpO2, LCD Display",47,70640,4.9
2085,Dell Smartwatch Model 2085,"Heart Rate, LCD Display",5,99537,3.9
2086,OnePlus Laptop Model 2086,"Ryzen 7, 32GB RAM, 256GB SSD",7,105183,4.6
2087,Acer Smartwatch Model 2087,"GPS, LCD Display",10,131068,3.9
2088,Lenovo Mobile Model 2088,"108MP Camera, 5000mAh Battery, 5G",7,62918,3.9
2089,Dell Mobile Model 2089,"108MP Camera, 5000mAh Battery, 5G",35,144594,3.1
2090,HP Laptop Model 2090,"i7, 8GB RAM, 256GB SSD",32,42583,3.4
2091,HP Mobile Model 2091,"64MP Camera, 4000mAh Battery, 5G",50,35785,4.2
2092,Lenovo Smartwatch Model 2092,"GPS, AMOLED Display",48,77692,4.8
2093,Apple Laptop Model 2093,"i5, 16GB RAM, 512GB SSD",18,49160,4.9
2094,HP Laptop Model 2094,"Ryzen 5, 8GB RAM, 512GB SSD",40,36569,5.0
2095,Xiaomi Mobile Model 2095,"50MP Camera, 6000mAh Battery, 5G",33,23338,3.7
2096,Samsung Smartwatch Model 2096,"SpO2, AMOLED Display",13,47590,4.6
2097,Dell Mobile Model 2097,"64MP Camera, 5000mAh Battery, 5G",45,64128,4.4
2098,Acer Mobile Model 2098,"50MP Camera, 6000mAh Battery, 5G",23,88846,3.6
2099,Apple Mobile Model 2099,"108MP Camera, 6000mAh Battery, 5G",31,124104,3.6
2100,Apple Mobile Model 2100,"64MP Camera, 5000mAh Battery, 5G",30,135255,3.5
2101,Samsung Mobile Model 2101,"64MP Camera, 5000mAh Battery, 5G",7,28797,3.1
2102,HP Laptop Model 2102,"i7, 8GB RAM, 512GB SSD",28,32283,4.5
2103,HP Laptop Model 2103,"i5, 32GB RAM, 1TB SSD",50,36545,4.4
2104,Dell Smartwatch Model 2104,"SpO2, LCD Display",40,20629,3.1
2105,Lenovo Laptop Model 2105,"Ryzen 7, 8GB RAM, 1TB SSD",24,118484,3.4
2106,Acer Smartwatch Model 2106,"GPS, LCD Display",10,35698,3.8
2107,Acer Mobile Model 2107,"108MP Camera, 6000mAh Battery, 5G",44,26403,3.1
2108,OnePlus Smartwatch Model 2108,"SpO2, LCD Display",10,26241,3.2
2109,Dell Smartwatch Model 2109,"Heart Rate, LCD Display",31,97449,4.5
2110,OnePlus Smartwatch Model 2110,"GPS, AMOLED Display",29,119387,4.4
2111,OnePlus Mobile Model 2111,"64MP Camera, 4000mAh Battery, 5G",14,29979,4.8
2112,Apple Mobile Model 2112,"108MP Camera, 4000mAh Battery, 5G",22,47789,4.8
2113,HP Mobile Model 2113,"108MP Camera, 6000mAh Battery, 5G",35,140511,3.2
2114,Dell Mobile Model 2114,"108MP Camera, 4000mAh Battery, 5G",33,60500,4.0
2115,OnePlus Laptop Model 2115,"Ryzen 7, 8GB RAM, 256GB SSD",37,55570,4.1
2116,Lenovo Laptop Model 2116,"i7, 32GB RAM, 512GB SSD",18,80479,3.2
2117,Samsung Mobile Model 2117,"64MP Camera, 4000mAh Battery, 5G",35,29518,4.0
2118,Xiaomi Mobile Model 2118,"108MP Camera, 5000mAh Battery, 5G",7,34472,3.8
2119,HP Mobile Model 2119,"108MP Camera, 4000mAh Battery, 5G",16,27774,3.5
2120,HP Laptop Model 2120,"Ryzen 7, 32GB RAM, 256GB SSD",31,32905,4.0
2121,Sony Laptop Model 2121,"Ryzen 7, 32GB RAM, 1TB SSD",8,98422,4.4
2122,HP Mobile Model 2122,"64MP Camera, 5000mAh Battery, 5G",25,58302,3.6
2123,Acer Smartwatch Model 2123,"Heart Rate, AMOLED Display",21,31578,3.9
2124,Samsung Smartwatch Model 2124,"SpO2, LCD Display",31,113780,3.7
2125,Xiaomi Laptop Model 2125,"Ryzen 5, 16GB RAM, 1TB SSD",21,65319,4.6
2126,Samsung Mobile Model 2126,"50MP Camera, 5000mAh Battery, 5G",23,146472,3.1
2127,Samsung Laptop Model 2127,"i7, 16GB RAM, 256GB SSD",22,26150,3.7
2128,Lenovo Mobile Model 2128,"64MP Camera, 5000mAh Battery, 5G",44,9011,3.7
2129,Acer Laptop Model 2129,"Ryzen 5, 32GB RAM, 256GB SSD",32,85887,5.0
2130,OnePlus Smartwatch Model 2130,"Heart Rate, AMOLED Display",24,106367,4.5
2131,Asus Smartwatch Model 2131,"Heart Rate, LCD Display",36,70605,3.9
2132,Samsung Mobile Model 2132,"108MP Camera, 5000mAh Battery, 5G",30,123765,3.2
2133,Acer Mobile Model 2133,"50MP Camera, 4000mAh Battery, 5G",38,137996,3.6
2134,OnePlus Mobile Model 2134,"108MP Camera, 4000mAh Battery, 5G",13,105945,3.6
2135,OnePlus Smartwatch Model 2135,"SpO2, LCD Display",39,141842,3.9
2136,Samsung Mobile Model 2136,"108MP Camera, 4000mAh Battery, 5G",43,80979,4.4
2137,Dell Mobile Model 2137,"64MP Camera, 4000mAh Battery, 5G",33,38595,3.4
2138,Apple Smartwatch Model 2138,"GPS, LCD Display",9,86225,4.4
2139,Dell Mobile Model 2139,"108MP Camera, 5000mAh Battery, 5G",32,86506,3.6
2140,Asus Laptop Model 2140,"i5, 32GB RAM, 256GB SSD",30,119325,3.7
2141,Acer Smartwatch Model 2141,"SpO2, LCD Display",11,28864,4.3
2142,Dell Mobile Model 2142,"50MP Camera, 4000mAh Battery, 5G",8,21314,3.8
2143,Acer Mobile Model 2143,"108MP Camera, 6000mAh Battery, 5G",7,27067,4.0
2144,Asus Smartwatch Model 2144,"SpO2, LCD Display",10,15853,4.3
2145,Lenovo Smartwatch Model 2145,"GPS, LCD Display",35,13238,4.2
2146,Apple Laptop Model 2146,"i5, 32GB RAM, 512GB SSD",30,66875,3.6
2147,Acer Laptop Model 2147,"i5, 32GB RAM, 512GB SSD",12,46901,4.1
2148,Samsung Laptop Model 2148,"i5, 8GB RAM, 1TB SSD",47,136697,4.8
2149,Xiaomi Laptop Model 2149,"i7, 32GB RAM, 256GB SSD",10,14581,3.7
2150,Lenovo Smartwatch Model 2150,"GPS, LCD Display",26,95707,4.8
2151,Acer Laptop Model 2151,"i5, 8GB RAM, 1TB SSD",29,10767,3.1
2152,Asus Smartwatch Model 2152,"GPS, AMOLED Display",37,116310,4.3
2153,Apple Smartwatch Model 2153,"Heart Rate, LCD Display",15,78059,3.4
2154,OnePlus Mobile Model 2154,"50MP Camera, 4000mAh Battery, 5G",49,99767,4.7
2155,HP Mobile Model 2155,"64MP Camera, 5000mAh Battery, 5G",8,29739,4.0
2156,Xiaomi Mobile Model 2156,"64MP Camera, 4000mAh Battery, 5G",47,96893,4.4
2157,Sony Laptop Model 2157,"Ryzen 7, 32GB RAM, 1TB SSD",45,26900,4.6
2158,Lenovo Mobile Model 2158,"64MP Camera, 6000mAh Battery, 5G",15,139126,4.2
2159,Xiaomi Laptop Model 2159,"i5, 32GB RAM, 256GB SSD",29,60142,4.7
2160,Acer Laptop Model 2160,"i5, 32GB RAM, 256GB SSD",7,104642,4.8
2161,Asus Laptop Model 2161,"i5, 32GB RAM, 1TB SSD",39,45606,3.1
2162,Acer Smartwatch Model 2162,"SpO2, AMOLED Display",28,15653,3.7
2163,Asus Laptop Model 2163,"Ryzen 5, 32GB RAM, 1TB SSD",7,66905,4.9
2164,Sony Laptop Model 2164,"i5, 8GB RAM, 256GB SSD",7,108537,3.9
2165,HP Mobile Model 2165,"64MP Camera, 5000mAh Battery, 5G",7,141474,4.0
2166,Dell Smartwatch Model 2166,"Heart Rate, LCD Display",41,103776,3.9
2167,Lenovo Laptop Model 2167,"Ryzen 7, 32GB RAM, 256GB SSD",47,123410,4.6
2168,Sony Smartwatch Model 2168,"SpO2, LCD Display",16,93083,3.8
2169,Apple Mobile Model 2169,"50MP Camera, 6000mAh Battery, 5G",45,16019,3.3
2170,Xiaomi Smartwatch Model 2170,"SpO2, AMOLED Display",12,146198,3.6
2171,Dell Mobile Model 2171,"64MP Camera, 6000mAh Battery, 5G",39,132912,3.2
2172,Dell Smartwatch Model 2172,"SpO2, AMOLED Display",16,92082,3.3
2173,HP Mobile Model 2173,"108MP Camera, 5000mAh Battery, 5G",28,68331,4.4
2174,HP Mobile Model 2174,"64MP Camera, 5000mAh Battery, 5G",8,84350,4.8
2175,Asus Mobile Model 2175,"50MP Camera, 5000mAh Battery, 5G",14,13380,4.1
2176,Samsung Mobile Model 2176,"108MP Camera, 5000mAh Battery, 5G",40,11737,3.7
2177,OnePlus Laptop Model 2177,"Ryzen 7, 32GB RAM, 256GB SSD",41,133678,4.5
2178,Dell Smartwatch Model 2178,"SpO2, LCD Display",5,78320,4.8
2179,Asus Smartwatch Model 2179,"Heart Rate, LCD Display",45,50885,4.4
2180,Asus Mobile Model 2180,"50MP Camera, 4000mAh Battery, 5G",32,80396,4.1
2181,Asus Laptop Model 2181,"Ryzen 5, 16GB RAM, 512GB SSD",6,75065,4.7
2182,Sony Mobile Model 2182,"64MP Camera, 4000mAh Battery, 5G",17,124398,3.6
2183,Lenovo Mobile Model 2183,"108MP Camera, 6000mAh Battery, 5G",47,21784,4.5
2184,HP Laptop Model 2184,"i7, 8GB RAM, 256GB SSD",26,111925,3.2
2185,Sony Laptop Model 2185,"i5, 16GB RAM, 1TB SSD",36,39326,4.0
2186,Asus Laptop Model 2186,"i5, 8GB RAM, 512GB SSD",34,147852,3.1
2187,Apple Laptop Model 2187,"Ryzen 7, 8GB RAM, 256GB SSD",9,121107,3.5
2188,Asus Laptop Model 2188,"Ryzen 7, 8GB RAM, 256GB SSD",13,68239,4.4
2189,OnePlus Mobile Model 2189,"108MP Camera, 5000mAh Battery, 5G",6,104751,4.4
2190,Samsung Laptop Model 2190,"Ryzen 7, 8GB RAM, 512GB SSD",8,141035,4.2
2191,Apple Laptop Model 2191,"Ryzen 7, 32GB RAM, 256GB SSD",46,64702,3.8
2192,Acer Laptop Model 2192,"i7, 8GB RAM, 1TB SSD",49,86756,4.8
2193,Samsung Mobile Model 2193,"108MP Camera, 5000mAh Battery, 5G",26,10334,3.4
2194,Dell Laptop Model 2194,"i5, 8GB RAM, 256GB SSD",15,149304,4.8
2195,Dell Laptop Model 2195,"i5, 16GB RAM, 256GB SSD",21,109829,3.4
2196,Dell Laptop Model 2196,"Ryzen 5, 32GB RAM, 1TB SSD",7,90541,3.8
2197,Dell Mobile Model 2197,"50MP Camera, 6000mAh Battery, 5G",16,63488,4.2
2198,HP Smartwatch Model 2198,"Heart Rate, AMOLED Display",36,129741,4.3
2199,Sony Laptop Model 2199,"Ryzen 7, 32GB RAM, 1TB SSD",37,119260,4.7
2200,Acer Laptop Model 2200,"i5, 32GB RAM, 256GB SSD",36,141857,4.1
2201,Apple Laptop Model 2201,"Ryzen 5, 32GB RAM, 512GB SSD",50,24350,3.8
2202,Samsung Mobile Model 2202,"108MP Camera, 4000mAh Battery, 5G",42,19935,3.3
2203,Dell Mobile Model 2203,"50MP Camera, 6000mAh Battery, 5G",47,135133,4.6
2204,Sony Laptop Model 2204,"Ryzen 5, 32GB RAM, 256GB SSD",49,27681,3.8
2205,Lenovo Laptop Model 2205,"Ryzen 7, 16GB RAM, 256GB SSD",24,33253,4.6
2206,Lenovo Mobile Model 2206,"108MP Camera, 4000mAh Battery, 5G",49,45877,4.8
2207,Dell Mobile Model 2207,"50MP Camera, 6000mAh Battery, 5G",27,129878,4.5
2208,HP Smartwatch Model 2208,"Heart Rate, LCD Display",19,50054,4.6
2209,OnePlus Mobile Model 2209,"50MP Camera, 4000mAh Battery, 5G",7,137365,4.2
2210,Asus Smartwatch Model 2210,"GPS, LCD Display",11,30264,4.0
2211,OnePlus Mobile Model 2211,"50MP Camera, 5000mAh Battery, 5G",36,73510,3.1
2212,Samsung Smartwatch Model 2212,"GPS, AMOLED Display",20,41505,3.8
2213,Apple Smartwatch Model 2213,"Heart Rate, AMOLED Display",28,119524,4.5
2214,Apple Mobile Model 2214,"108MP Camera, 5000mAh Battery, 5G",5,97881,4.5
2215,HP Smartwatch Model 2215,"SpO2, AMOLED Display",17,144852,3.7
2216,Apple Mobile Model 2216,"64MP Camera, 6000mAh Battery, 5G",43,82934,4.4
2217,Xiaomi Smartwatch Model 2217,"Heart Rate, LCD Display",22,148391,3.6
2218,Xiaomi Smartwatch Model 2218,"GPS, LCD Display",32,126514,3.2
2219,Samsung Mobile Model 2219,"108MP Camera, 4000mAh Battery, 5G",14,105325,3.7
2220,OnePlus Mobile Model 2220,"108MP Camera, 5000mAh Battery, 5G",37,50081,5.0
2221,OnePlus Laptop Model 2221,"i5, 16GB RAM, 1TB SSD",33,108435,3.2
2222,Samsung Smartwatch Model 2222,"GPS, AMOLED Display",20,32962,4.3
2223,Dell Smartwatch Model 2223,"GPS, LCD Display",25,51763,3.5
2224,Asus Smartwatch Model 2224,"Heart Rate, LCD Display",28,20310,3.5
2225,Xiaomi Mobile Model 2225,"108MP Camera, 5000mAh Battery, 5G",12,52794,4.1
2226,HP Mobile Model 2226,"50MP Camera, 5000mAh Battery, 5G",6,17041,3.9
2227,HP Smartwatch Model 2227,"Heart Rate, LCD Display",11,45883,3.8
2228,Sony Laptop Model 2228,"Ryzen 7, 32GB RAM, 1TB SSD",35,97463,4.6
2229,Dell Laptop Model 2229,"i7, 32GB RAM, 512GB SSD",9,55934,4.5
2230,Xiaomi Mobile Model 2230,"50MP Camera, 5000mAh Battery, 5G",50,88455,3.8
2231,Acer Laptop Model 2231,"Ryzen 5, 16GB RAM, 256GB SSD",7,35806,5.0
2232,Acer Smartwatch Model 2232,"Heart Rate, AMOLED Display",29,43111,3.2
2233,Dell Mobile Model 2233,"108MP Camera, 4000mAh Battery, 5G",32,14729,4.0
2234,Apple Laptop Model 2234,"Ryzen 5, 8GB RAM, 1TB SSD",43,141568,4.0
2235,Dell Smartwatch Model 2235,"SpO2, LCD Display",30,30590,3.8
2236,OnePlus Laptop Model 2236,"i7, 16GB RAM, 512GB SSD",17,144174,3.1
2237,HP Laptop Model 2237,"i5, 16GB RAM, 256GB SSD",21,38425,4.2
2238,Xiaomi Laptop Model 2238,"Ryzen 7, 32GB RAM, 256GB SSD",41,10205,4.6
2239,Lenovo Mobile Model 2239,"50MP Camera, 4000mAh Battery, 5G",18,78995,4.0
2240,Dell Mobile Model 2240,"108MP Camera, 5000mAh Battery, 5G",31,82935,3.9
2241,Lenovo Mobile Model 2241,"64MP Camera, 5000mAh Battery, 5G",48,75300,4.8
2242,Samsung Smartwatch Model 2242,"SpO2, AMOLED Display",49,137286,4.1
2243,HP Mobile Model 2243,"50MP Camera, 6000mAh Battery, 5G",30,36558,3.1
2244,OnePlus Mobile Model 2244,"64MP Camera, 6000mAh Battery, 5G",16,83312,4.8
2245,HP Mobile Model 2245,"50MP Camera, 4000mAh Battery, 5G",41,42111,4.0
2246,Acer Laptop Model 2246,"Ryzen 5, 8GB RAM, 512GB SSD",31,19831,3.1
2247,Sony Laptop Model 2247,"Ryzen 5, 8GB RAM, 1TB SSD",15,73541,4.8
2248,Lenovo Smartwatch Model 2248,"SpO2, AMOLED Display",41,47422,3.5
2249,Acer Laptop Model 2249,"i5, 32GB RAM, 1TB SSD",9,45108,3.8
2250,Samsung Laptop Model 2250,"i7, 16GB RAM, 1TB SSD",28,53397,4.7
2251,Sony Laptop Model 2251,"i5, 16GB RAM, 512GB SSD",32,122099,3.2
2252,Sony Mobile Model 2252,"50MP Camera, 4000mAh Battery, 5G",7,115837,4.9
2253,Apple Laptop Model 2253,"Ryzen 5, 32GB RAM, 256GB SSD",29,80875,4.1
2254,HP Mobile Model 2254,"64MP Camera, 4000mAh Battery, 5G",36,41428,4.2
2255,Xiaomi Smartwatch Model 2255,"GPS, LCD Display",33,110669,4.1
2256,HP Laptop Model 2256,"Ryzen 5, 8GB RAM, 1TB SSD",42,62957,3.9
2257,Xiaomi Mobile Model 2257,"50MP Camera, 6000mAh Battery, 5G",48,106286,4.3
2258,Asus Mobile Model 2258,"64MP Camera, 4000mAh Battery, 5G",23,120580,4.5
2259,Samsung Mobile Model 2259,"64MP Camera, 5000mAh Battery, 5G",47,80377,4.3
2260,Acer Mobile Model 2260,"64MP Camera, 5000mAh Battery, 5G",37,106182,4.3
2261,Sony Mobile Model 2261,"50MP Camera, 4000mAh Battery, 5G",11,74288,3.8
2262,Sony Mobile Model 2262,"64MP Camera, 5000mAh Battery, 5G",44,11526,3.4
2263,Samsung Mobile Model 2263,"64MP Camera, 6000mAh Battery, 5G",45,84688,4.9
2264,Sony Laptop Model 2264,"i5, 8GB RAM, 1TB SSD",30,81867,3.5
2265,Asus Smartwatch Model 2265,"SpO2, AMOLED Display",12,49751,4.0
2266,Xiaomi Laptop Model 2266,"i5, 8GB RAM, 256GB SSD",41,98615,3.1
2267,Acer Smartwatch Model 2267,"SpO2, AMOLED Display",29,39051,3.2
2268,Apple Smartwatch Model 2268,"SpO2, AMOLED Display",13,7724,4.9
2269,Sony Mobile Model 2269,"50MP Camera, 5000mAh Battery, 5G",43,135379,3.8
2270,Samsung Smartwatch Model 2270,"GPS, AMOLED Display",50,78895,3.3
2271,HP Smartwatch Model 2271,"Heart Rate, LCD Display",50,60425,4.4
2272,Apple Laptop Model 2272,"i5, 8GB RAM, 1TB SSD",19,117213,3.6
2273,Acer Smartwatch Model 2273,"GPS, LCD Display",33,86226,4.9
2274,Xiaomi Smartwatch Model 2274,"GPS, LCD Display",41,43140,4.5
2275,Dell Laptop Model 2275,"Ryzen 5, 32GB RAM, 1TB SSD",20,91013,3.9
2276,Samsung Laptop Model 2276,"Ryzen 5, 8GB RAM, 1TB SSD",48,134307,4.4
2277,Asus Mobile Model 2277,"64MP Camera, 4000mAh Battery, 5G",39,40716,4.9
2278,Sony Smartwatch Model 2278,"SpO2, LCD Display",40,67340,3.9
2279,Dell Smartwatch Model 2279,"SpO2, LCD Display",11,95916,4.0
2280,Apple Laptop Model 2280,"i7, 32GB RAM, 256GB SSD",15,98446,4.9
2281,Lenovo Smartwatch Model 2281,"Heart Rate, LCD Display",46,116315,4.0
2282,Xiaomi Smartwatch Model 2282,"GPS, AMOLED Display",32,51526,3.6
2283,Lenovo Smartwatch Model 2283,"SpO2, AMOLED Display",28,9487,4.1
2284,HP Smartwatch Model 2284,"GPS, LCD Display",36,42096,3.7
2285,Lenovo Laptop Model 2285,"i5, 16GB RAM, 1TB SSD",24,31299,4.3
2286,Dell Mobile Model 2286,"108MP Camera, 4000mAh Battery, 5G",39,129935,4.9
2287,Sony Smartwatch Model 2287,"SpO2, AMOLED Display",32,61720,4.1
2288,HP Laptop Model 2288,"i5, 32GB RAM, 512GB SSD",18,143238,4.4
2289,HP Smartwatch Model 2289,"SpO2, LCD Display",25,16706,3.6
2290,Samsung Mobile Model 2290,"50MP Camera, 5000mAh Battery, 5G",38,113321,4.5
2291,Acer Laptop Model 2291,"i5, 32GB RAM, 256GB SSD",39,135698,5.0
2292,Acer Mobile Model 2292,"64MP Camera, 6000mAh Battery, 5G",41,80661,3.8
2293,HP Laptop Model 2293,"i7, 16GB RAM, 1TB SSD",14,125432,3.0
2294,Xiaomi Smartwatch Model 2294,"GPS, LCD Display",6,33389,4.6
2295,Acer Mobile Model 2295,"108MP Camera, 5000mAh Battery, 5G",33,31630,4.5
2296,Sony Smartwatch Model 2296,"Heart Rate, AMOLED Display",11,139810,4.9
2297,OnePlus Smartwatch Model 2297,"GPS, AMOLED Display",29,125661,4.9
2298,Apple Mobile Model 2298,"64MP Camera, 5000mAh Battery, 5G",13,39225,4.8
2299,OnePlus Laptop Model 2299,"i5, 16GB RAM, 256GB SSD",11,120605,3.4
2300,Lenovo Smartwatch Model 2300,"SpO2, LCD Display",9,42298,3.3
2301,Sony Laptop Model 2301,"i7, 32GB RAM, 512GB SSD",8,64009,4.2
2302,Lenovo Mobile Model 2302,"64MP Camera, 5000mAh Battery, 5G",41,26409,4.4
2303,OnePlus Smartwatch Model 2303,"Heart Rate, LCD Display",50,107052,3.6
2304,Sony Smartwatch Model 2304,"Heart Rate, AMOLED Display",20,12865,4.2
2305,Asus Laptop Model 2305,"Ryzen 7, 32GB RAM, 1TB SSD",50,120899,3.9
2306,Xiaomi Smartwatch Model 2306,"GPS, AMOLED Display",32,41900,3.8
2307,Lenovo Smartwatch Model 2307,"Heart Rate, LCD Display",45,65343,4.8
2308,Asus Mobile Model 2308,"108MP Camera, 6000mAh Battery, 5G",22,22939,3.1
2309,Dell Laptop Model 2309,"i5, 16GB RAM, 1TB SSD",9,72804,4.1
2310,Samsung Smartwatch Model 2310,"SpO2, LCD Display",9,77879,3.6
2311,OnePlus Mobile Model 2311,"108MP Camera, 6000mAh Battery, 5G",23,21602,3.2
2312,Dell Mobile Model 2312,"50MP Camera, 4000mAh Battery, 5G",26,35672,3.9
2313,Asus Laptop Model 2313,"i7, 32GB RAM, 256GB SSD",21,136962,3.9
2314,Samsung Smartwatch Model 2314,"SpO2, AMOLED Display",20,49812,4.4
2315,Asus Laptop Model 2315,"Ryzen 5, 16GB RAM, 512GB SSD",43,25415,4.2
2316,Asus Laptop Model 2316,"Ryzen 7, 32GB RAM, 512GB SSD",35,8889,4.6
2317,Xiaomi Laptop Model 2317,"i7, 16GB RAM, 512GB SSD",34,74975,4.0
2318,Asus Smartwatch Model 2318,"GPS, AMOLED Display",40,53140,3.8
2319,Acer Smartwatch Model 2319,"Heart Rate, LCD Display",14,49013,3.3
2320,Dell Laptop Model 2320,"i7, 16GB RAM, 1TB SSD",41,122612,4.7
2321,Sony Mobile Model 2321,"108MP Camera, 5000mAh Battery, 5G",19,135175,4.2
2322,Sony Smartwatch Model 2322,"Heart Rate, AMOLED Display",30,91792,4.8
2323,Asus Mobile Model 2323,"108MP Camera, 6000mAh Battery, 5G",46,137516,4.5
2324,Acer Smartwatch Model 2324,"GPS, LCD Display",22,20157,4.4
2325,Apple Mobile Model 2325,"50MP Camera, 6000mAh Battery, 5G",28,48687,4.8
2326,Xiaomi Mobile Model 2326,"64MP Camera, 6000mAh Battery, 5G",21,98711,4.2
2327,OnePlus Laptop Model 2327,"Ryzen 5, 8GB RAM, 512GB SSD",7,46414,4.3
2328,Lenovo Smartwatch Model 2328,"SpO2, LCD Display",41,96489,3.0
2329,HP Laptop Model 2329,"i5, 8GB RAM, 512GB SSD",42,142590,3.5
2330,Acer Mobile Model 2330,"64MP Camera, 6000mAh Battery, 5G",43,19583,4.0
2331,Acer Mobile Model 2331,"108MP Camera, 5000mAh Battery, 5G",35,83144,3.3
2332,Apple Smartwatch Model 2332,"Heart Rate, LCD Display",32,24276,4.5
2333,Xiaomi Mobile Model 2333,"50MP Camera, 4000mAh Battery, 5G",10,119944,4.3
2334,Xiaomi Mobile Model 2334,"108MP Camera, 6000mAh Battery, 5G",36,125487,3.9
2335,Acer Smartwatch Model 2335,"SpO2, AMOLED Display",19,108498,3.8
2336,OnePlus Laptop Model 2336,"Ryzen 7, 32GB RAM, 256GB SSD",27,43551,3.2
2337,HP Smartwatch Model 2337,"GPS, LCD Display",39,119605,4.9
2338,Sony Smartwatch Model 2338,"SpO2, LCD Display",6,31595,3.7
2339,Lenovo Smartwatch Model 2339,"GPS, AMOLED Display",32,29406,4.7
2340,Xiaomi Laptop Model 2340,"Ryzen 5, 32GB RAM, 512GB SSD",43,13829,4.9
2341,Acer Laptop Model 2341,"Ryzen 5, 32GB RAM, 512GB SSD",30,76400,4.6
2342,OnePlus Smartwatch Model 2342,"Heart Rate, LCD Display",32,55712,3.7
2343,Samsung Smartwatch Model 2343,"Heart Rate, LCD Display",31,38101,3.8
2344,Samsung Mobile Model 2344,"64MP Camera, 4000mAh Battery, 5G",15,86976,4.6
2345,Asus Mobile Model 2345,"64MP Camera, 5000mAh Battery, 5G",26,148726,3.2
2346,Samsung Laptop Model 2346,"i7, 8GB RAM, 256GB SSD",10,10652,3.3
2347,Acer Mobile Model 2347,"108MP Camera, 6000mAh Battery, 5G",30,100063,3.5
2348,Asus Smartwatch Model 2348,"GPS, AMOLED Display",35,132314,4.9
2349,Acer Mobile Model 2349,"64MP Camera, 4000mAh Battery, 5G",36,83551,4.2
2350,Acer Mobile Model 2350,"50MP Camera, 6000mAh Battery, 5G",29,92339,4.4
2351,Apple Laptop Model 2351,"Ryzen 5, 16GB RAM, 512GB SSD",45,72233,3.7
2352,Lenovo Mobile Model 2352,"108MP Camera, 4000mAh Battery, 5G",34,46660,4.2
2353,Asus Laptop Model 2353,"i5, 32GB RAM, 1TB SSD",30,28494,4.5
2354,Acer Mobile Model 2354,"108MP Camera, 6000mAh Battery, 5G",9,65657,3.3
2355,Sony Smartwatch Model 2355,"SpO2, AMOLED Display",39,129262,4.6
2356,Asus Smartwatch Model 2356,"SpO2, AMOLED Display",10,97375,4.3
2357,OnePlus Laptop Model 2357,"i7, 8GB RAM, 512GB SSD",37,85858,3.6
2358,Asus Mobile Model 2358,"108MP Camera, 4000mAh Battery, 5G",44,143506,3.5
2359,HP Mobile Model 2359,"50MP Camera, 6000mAh Battery, 5G",30,18351,4.8
2360,OnePlus Mobile Model 2360,"50MP Camera, 4000mAh Battery, 5G",48,67378,4.0
2361,Lenovo Smartwatch Model 2361,"SpO2, AMOLED Display",42,50807,3.3
2362,Sony Smartwatch Model 2362,"GPS, LCD Display",14,120517,3.3
2363,Samsung Mobile Model 2363,"50MP Camera, 5000mAh Battery, 5G",19,46154,3.3
2364,Acer Mobile Model 2364,"64MP Camera, 5000mAh Battery, 5G",34,109893,3.3
2365,Asus Smartwatch Model 2365,"GPS, AMOLED Display",21,125603,3.0
2366,Apple Laptop Model 2366,"Ryzen 7, 8GB RAM, 512GB SSD",5,47473,3.9
2367,Apple Laptop Model 2367,"i5, 16GB RAM, 1TB SSD",33,110047,4.0
2368,OnePlus Smartwatch Model 2368,"GPS, AMOLED Display",44,104641,4.2
2369,Samsung Smartwatch Model 2369,"SpO2, AMOLED Display",36,8891,4.2
2370,Sony Mobile Model 2370,"50MP Camera, 4000mAh Battery, 5G",35,26342,3.4
2371,Asus Laptop Model 2371,"i5, 16GB RAM, 256GB SSD",7,127468,4.6
2372,Acer Mobile Model 2372,"108MP Camera, 5000mAh Battery, 5G",11,11802,3.6
2373,Dell Mobile Model 2373,"108MP Camera, 4000mAh Battery, 5G",33,8683,3.2
2374,Dell Laptop Model 2374,"Ryzen 5, 8GB RAM, 512GB SSD",31,138218,4.2
2375,Xiaomi Smartwatch Model 2375,"Heart Rate, LCD Display",21,19562,4.6
2376,Asus Mobile Model 2376,"64MP Camera, 5000mAh Battery, 5G",24,36611,3.7
2377,HP Smartwatch Model 2377,"Heart Rate, LCD Display",26,33853,3.1
2378,Sony Laptop Model 2378,"i5, 16GB RAM, 1TB SSD",23,71993,4.7
2379,Samsung Laptop Model 2379,"Ryzen 7, 32GB RAM, 256GB SSD",7,95834,4.1
2380,Asus Mobile Model 2380,"64MP Camera, 6000mAh Battery, 5G",45,72234,4.0
2381,HP Mobile Model 2381,"108MP Camera, 6000mAh Battery, 5G",43,102246,4.4
2382,Lenovo Mobile Model 2382,"108MP Camera, 6000mAh Battery, 5G",9,121681,3.8
2383,Apple Laptop Model 2383,"Ryzen 5, 8GB RAM, 1TB SSD",36,26033,3.3
2384,Dell Laptop Model 2384,"Ryzen 5, 16GB RAM, 256GB SSD",36,147023,3.6
2385,OnePlus Smartwatch Model 2385,"GPS, LCD Display",35,46972,4.3
2386,Asus Smartwatch Model 2386,"GPS, LCD Display",38,87845,3.6
2387,Asus Smartwatch Model 2387,"SpO2, AMOLED Display",11,143426,4.0
2388,Apple Laptop Model 2388,"Ryzen 7, 32GB RAM, 256GB SSD",5,95892,3.3
2389,Samsung Smartwatch Model 2389,"Heart Rate, AMOLED Display",40,133269,3.8
2390,OnePlus Laptop Model 2390,"Ryzen 7, 8GB RAM, 1TB SSD",12,12647,4.1
2391,OnePlus Mobile Model 2391,"64MP Camera, 6000mAh Battery, 5G",26,43587,3.9
2392,Xiaomi Smartwatch Model 2392,"GPS, AMOLED Display",6,45198,4.1
2393,OnePlus Mobile Model 2393,"64MP Camera, 6000mAh Battery, 5G",11,82415,4.7
2394,Acer Smartwatch Model 2394,"GPS, AMOLED Display",39,5551,4.5
2395,Dell Smartwatch Model 2395,"GPS, LCD Display",32,48968,3.7
2396,Samsung Smartwatch Model 2396,"SpO2, LCD Display",13,131553,4.2
2397,Xiaomi Laptop Model 2397,"i5, 32GB RAM, 1TB SSD",26,139916,4.4
2398,HP Laptop Model 2398,"Ryzen 7, 8GB RAM, 1TB SSD",27,11931,4.7
2399,Samsung Laptop Model 2399,"Ryzen 5, 16GB RAM, 256GB SSD",13,90486,4.4
2400,Lenovo Laptop Model 2400,"i5, 32GB RAM, 256GB SSD",7,50060,3.3
2401,Dell Laptop Model 2401,"Ryzen 7, 16GB RAM, 512GB SSD",37,119759,3.2
2402,Sony Smartwatch Model 2402,"SpO2, LCD Display",14,99532,3.4
2403,Apple Smartwatch Model 2403,"Heart Rate, AMOLED Display",18,89988,4.0
2404,HP Laptop Model 2404,"Ryzen 7, 32GB RAM, 256GB SSD",9,38442,4.8
2405,Asus Laptop Model 2405,"Ryzen 7, 8GB RAM, 512GB SSD",13,57476,3.8
2406,Apple Smartwatch Model 2406,"GPS, LCD Display",8,37082,4.2
2407,Apple Smartwatch Model 2407,"GPS, LCD Display",47,20431,3.4
2408,Xiaomi Laptop Model 2408,"Ryzen 7, 8GB RAM, 256GB SSD",20,22817,4.0
2409,Asus Smartwatch Model 2409,"SpO2, AMOLED Display",20,64492,4.8
2410,OnePlus Smartwatch Model 2410,"SpO2, LCD Display",44,112269,3.7
2411,Sony Laptop Model 2411,"Ryzen 7, 16GB RAM, 256GB SSD",31,27397,3.0
2412,Xiaomi Smartwatch Model 2412,"Heart Rate, AMOLED Display",21,120329,4.9
2413,Apple Smartwatch Model 2413,"GPS, LCD Display",50,109877,3.4
2414,Sony Laptop Model 2414,"Ryzen 5, 16GB RAM, 256GB SSD",26,74676,4.3
2415,HP Smartwatch Model 2415,"SpO2, LCD Display",29,101014,3.1
2416,Asus Mobile Model 2416,"64MP Camera, 6000mAh Battery, 5G",25,50343,3.5
2417,Asus Smartwatch Model 2417,"GPS, AMOLED Display",10,68380,4.1
2418,Asus Smartwatch Model 2418,"Heart Rate, AMOLED Display",37,6307,3.5
2419,Xiaomi Smartwatch Model 2419,"Heart Rate, LCD Display",7,105500,3.6
2420,OnePlus Laptop Model 2420,"Ryzen 7, 8GB RAM, 1TB SSD",48,18636,3.6
2421,Acer Laptop Model 2421,"Ryzen 5, 8GB RAM, 512GB SSD",43,109069,4.7
2422,HP Smartwatch Model 2422,"Heart Rate, LCD Display",26,39804,3.1
2423,Asus Smartwatch Model 2423,"GPS, LCD Display",16,71991,4.5
2424,Acer Laptop Model 2424,"i5, 8GB RAM, 512GB SSD",26,46736,4.5
2425,Sony Mobile Model 2425,"50MP Camera, 6000mAh Battery, 5G",30,98132,4.0
2426,Asus Smartwatch Model 2426,"SpO2, AMOLED Display",35,122865,4.0
2427,Xiaomi Smartwatch Model 2427,"Heart Rate, LCD Display",31,51457,3.1
2428,Asus Laptop Model 2428,"Ryzen 5, 32GB RAM, 1TB SSD",27,46930,3.3
2429,Sony Smartwatch Model 2429,"GPS, LCD Display",13,99854,5.0
2430,Xiaomi Smartwatch Model 2430,"Heart Rate, LCD Display",16,14474,3.1
2431,Samsung Smartwatch Model 2431,"Heart Rate, LCD Display",25,143777,3.7
2432,Dell Smartwatch Model 2432,"Heart Rate, AMOLED Display",43,107758,4.1
2433,OnePlus Laptop Model 2433,"Ryzen 7, 32GB RAM, 256GB SSD",32,51320,4.4
2434,Samsung Smartwatch Model 2434,"SpO2, LCD Display",28,32697,3.3
2435,Asus Smartwatch Model 2435,"Heart Rate, LCD Display",48,49946,4.9
2436,Lenovo Mobile Model 2436,"50MP Camera, 4000mAh Battery, 5G",14,56017,3.5
2437,Sony Smartwatch Model 2437,"SpO2, LCD Display",24,107348,4.0
2438,Sony Smartwatch Model 2438,"SpO2, LCD Display",50,117360,4.1
2439,Sony Mobile Model 2439,"108MP Camera, 5000mAh Battery, 5G",31,147560,3.4
2440,Xiaomi Mobile Model 2440,"108MP Camera, 6000mAh Battery, 5G",24,28269,5.0
2441,Apple Mobile Model 2441,"50MP Camera, 4000mAh Battery, 5G",23,66198,3.1
2442,HP Smartwatch Model 2442,"Heart Rate, LCD Display",34,120649,3.5
2443,Acer Smartwatch Model 2443,"Heart Rate, LCD Display",17,61844,3.5
2444,Dell Smartwatch Model 2444,"SpO2, AMOLED Display",30,15749,3.7
2445,Samsung Laptop Model 2445,"Ryzen 5, 8GB RAM, 512GB SSD",5,119309,3.1
2446,Lenovo Laptop Model 2446,"i5, 32GB RAM, 256GB SSD",41,14875,4.9
2447,OnePlus Smartwatch Model 2447,"GPS, LCD Display",38,82529,3.4
2448,Asus Mobile Model 2448,"64MP Camera, 5000mAh Battery, 5G",49,12087,3.1
2449,Acer Smartwatch Model 2449,"Heart Rate, LCD Display",15,97197,3.4
2450,Sony Smartwatch Model 2450,"Heart Rate, LCD Display",30,34123,3.3
2451,Acer Mobile Model 2451,"64MP Camera, 5000mAh Battery, 5G",11,57990,3.1
2452,Sony Smartwatch Model 2452,"Heart Rate, LCD Display",31,97063,3.2
2453,HP Mobile Model 2453,"108MP Camera, 6000mAh Battery, 5G",26,72039,4.7
2454,OnePlus Smartwatch Model 2454,"Heart Rate, LCD Display",50,67505,3.9
2455,Acer Laptop Model 2455,"i7, 16GB RAM, 1TB SSD",35,50208,4.4
2456,OnePlus Smartwatch Model 2456,"Heart Rate, LCD Display",44,72709,4.0
2457,Apple Laptop Model 2457,"Ryzen 5, 16GB RAM, 512GB SSD",19,126918,4.3
2458,Apple Mobile Model 2458,"50MP Camera, 4000mAh Battery, 5G",10,83421,4.9
2459,Acer Laptop Model 2459,"Ryzen 7, 8GB RAM, 1TB SSD",27,18314,4.0
2460,Xiaomi Smartwatch Model 2460,"GPS, AMOLED Display",48,14913,3.8
2461,Sony Smartwatch Model 2461,"SpO2, LCD Display",32,140080,3.3
2462,HP Laptop Model 2462,"i7, 16GB RAM, 256GB SSD",37,84652,3.8
2463,Asus Smartwatch Model 2463,"GPS, LCD Display",32,12766,4.1
2464,HP Smartwatch Model 2464,"GPS, LCD Display",38,148738,3.7
2465,OnePlus Laptop Model 2465,"i5, 16GB RAM, 256GB SSD",7,145553,4.7
2466,Acer Smartwatch Model 2466,"Heart Rate, LCD Display",20,38044,4.7
2467,HP Laptop Model 2467,"i7, 32GB RAM, 512GB SSD",40,6209,4.3
2468,Dell Mobile Model 2468,"50MP Camera, 5000mAh Battery, 5G",41,136085,3.5
2469,Lenovo Laptop Model 2469,"Ryzen 7, 16GB RAM, 1TB SSD",7,86253,4.9
2470,Acer Smartwatch Model 2470,"GPS, LCD Display",26,32991,4.1
2471,Asus Mobile Model 2471,"50MP Camera, 5000mAh Battery, 5G",36,22796,3.5
2472,OnePlus Laptop Model 2472,"i7, 8GB RAM, 256GB SSD",9,52660,5.0
2473,Dell Laptop Model 2473,"i7, 8GB RAM, 256GB SSD",8,98233,3.7
2474,Apple Laptop Model 2474,"i5, 8GB RAM, 512GB SSD",46,76752,3.4
2475,Acer Mobile Model 2475,"108MP Camera, 4000mAh Battery, 5G",11,71638,3.7
2476,Lenovo Mobile Model 2476,"108MP Camera, 5000mAh Battery, 5G",8,37963,3.6
2477,Samsung Mobile Model 2477,"108MP Camera, 6000mAh Battery, 5G",10,121116,3.5
2478,OnePlus Mobile Model 2478,"50MP Camera, 6000mAh Battery, 5G",49,50004,4.1
2479,Samsung Smartwatch Model 2479,"GPS, LCD Display",10,132468,3.4
2480,Samsung Mobile Model 2480,"108MP Camera, 4000mAh Battery, 5G",22,114869,3.1
2481,Apple Laptop Model 2481,"i5, 8GB RAM, 256GB SSD",47,80065,3.9
2482,Acer Mobile Model 2482,"64MP Camera, 4000mAh Battery, 5G",15,6710,3.0
2483,Acer Laptop Model 2483,"i7, 8GB RAM, 1TB SSD",36,127040,4.7
2484,Asus Laptop Model 2484,"Ryzen 7, 16GB RAM, 1TB SSD",22,61044,5.0
2485,HP Laptop Model 2485,"i5, 8GB RAM, 1TB SSD",43,50954,4.7
2486,HP Laptop Model 2486,"Ryzen 5, 32GB RAM, 256GB SSD",31,27444,4.7
2487,Dell Laptop Model 2487,"i5, 32GB RAM, 256GB SSD",18,67662,4.1
2488,OnePlus Laptop Model 2488,"i7, 16GB RAM, 256GB SSD",18,30529,4.5
2489,Lenovo Mobile Model 2489,"108MP Camera, 5000mAh Battery, 5G",17,93253,3.0
2490,Asus Laptop Model 2490,"Ryzen 5, 8GB RAM, 256GB SSD",27,43743,4.7
2491,Lenovo Laptop Model 2491,"Ryzen 5, 32GB RAM, 1TB SSD",25,29622,4.6
2492,Asus Mobile Model 2492,"50MP Camera, 4000mAh Battery, 5G",35,31947,3.7
2493,Asus Mobile Model 2493,"64MP Camera, 4000mAh Battery, 5G",9,147660,4.6
2494,HP Laptop Model 2494,"i5, 8GB RAM, 512GB SSD",34,81471,3.2
2495,Sony Mobile Model 2495,"50MP Camera, 6000mAh Battery, 5G",9,17897,4.7
2496,Dell Smartwatch Model 2496,"GPS, AMOLED Display",21,17865,4.7
2497,Sony Laptop Model 2497,"Ryzen 7, 32GB RAM, 256GB SSD",45,91839,3.0
2498,Apple Smartwatch Model 2498,"Heart Rate, AMOLED Display",42,104847,4.7
2499,Samsung Laptop Model 2499,"i5, 32GB RAM, 1TB SSD",35,149890,4.3
2500,Xiaomi Laptop Model 2500,"i5, 8GB RAM, 1TB SSD",26,90741,3.2
2501,Lenovo Smartwatch Model 2501,"SpO2, LCD Display",14,70218,3.2
2502,Lenovo Laptop Model 2502,"i7, 16GB RAM, 1TB SSD",48,130707,4.9
2503,HP Smartwatch Model 2503,"SpO2, LCD Display",27,8869,4.1
2504,Lenovo Mobile Model 2504,"64MP Camera, 6000mAh Battery, 5G",37,145387,3.1
2505,Lenovo Mobile Model 2505,"108MP Camera, 6000mAh Battery, 5G",36,106135,4.1
2506,Sony Smartwatch Model 2506,"SpO2, AMOLED Display",31,87821,4.9
2507,OnePlus Mobile Model 2507,"50MP Camera, 4000mAh Battery, 5G",44,140960,4.4
2508,Apple Laptop Model 2508,"i5, 32GB RAM, 256GB SSD",41,26710,5.0
2509,Dell Smartwatch Model 2509,"GPS, LCD Display",14,62154,3.8
2510,OnePlus Smartwatch Model 2510,"SpO2, LCD Display",24,98445,3.8
2511,OnePlus Mobile Model 2511,"50MP Camera, 4000mAh Battery, 5G",24,102592,3.3
2512,Dell Mobile Model 2512,"64MP Camera, 6000mAh Battery, 5G",22,14307,4.3
2513,Lenovo Laptop Model 2513,"i5, 8GB RAM, 1TB SSD",45,148472,4.0
2514,Samsung Laptop Model 2514,"i7, 8GB RAM, 512GB SSD",6,29702,3.2
2515,OnePlus Laptop Model 2515,"i5, 8GB RAM, 256GB SSD",26,107349,4.9
2516,OnePlus Laptop Model 2516,"Ryzen 5, 16GB RAM, 512GB SSD",34,136592,4.2
2517,Xiaomi Laptop Model 2517,"Ryzen 5, 16GB RAM, 1TB SSD",42,14854,3.9
2518,Dell Smartwatch Model 2518,"GPS, AMOLED Display",31,135795,4.7
2519,Xiaomi Smartwatch Model 2519,"SpO2, AMOLED Display",29,5180,4.7
2520,Xiaomi Smartwatch Model 2520,"Heart Rate, LCD Display",19,88148,3.1
2521,Dell Mobile Model 2521,"64MP Camera, 6000mAh Battery, 5G",38,41784,3.5
2522,Acer Mobile Model 2522,"108MP Camera, 5000mAh Battery, 5G",10,146745,3.2
2523,Acer Smartwatch Model 2523,"Heart Rate, LCD Display",40,61628,3.8
2524,Asus Smartwatch Model 2524,"GPS, LCD Display",25,71487,4.6
2525,Apple Mobile Model 2525,"64MP Camera, 4000mAh Battery, 5G",45,148738,3.3
2526,HP Mobile Model 2526,"50MP Camera, 6000mAh Battery, 5G",43,65994,3.9
2527,Dell Mobile Model 2527,"108MP Camera, 6000mAh Battery, 5G",7,110368,4.1
2528,Lenovo Mobile Model 2528,"50MP Camera, 5000mAh Battery, 5G",27,120050,3.2
2529,Xiaomi Mobile Model 2529,"50MP Camera, 4000mAh Battery, 5G",6,126118,4.0
2530,Acer Smartwatch Model 2530,"GPS, AMOLED Display",25,6095,4.2
2531,Samsung Smartwatch Model 2531,"Heart Rate, LCD Display",7,65692,4.3
2532,Asus Smartwatch Model 2532,"GPS, LCD Display",46,120551,3.3
2533,Samsung Smartwatch Model 2533,"Heart Rate, LCD Display",12,111425,4.5
2534,Lenovo Mobile Model 2534,"108MP Camera, 5000mAh Battery, 5G",23,95192,3.5
2535,HP Smartwatch Model 2535,"SpO2, AMOLED Display",31,89894,3.5
2536,Samsung Laptop Model 2536,"Ryzen 7, 16GB RAM, 512GB SSD",27,87474,4.5
2537,Apple Smartwatch Model 2537,"Heart Rate, AMOLED Display",24,13876,3.9
2538,Acer Smartwatch Model 2538,"Heart Rate, AMOLED Display",5,90506,3.2
2539,OnePlus Laptop Model 2539,"i7, 32GB RAM, 256GB SSD",21,97713,4.4
2540,HP Laptop Model 2540,"Ryzen 7, 16GB RAM, 512GB SSD",43,98809,3.6
2541,Apple Mobile Model 2541,"64MP Camera, 6000mAh Battery, 5G",25,66466,3.1
2542,Sony Smartwatch Model 2542,"GPS, LCD Display",42,134687,3.2
2543,Acer Smartwatch Model 2543,"SpO2, LCD Display",6,41170,3.5
2544,HP Mobile Model 2544,"50MP Camera, 5000mAh Battery, 5G",29,136650,4.4
2545,Apple Mobile Model 2545,"50MP Camera, 4000mAh Battery, 5G",34,133221,4.3
2546,Samsung Laptop Model 2546,"i5, 32GB RAM, 1TB SSD",47,82368,4.3
2547,Acer Laptop Model 2547,"i5, 8GB RAM, 512GB SSD",47,53447,3.1
2548,Apple Mobile Model 2548,"64MP Camera, 6000mAh Battery, 5G",39,134828,3.6
2549,OnePlus Laptop Model 2549,"Ryzen 5, 32GB RAM, 1TB SSD",44,48384,3.8
2550,Dell Laptop Model 2550,"Ryzen 5, 16GB RAM, 256GB SSD",26,140113,4.5
2551,Sony Laptop Model 2551,"i7, 8GB RAM, 256GB SSD",37,117067,3.9
2552,Sony Smartwatch Model 2552,"SpO2, LCD Display",39,63582,4.7
2553,Samsung Mobile Model 2553,"50MP Camera, 4000mAh Battery, 5G",27,22835,5.0
2554,Sony Mobile Model 2554,"108MP Camera, 4000mAh Battery, 5G",6,5917,4.7
2555,HP Mobile Model 2555,"50MP Camera, 6000mAh Battery, 5G",25,67498,4.3
2556,Acer Smartwatch Model 2556,"Heart Rate, LCD Display",16,125463,4.8
2557,Xiaomi Laptop Model 2557,"Ryzen 7, 32GB RAM, 256GB SSD",47,60029,3.4
2558,Acer Mobile Model 2558,"108MP Camera, 4000mAh Battery, 5G",20,99438,4.8
2559,HP Mobile Model 2559,"64MP Camera, 4000mAh Battery, 5G",17,136394,3.2
2560,HP Laptop Model 2560,"i5, 16GB RAM, 1TB SSD",21,52720,4.7
2561,Apple Laptop Model 2561,"i5, 16GB RAM, 1TB SSD",33,53562,4.6
2562,Apple Mobile Model 2562,"108MP Camera, 5000mAh Battery, 5G",20,134748,4.4
2563,Acer Mobile Model 2563,"50MP Camera, 6000mAh Battery, 5G",23,86582,3.6
2564,Xiaomi Laptop Model 2564,"Ryzen 5, 32GB RAM, 512GB SSD",47,80318,3.7
2565,Dell Mobile Model 2565,"108MP Camera, 6000mAh Battery, 5G",43,21930,4.3
2566,Xiaomi Laptop Model 2566,"Ryzen 7, 16GB RAM, 1TB SSD",39,143874,3.4
2567,HP Smartwatch Model 2567,"SpO2, LCD Display",34,72661,3.5
2568,Apple Laptop Model 2568,"i7, 8GB RAM, 512GB SSD",19,114850,4.8
2569,Lenovo Mobile Model 2569,"108MP Camera, 6000mAh Battery, 5G",29,22405,3.7
2570,Dell Smartwatch Model 2570,"GPS, LCD Display",13,124773,4.3
2571,Asus Mobile Model 2571,"50MP Camera, 6000mAh Battery, 5G",23,142570,4.6
2572,Samsung Smartwatch Model 2572,"GPS, LCD Display",30,123299,4.0
2573,OnePlus Smartwatch Model 2573,"Heart Rate, AMOLED Display",8,90970,3.5
2574,OnePlus Laptop Model 2574,"Ryzen 5, 32GB RAM, 512GB SSD",23,92562,4.4
2575,Sony Laptop Model 2575,"i7, 8GB RAM, 512GB SSD",13,18359,4.4
2576,Apple Laptop Model 2576,"i7, 8GB RAM, 256GB SSD",13,110192,3.7
2577,Apple Laptop Model 2577,"i5, 8GB RAM, 1TB SSD",26,7457,4.4
2578,Sony Mobile Model 2578,"64MP Camera, 4000mAh Battery, 5G",12,106955,4.5
2579,Acer Mobile Model 2579,"108MP Camera, 6000mAh Battery, 5G",49,45547,4.7
2580,Xiaomi Smartwatch Model 2580,"Heart Rate, LCD Display",21,121111,4.4
2581,OnePlus Mobile Model 2581,"50MP Camera, 5000mAh Battery, 5G",49,125344,4.0
2582,Sony Laptop Model 2582,"i7, 16GB RAM, 1TB SSD",19,95923,3.6
2583,Sony Laptop Model 2583,"i5, 32GB RAM, 256GB SSD",17,83623,3.6
2584,Sony Smartwatch Model 2584,"GPS, AMOLED Display",19,67114,3.4
2585,Samsung Mobile Model 2585,"50MP Camera, 5000mAh Battery, 5G",28,95641,4.6
2586,HP Laptop Model 2586,"i5, 16GB RAM, 256GB SSD",31,48521,4.9
2587,Acer Mobile Model 2587,"50MP Camera, 6000mAh Battery, 5G",43,81699,4.8
2588,Asus Mobile Model 2588,"64MP Camera, 6000mAh Battery, 5G",27,87555,3.4
2589,Asus Laptop Model 2589,"i5, 8GB RAM, 512GB SSD",38,54440,4.8
2590,Lenovo Laptop Model 2590,"Ryzen 7, 16GB RAM, 512GB SSD",16,89224,3.4
2591,OnePlus Smartwatch Model 2591,"GPS, AMOLED Display",26,131151,3.7
2592,HP Mobile Model 2592,"64MP Camera, 6000mAh Battery, 5G",14,69818,4.9
2593,Lenovo Smartwatch Model 2593,"GPS, LCD Display",35,26387,4.4
2594,HP Mobile Model 2594,"64MP Camera, 4000mAh Battery, 5G",38,38985,4.4
2595,Samsung Smartwatch Model 2595,"SpO2, AMOLED Display",38,108955,4.0
2596,Xiaomi Mobile Model 2596,"50MP Camera, 5000mAh Battery, 5G",30,114857,4.0
2597,Lenovo Smartwatch Model 2597,"SpO2, LCD Display",37,57000,3.7
2598,Apple Laptop Model 2598,"i5, 8GB RAM, 256GB SSD",38,116095,3.6
2599,OnePlus Smartwatch Model 2599,"GPS, AMOLED Display",26,79832,3.4
2600,Samsung Mobile Model 2600,"64MP Camera, 4000mAh Battery, 5G",11,144949,4.1
2601,Sony Mobile Model 2601,"108MP Camera, 5000mAh Battery, 5G",39,50996,3.0
2602,Lenovo Laptop Model 2602,"Ryzen 7, 16GB RAM, 512GB SSD",15,121168,4.9
2603,Xiaomi Laptop Model 2603,"i7, 8GB RAM, 1TB SSD",44,70014,3.7
2604,Asus Mobile Model 2604,"64MP Camera, 5000mAh Battery, 5G",44,5968,3.0
2605,Lenovo Mobile Model 2605,"108MP Camera, 6000mAh Battery, 5G",9,66957,4.8
2606,Acer Smartwatch Model 2606,"SpO2, AMOLED Display",23,111768,3.9
2607,Lenovo Smartwatch Model 2607,"Heart Rate, LCD Display",7,74046,3.8
2608,Acer Smartwatch Model 2608,"GPS, LCD Display",17,40786,4.3
2609,Acer Mobile Model 2609,"50MP Camera, 5000mAh Battery, 5G",7,98584,4.0
2610,Acer Smartwatch Model 2610,"GPS, AMOLED Display",9,19008,4.9
2611,Apple Laptop Model 2611,"Ryzen 7, 8GB RAM, 512GB SSD",10,55500,3.6
2612,Apple Mobile Model 2612,"50MP Camera, 6000mAh Battery, 5G",29,39454,4.3
2613,HP Mobile Model 2613,"64MP Camera, 5000mAh Battery, 5G",35,107629,3.5
2614,OnePlus Mobile Model 2614,"108MP Camera, 5000mAh Battery, 5G",41,124695,3.3
2615,Samsung Laptop Model 2615,"i5, 16GB RAM, 512GB SSD",17,141766,4.2
2616,Dell Mobile Model 2616,"108MP Camera, 5000mAh Battery, 5G",48,26382,4.6
2617,Asus Laptop Model 2617,"i7, 32GB RAM, 1TB SSD",25,93985,4.9
2618,Samsung Laptop Model 2618,"i5, 8GB RAM, 1TB SSD",14,76402,3.5
2619,Samsung Laptop Model 2619,"Ryzen 5, 16GB RAM, 256GB SSD",36,45593,3.0
2620,HP Smartwatch Model 2620,"GPS, LCD Display",42,61917,3.7
2621,Dell Smartwatch Model 2621,"Heart Rate, AMOLED Display",28,19274,4.0
2622,Lenovo Laptop Model 2622,"Ryzen 7, 16GB RAM, 512GB SSD",16,110121,3.9
2623,Acer Laptop Model 2623,"Ryzen 7, 16GB RAM, 512GB SSD",46,36666,4.4
2624,Lenovo Laptop Model 2624,"Ryzen 5, 16GB RAM, 256GB SSD",32,128504,3.6
2625,Samsung Mobile Model 2625,"50MP Camera, 6000mAh Battery, 5G",31,9427,4.1
2626,Asus Mobile Model 2626,"50MP Camera, 6000mAh Battery, 5G",24,58485,4.7
2627,Xiaomi Laptop Model 2627,"i7, 16GB RAM, 256GB SSD",29,28451,4.6
2628,Lenovo Mobile Model 2628,"64MP Camera, 5000mAh Battery, 5G",41,70441,3.4
2629,Asus Smartwatch Model 2629,"GPS, LCD Display",27,46368,4.5
2630,Dell Laptop Model 2630,"Ryzen 7, 16GB RAM, 1TB SSD",36,134477,3.4
2631,Lenovo Mobile Model 2631,"64MP Camera, 5000mAh Battery, 5G",30,52815,4.9
2632,Sony Smartwatch Model 2632,"Heart Rate, LCD Display",48,34397,4.2
2633,Sony Mobile Model 2633,"50MP Camera, 5000mAh Battery, 5G",26,123607,4.1
2634,Lenovo Mobile Model 2634,"108MP Camera, 5000mAh Battery, 5G",48,101030,4.9
2635,Sony Mobile Model 2635,"50MP Camera, 5000mAh Battery, 5G",7,40785,3.3
2636,Acer Mobile Model 2636,"64MP Camera, 4000mAh Battery, 5G",36,133309,4.1
2637,Apple Smartwatch Model 2637,"Heart Rate, AMOLED Display",48,133120,3.3
2638,Asus Laptop Model 2638,"Ryzen 7, 16GB RAM, 1TB SSD",38,130742,3.0
2639,Sony Laptop Model 2639,"Ryzen 7, 16GB RAM, 512GB SSD",20,84572,4.8
2640,Lenovo Laptop Model 2640,"Ryzen 7, 16GB RAM, 1TB SSD",12,38847,4.0
2641,Xiaomi Smartwatch Model 2641,"Heart Rate, LCD Display",48,87514,3.8
2642,Samsung Smartwatch Model 2642,"GPS, AMOLED Display",33,82410,4.1
2643,Sony Mobile Model 2643,"64MP Camera, 4000mAh Battery, 5G",8,141615,3.7
2644,Samsung Mobile Model 2644,"64MP Camera, 6000mAh Battery, 5G",47,44371,4.2
2645,Samsung Laptop Model 2645,"i7, 8GB RAM, 256GB SSD",49,135132,4.0
2646,Xiaomi Smartwatch Model 2646,"GPS, AMOLED Display",8,24028,3.3
2647,Asus Mobile Model 2647,"64MP Camera, 5000mAh Battery, 5G",30,81222,3.4
2648,Acer Laptop Model 2648,"i5, 32GB RAM, 256GB SSD",26,72648,3.3
2649,Samsung Mobile Model 2649,"108MP Camera, 4000mAh Battery, 5G",29,72246,4.1
2650,Lenovo Laptop Model 2650,"Ryzen 7, 32GB RAM, 256GB SSD",13,42950,4.8
2651,Sony Laptop Model 2651,"Ryzen 7, 32GB RAM, 1TB SSD",10,141798,3.0
2652,Apple Mobile Model 2652,"50MP Camera, 6000mAh Battery, 5G",41,91526,3.7
2653,OnePlus Mobile Model 2653,"108MP Camera, 6000mAh Battery, 5G",37,108528,4.0
2654,Sony Mobile Model 2654,"50MP Camera, 6000mAh Battery, 5G",17,11749,3.6
2655,HP Mobile Model 2655,"64MP Camera, 4000mAh Battery, 5G",33,65547,4.6
2656,OnePlus Smartwatch Model 2656,"Heart Rate, LCD Display",44,19598,4.1
2657,Apple Laptop Model 2657,"Ryzen 5, 32GB RAM, 1TB SSD",26,80751,4.2
2658,Lenovo Smartwatch Model 2658,"GPS, AMOLED Display",36,62239,4.9
2659,Acer Smartwatch Model 2659,"Heart Rate, LCD Display",33,144323,3.9
2660,Lenovo Smartwatch Model 2660,"Heart Rate, AMOLED Display",38,108418,3.2
2661,Dell Smartwatch Model 2661,"Heart Rate, AMOLED Display",25,83838,3.0
2662,Dell Mobile Model 2662,"64MP Camera, 5000mAh Battery, 5G",40,34726,4.5
2663,Dell Mobile Model 2663,"108MP Camera, 4000mAh Battery, 5G",34,76524,3.8
2664,Acer Smartwatch Model 2664,"SpO2, LCD Display",19,104811,4.1
2665,Asus Smartwatch Model 2665,"SpO2, AMOLED Display",25,30471,3.9
2666,Sony Laptop Model 2666,"i7, 8GB RAM, 1TB SSD",20,6187,4.6
2667,Lenovo Laptop Model 2667,"i5, 8GB RAM, 512GB SSD",37,130149,4.4
2668,Apple Mobile Model 2668,"64MP Camera, 6000mAh Battery, 5G",6,29820,4.5
2669,Acer Mobile Model 2669,"50MP Camera, 5000mAh Battery, 5G",35,124921,3.8
2670,Samsung Laptop Model 2670,"i7, 16GB RAM, 256GB SSD",27,141358,3.8
2671,Sony Smartwatch Model 2671,"SpO2, AMOLED Display",41,23700,3.2
2672,Asus Laptop Model 2672,"Ryzen 5, 8GB RAM, 256GB SSD",16,24264,4.4
2673,HP Mobile Model 2673,"50MP Camera, 4000mAh Battery, 5G",21,65915,3.2
2674,OnePlus Smartwatch Model 2674,"GPS, AMOLED Display",22,142127,3.1
2675,Sony Smartwatch Model 2675,"Heart Rate, AMOLED Display",9,47473,3.9
2676,Lenovo Laptop Model 2676,"Ryzen 5, 8GB RAM, 256GB SSD",31,20237,4.6
2677,HP Laptop Model 2677,"Ryzen 5, 32GB RAM, 1TB SSD",36,77089,4.0
2678,Dell Mobile Model 2678,"108MP Camera, 4000mAh Battery, 5G",40,33146,4.6
2679,Apple Laptop Model 2679,"Ryzen 5, 32GB RAM, 256GB SSD",9,29277,4.1
2680,Asus Smartwatch Model 2680,"GPS, LCD Display",29,73189,3.7
2681,Acer Mobile Model 2681,"108MP Camera, 6000mAh Battery, 5G",27,108244,4.0
2682,Lenovo Mobile Model 2682,"50MP Camera, 4000mAh Battery, 5G",42,61310,3.0
2683,Xiaomi Mobile Model 2683,"50MP Camera, 4000mAh Battery, 5G",28,128932,3.5
2684,Samsung Smartwatch Model 2684,"Heart Rate, LCD Display",48,64473,3.5
2685,Lenovo Mobile Model 2685,"108MP Camera, 6000mAh Battery, 5G",13,101274,5.0
2686,Apple Mobile Model 2686,"108MP Camera, 4000mAh Battery, 5G",42,49021,4.5
2687,Dell Laptop Model 2687,"Ryzen 7, 32GB RAM, 256GB SSD",48,85293,3.9
2688,Dell Smartwatch Model 2688,"GPS, AMOLED Display",9,90518,4.8
2689,Dell Laptop Model 2689,"i5, 8GB RAM, 256GB SSD",6,78099,4.5
2690,HP Mobile Model 2690,"50MP Camera, 4000mAh Battery, 5G",49,121663,4.6
2691,Samsung Mobile Model 2691,"108MP Camera, 6000mAh Battery, 5G",35,95379,3.2
2692,HP Smartwatch Model 2692,"Heart Rate, LCD Display",24,39916,4.7
2693,Apple Smartwatch Model 2693,"Heart Rate, AMOLED Display",40,132582,3.6
2694,Xiaomi Mobile Model 2694,"50MP Camera, 4000mAh Battery, 5G",45,112499,3.4
2695,HP Mobile Model 2695,"50MP Camera, 4000mAh Battery, 5G",28,113692,4.1
2696,Samsung Smartwatch Model 2696,"Heart Rate, AMOLED Display",47,38805,4.8
2697,Dell Mobile Model 2697,"50MP Camera, 5000mAh Battery, 5G",13,105112,3.9
2698,Acer Mobile Model 2698,"108MP Camera, 6000mAh Battery, 5G",13,104682,4.2
2699,Apple Mobile Model 2699,"50MP Camera, 6000mAh Battery, 5G",41,144948,3.4
2700,Acer Smartwatch Model 2700,"GPS, LCD Display",46,45783,3.2
2701,Asus Laptop Model 2701,"Ryzen 7, 16GB RAM, 512GB SSD",19,66695,3.8
2702,OnePlus Laptop Model 2702,"i5, 8GB RAM, 1TB SSD",17,56260,4.7
2703,Apple Laptop Model 2703,"i5, 16GB RAM, 256GB SSD",18,137638,3.3
2704,Samsung Mobile Model 2704,"64MP Camera, 5000mAh Battery, 5G",38,34480,3.5
2705,Acer Laptop Model 2705,"i5, 8GB RAM, 1TB SSD",20,14883,4.5
2706,Apple Mobile Model 2706,"108MP Camera, 4000mAh Battery, 5G",23,127737,4.7
2707,Acer Mobile Model 2707,"108MP Camera, 6000mAh Battery, 5G",44,140765,3.0
2708,Samsung Mobile Model 2708,"108MP Camera, 6000mAh Battery, 5G",37,105159,3.7
2709,Lenovo Laptop Model 2709,"Ryzen 7, 32GB RAM, 512GB SSD",24,74559,4.4
2710,Acer Mobile Model 2710,"108MP Camera, 4000mAh Battery, 5G",44,5375,5.0
2711,Samsung Laptop Model 2711,"Ryzen 7, 8GB RAM, 1TB SSD",48,140538,4.7
2712,HP Smartwatch Model 2712,"GPS, AMOLED Display",21,80902,3.1
2713,Apple Mobile Model 2713,"50MP Camera, 4000mAh Battery, 5G",38,52182,3.4
2714,Dell Mobile Model 2714,"64MP Camera, 4000mAh Battery, 5G",45,45148,4.9
2715,Samsung Smartwatch Model 2715,"Heart Rate, AMOLED Display",27,86174,3.1
2716,Dell Smartwatch Model 2716,"Heart Rate, AMOLED Display",38,120613,3.7
2717,Samsung Smartwatch Model 2717,"GPS, AMOLED Display",37,42937,3.9
2718,Lenovo Laptop Model 2718,"i7, 32GB RAM, 1TB SSD",22,10149,3.9
2719,Dell Smartwatch Model 2719,"Heart Rate, AMOLED Display",45,69209,4.5
2720,HP Smartwatch Model 2720,"GPS, AMOLED Display",10,108613,4.6
2721,HP Mobile Model 2721,"108MP Camera, 5000mAh Battery, 5G",32,10654,4.0
2722,Lenovo Mobile Model 2722,"108MP Camera, 6000mAh Battery, 5G",27,101063,4.8
2723,Acer Smartwatch Model 2723,"GPS, LCD Display",29,51352,4.1
2724,Samsung Smartwatch Model 2724,"SpO2, LCD Display",50,47179,4.7
2725,Apple Smartwatch Model 2725,"GPS, LCD Display",48,42070,3.3
2726,HP Mobile Model 2726,"64MP Camera, 4000mAh Battery, 5G",36,82941,4.4
2727,Sony Laptop Model 2727,"Ryzen 7, 16GB RAM, 1TB SSD",50,40534,3.1
2728,Asus Smartwatch Model 2728,"GPS, AMOLED Display",28,134031,4.7
2729,Dell Smartwatch Model 2729,"GPS, AMOLED Display",18,111289,4.6
2730,Lenovo Laptop Model 2730,"Ryzen 5, 16GB RAM, 256GB SSD",50,126640,4.2
2731,Acer Mobile Model 2731,"108MP Camera, 5000mAh Battery, 5G",36,23794,3.3
2732,Asus Smartwatch Model 2732,"SpO2, AMOLED Display",32,7132,3.7
2733,Dell Smartwatch Model 2733,"SpO2, LCD Display",24,147712,3.6
2734,HP Mobile Model 2734,"64MP Camera, 4000mAh Battery, 5G",24,12297,3.3
2735,Asus Smartwatch Model 2735,"GPS, LCD Display",21,121326,4.5
2736,Xiaomi Mobile Model 2736,"50MP Camera, 4000mAh Battery, 5G",14,52290,4.6
2737,Lenovo Laptop Model 2737,"Ryzen 7, 32GB RAM, 1TB SSD",5,41869,3.8
2738,Sony Smartwatch Model 2738,"SpO2, LCD Display",41,62139,3.6
2739,Xiaomi Mobile Model 2739,"64MP Camera, 6000mAh Battery, 5G",11,63084,5.0
2740,Samsung Laptop Model 2740,"i7, 8GB RAM, 1TB SSD",13,147351,4.4
2741,Samsung Mobile Model 2741,"50MP Camera, 5000mAh Battery, 5G",39,112458,3.2
2742,HP Laptop Model 2742,"Ryzen 7, 32GB RAM, 256GB SSD",22,131524,3.6
2743,Acer Laptop Model 2743,"Ryzen 5, 16GB RAM, 512GB SSD",44,25780,3.9
2744,OnePlus Mobile Model 2744,"50MP Camera, 4000mAh Battery, 5G",23,122794,4.9
2745,Xiaomi Smartwatch Model 2745,"SpO2, AMOLED Display",31,75381,3.6
2746,Asus Smartwatch Model 2746,"Heart Rate, AMOLED Display",15,143959,3.1
2747,Sony Mobile Model 2747,"108MP Camera, 4000mAh Battery, 5G",35,70334,3.4
2748,Samsung Laptop Model 2748,"i7, 8GB RAM, 256GB SSD",45,130376,3.2
2749,Xiaomi Mobile Model 2749,"64MP Camera, 6000mAh Battery, 5G",48,14024,4.8
2750,HP Mobile Model 2750,"108MP Camera, 6000mAh Battery, 5G",7,18535,3.9
2751,Samsung Mobile Model 2751,"108MP Camera, 6000mAh Battery, 5G",19,103674,3.8
2752,Apple Laptop Model 2752,"Ryzen 7, 16GB RAM, 1TB SSD",39,17334,5.0
2753,Acer Smartwatch Model 2753,"GPS, AMOLED Display",11,111851,3.1
2754,Lenovo Laptop Model 2754,"Ryzen 7, 16GB RAM, 1TB SSD",7,96726,3.5
2755,Asus Smartwatch Model 2755,"Heart Rate, LCD Display",9,7134,4.0
2756,Xiaomi Laptop Model 2756,"i7, 16GB RAM, 1TB SSD",28,100525,4.9
2757,Acer Laptop Model 2757,"Ryzen 7, 32GB RAM, 256GB SSD",37,128628,3.8
2758,Asus Mobile Model 2758,"108MP Camera, 6000mAh Battery, 5G",29,141949,4.5
2759,HP Laptop Model 2759,"i5, 16GB RAM, 256GB SSD",18,136463,4.9
2760,OnePlus Smartwatch Model 2760,"GPS, LCD Display",27,37913,3.9
2761,Asus Mobile Model 2761,"64MP Camera, 5000mAh Battery, 5G",37,52440,3.0
2762,Sony Laptop Model 2762,"Ryzen 5, 8GB RAM, 1TB SSD",7,15630,4.6
2763,Apple Smartwatch Model 2763,"SpO2, LCD Display",14,116844,4.8
2764,OnePlus Mobile Model 2764,"108MP Camera, 5000mAh Battery, 5G",41,120369,4.3
2765,Acer Laptop Model 2765,"Ryzen 5, 32GB RAM, 1TB SSD",16,81673,4.0
2766,Lenovo Laptop Model 2766,"i5, 8GB RAM, 256GB SSD",30,84434,3.5
2767,Acer Laptop Model 2767,"Ryzen 5, 16GB RAM, 1TB SSD",13,52282,3.4
2768,Apple Mobile Model 2768,"108MP Camera, 5000mAh Battery, 5G",50,59374,4.4
2769,Sony Mobile Model 2769,"50MP Camera, 5000mAh Battery, 5G",10,112026,4.5
2770,Dell Laptop Model 2770,"i7, 16GB RAM, 1TB SSD",46,67894,3.7
2771,Xiaomi Smartwatch Model 2771,"Heart Rate, LCD Display",48,36767,3.5
2772,HP Mobile Model 2772,"64MP Camera, 6000mAh Battery, 5G",25,85760,4.1
2773,Sony Laptop Model 2773,"Ryzen 5, 32GB RAM, 512GB SSD",47,138441,4.1
2774,OnePlus Smartwatch Model 2774,"SpO2, AMOLED Display",48,69997,4.2
2775,Samsung Mobile Model 2775,"50MP Camera, 6000mAh Battery, 5G",37,87984,3.1
2776,HP Mobile Model 2776,"50MP Camera, 4000mAh Battery, 5G",20,44518,3.4
2777,Asus Smartwatch Model 2777,"GPS, AMOLED Display",34,81294,3.6
2778,Dell Smartwatch Model 2778,"Heart Rate, LCD Display",33,140637,4.6
2779,Samsung Laptop Model 2779,"i7, 8GB RAM, 1TB SSD",10,18757,3.2
2780,Xiaomi Laptop Model 2780,"i5, 8GB RAM, 512GB SSD",44,120647,3.4
2781,Asus Mobile Model 2781,"64MP Camera, 5000mAh Battery, 5G",45,106789,4.7
2782,Lenovo Laptop Model 2782,"Ryzen 7, 32GB RAM, 256GB SSD",42,51582,4.9
2783,OnePlus Mobile Model 2783,"108MP Camera, 4000mAh Battery, 5G",36,123263,3.4
2784,Apple Smartwatch Model 2784,"Heart Rate, AMOLED Display",9,137260,3.7
2785,HP Mobile Model 2785,"64MP Camera, 4000mAh Battery, 5G",38,73078,3.1
2786,Samsung Mobile Model 2786,"50MP Camera, 6000mAh Battery, 5G",14,63292,3.7
2787,Lenovo Laptop Model 2787,"Ryzen 5, 32GB RAM, 1TB SSD",34,71443,3.7
2788,Acer Laptop Model 2788,"i5, 16GB RAM, 1TB SSD",17,140175,4.7
2789,Lenovo Smartwatch Model 2789,"GPS, LCD Display",10,143553,4.5
2790,OnePlus Laptop Model 2790,"Ryzen 5, 16GB RAM, 1TB SSD",36,19811,4.5
2791,Apple Laptop Model 2791,"i7, 8GB RAM, 256GB SSD",32,73033,4.9
2792,Xiaomi Laptop Model 2792,"i5, 8GB RAM, 1TB SSD",40,67566,4.1
2793,Dell Smartwatch Model 2793,"Heart Rate, LCD Display",18,125498,3.3
2794,Dell Mobile Model 2794,"108MP Camera, 5000mAh Battery, 5G",5,18229,3.7
2795,OnePlus Mobile Model 2795,"108MP Camera, 4000mAh Battery, 5G",22,10067,3.3
2796,Dell Smartwatch Model 2796,"SpO2, AMOLED Display",35,66615,3.1
2797,Asus Smartwatch Model 2797,"GPS, LCD Display",12,41219,4.8
2798,Dell Laptop Model 2798,"Ryzen 5, 16GB RAM, 256GB SSD",34,76959,3.5
2799,Lenovo Laptop Model 2799,"i5, 16GB RAM, 512GB SSD",5,55590,4.3
2800,OnePlus Smartwatch Model 2800,"Heart Rate, LCD Display",18,147805,3.7
2801,Apple Smartwatch Model 2801,"GPS, LCD Display",21,66871,5.0
2802,OnePlus Smartwatch Model 2802,"Heart Rate, LCD Display",40,8390,3.4
2803,Sony Mobile Model 2803,"50MP Camera, 6000mAh Battery, 5G",11,149915,3.2
2804,Lenovo Smartwatch Model 2804,"Heart Rate, AMOLED Display",24,71823,4.6
2805,Asus Mobile Model 2805,"64MP Camera, 5000mAh Battery, 5G",7,115512,3.2
2806,OnePlus Smartwatch Model 2806,"SpO2, LCD Display",30,95407,4.9
2807,HP Smartwatch Model 2807,"Heart Rate, LCD Display",43,74137,3.7
2808,Lenovo Smartwatch Model 2808,"SpO2, AMOLED Display",29,134962,5.0
2809,Lenovo Smartwatch Model 2809,"GPS, AMOLED Display",31,105679,4.8
2810,Xiaomi Smartwatch Model 2810,"GPS, LCD Display",40,64422,3.3
2811,Samsung Mobile Model 2811,"50MP Camera, 5000mAh Battery, 5G",8,144357,4.9
2812,Apple Laptop Model 2812,"i7, 16GB RAM, 1TB SSD",44,103562,4.8
2813,Asus Laptop Model 2813,"Ryzen 5, 8GB RAM, 512GB SSD",11,48251,4.3
2814,Samsung Laptop Model 2814,"Ryzen 7, 8GB RAM, 512GB SSD",43,55542,3.7
2815,Dell Smartwatch Model 2815,"Heart Rate, AMOLED Display",19,111174,3.8
2816,HP Mobile Model 2816,"108MP Camera, 6000mAh Battery, 5G",27,29968,4.9
2817,HP Smartwatch Model 2817,"GPS, LCD Display",44,78508,3.2
2818,HP Laptop Model 2818,"i7, 8GB RAM, 256GB SSD",26,16040,4.5
2819,Apple Laptop Model 2819,"i5, 8GB RAM, 512GB SSD",42,89881,4.5
2820,HP Mobile Model 2820,"108MP Camera, 4000mAh Battery, 5G",8,103832,3.5
2821,HP Smartwatch Model 2821,"SpO2, AMOLED Display",22,61047,3.3
2822,Acer Smartwatch Model 2822,"SpO2, AMOLED Display",27,23843,3.8
2823,OnePlus Mobile Model 2823,"108MP Camera, 5000mAh Battery, 5G",33,11214,3.3
2824,Sony Mobile Model 2824,"50MP Camera, 5000mAh Battery, 5G",44,112566,4.7
2825,HP Laptop Model 2825,"Ryzen 5, 8GB RAM, 256GB SSD",33,121715,3.1
2826,Sony Laptop Model 2826,"Ryzen 5, 32GB RAM, 512GB SSD",37,23750,3.8
2827,Samsung Mobile Model 2827,"108MP Camera, 5000mAh Battery, 5G",48,80964,3.3
2828,Dell Smartwatch Model 2828,"SpO2, AMOLED Display",46,82938,4.4
2829,Acer Laptop Model 2829,"i5, 8GB RAM, 1TB SSD",46,114606,3.5
2830,Dell Laptop Model 2830,"Ryzen 7, 16GB RAM, 256GB SSD",24,14895,4.7
2831,Acer Smartwatch Model 2831,"GPS, LCD Display",41,7113,3.3
2832,Lenovo Laptop Model 2832,"i7, 16GB RAM, 1TB SSD",29,137166,3.5
2833,OnePlus Smartwatch Model 2833,"SpO2, AMOLED Display",12,47946,3.4
2834,Apple Mobile Model 2834,"50MP Camera, 5000mAh Battery, 5G",10,7700,4.0
2835,Sony Laptop Model 2835,"Ryzen 7, 16GB RAM, 256GB SSD",37,126765,3.8
2836,Lenovo Mobile Model 2836,"108MP Camera, 6000mAh Battery, 5G",30,77452,3.6
2837,Asus Laptop Model 2837,"Ryzen 7, 32GB RAM, 1TB SSD",7,21542,4.6
2838,OnePlus Mobile Model 2838,"50MP Camera, 4000mAh Battery, 5G",18,116487,4.4
2839,Asus Mobile Model 2839,"64MP Camera, 4000mAh Battery, 5G",32,126531,4.5
2840,Acer Mobile Model 2840,"50MP Camera, 5000mAh Battery, 5G",13,11048,3.3
2841,Samsung Smartwatch Model 2841,"Heart Rate, AMOLED Display",32,94060,3.4
2842,Xiaomi Smartwatch Model 2842,"GPS, AMOLED Display",14,82354,4.6
2843,Dell Laptop Model 2843,"Ryzen 7, 16GB RAM, 256GB SSD",31,109639,4.8
2844,Lenovo Laptop Model 2844,"i7, 8GB RAM, 512GB SSD",23,105387,3.2
2845,Samsung Mobile Model 2845,"50MP Camera, 6000mAh Battery, 5G",28,78027,4.1
2846,Dell Mobile Model 2846,"50MP Camera, 6000mAh Battery, 5G",6,54954,4.7
2847,Lenovo Laptop Model 2847,"i5, 16GB RAM, 512GB SSD",39,116593,4.7
2848,Apple Laptop Model 2848,"i5, 32GB RAM, 512GB SSD",35,46283,4.9
2849,Asus Smartwatch Model 2849,"SpO2, LCD Display",46,138944,4.0
2850,OnePlus Laptop Model 2850,"i7, 32GB RAM, 1TB SSD",18,39420,4.6
2851,Samsung Laptop Model 2851,"i7, 8GB RAM, 512GB SSD",35,34862,3.0
2852,Sony Mobile Model 2852,"50MP Camera, 5000mAh Battery, 5G",6,94054,4.1
2853,Lenovo Laptop Model 2853,"Ryzen 5, 8GB RAM, 512GB SSD",21,77709,3.9
2854,Apple Mobile Model 2854,"108MP Camera, 6000mAh Battery, 5G",10,49486,4.1
2855,Apple Smartwatch Model 2855,"GPS, LCD Display",6,133215,3.5
2856,OnePlus Smartwatch Model 2856,"Heart Rate, AMOLED Display",18,21925,4.9
2857,HP Smartwatch Model 2857,"Heart Rate, AMOLED Display",20,72173,3.9
2858,OnePlus Smartwatch Model 2858,"SpO2, AMOLED Display",24,123102,3.7
2859,Sony Smartwatch Model 2859,"SpO2, AMOLED Display",15,105203,4.0
2860,Lenovo Laptop Model 2860,"Ryzen 5, 8GB RAM, 1TB SSD",47,34354,3.9
2861,Xiaomi Mobile Model 2861,"50MP Camera, 4000mAh Battery, 5G",22,119146,3.5
2862,Apple Smartwatch Model 2862,"GPS, LCD Display",39,26461,3.1
2863,Xiaomi Laptop Model 2863,"Ryzen 5, 16GB RAM, 512GB SSD",39,78791,4.9
2864,OnePlus Laptop Model 2864,"i7, 32GB RAM, 1TB SSD",29,33037,3.3
2865,Xiaomi Smartwatch Model 2865,"SpO2, AMOLED Display",49,116057,3.7
2866,Asus Mobile Model 2866,"64MP Camera, 5000mAh Battery, 5G",12,105604,3.9
2867,Acer Smartwatch Model 2867,"SpO2, AMOLED Display",13,59352,3.4
2868,Asus Laptop Model 2868,"Ryzen 7, 16GB RAM, 512GB SSD",18,20788,4.1
2869,Dell Mobile Model 2869,"64MP Camera, 6000mAh Battery, 5G",34,32571,3.2
2870,Sony Laptop Model 2870,"Ryzen 5, 16GB RAM, 1TB SSD",46,36382,4.5
2871,Asus Smartwatch Model 2871,"SpO2, LCD Display",36,34548,3.5
2872,Samsung Laptop Model 2872,"Ryzen 7, 32GB RAM, 512GB SSD",17,144639,3.3
2873,Samsung Mobile Model 2873,"50MP Camera, 6000mAh Battery, 5G",43,16269,3.7
2874,Sony Mobile Model 2874,"108MP Camera, 5000mAh Battery, 5G",21,21565,3.7
2875,Sony Smartwatch Model 2875,"SpO2, AMOLED Display",45,103344,4.8
2876,Sony Mobile Model 2876,"50MP Camera, 6000mAh Battery, 5G",15,122976,3.6
2877,OnePlus Laptop Model 2877,"i5, 8GB RAM, 256GB SSD",21,22967,3.6
2878,HP Smartwatch Model 2878,"Heart Rate, AMOLED Display",9,108244,3.3
2879,Asus Smartwatch Model 2879,"SpO2, AMOLED Display",17,36577,3.6
2880,Apple Laptop Model 2880,"i7, 16GB RAM, 512GB SSD",47,10228,4.0
2881,Acer Mobile Model 2881,"64MP Camera, 4000mAh Battery, 5G",16,112575,3.2
2882,Sony Laptop Model 2882,"i7, 16GB RAM, 256GB SSD",13,89333,4.7
2883,Sony Laptop Model 2883,"Ryzen 7, 8GB RAM, 256GB SSD",23,86397,4.4
2884,Apple Laptop Model 2884,"Ryzen 7, 8GB RAM, 256GB SSD",34,101834,3.9
2885,Asus Mobile Model 2885,"108MP Camera, 4000mAh Battery, 5G",10,103426,3.4
2886,OnePlus Mobile Model 2886,"64MP Camera, 5000mAh Battery, 5G",11,83929,3.6
2887,Dell Laptop Model 2887,"i5, 16GB RAM, 512GB SSD",23,33223,4.0
2888,Acer Smartwatch Model 2888,"SpO2, AMOLED Display",21,101959,4.1
2889,Acer Smartwatch Model 2889,"GPS, AMOLED Display",16,30710,4.2
2890,OnePlus Laptop Model 2890,"i5, 8GB RAM, 1TB SSD",36,124847,4.3
2891,Sony Smartwatch Model 2891,"SpO2, LCD Display",44,117871,4.8
2892,HP Mobile Model 2892,"108MP Camera, 4000mAh Battery, 5G",10,42408,4.1
2893,OnePlus Smartwatch Model 2893,"GPS, LCD Display",43,87512,3.7
2894,Lenovo Smartwatch Model 2894,"SpO2, AMOLED Display",17,99414,4.6
2895,Sony Mobile Model 2895,"64MP Camera, 6000mAh Battery, 5G",32,20043,4.0
2896,Dell Smartwatch Model 2896,"SpO2, LCD Display",50,40793,4.0
2897,Lenovo Laptop Model 2897,"i5, 8GB RAM, 256GB SSD",30,113831,3.5
2898,Asus Laptop Model 2898,"Ryzen 7, 16GB RAM, 512GB SSD",15,69058,3.7
2899,Asus Smartwatch Model 2899,"SpO2, AMOLED Display",27,96167,3.8
2900,Xiaomi Smartwatch Model 2900,"SpO2, AMOLED Display",22,30861,3.3
2901,Xiaomi Mobile Model 2901,"108MP Camera, 5000mAh Battery, 5G",21,57573,3.7
2902,Asus Smartwatch Model 2902,"SpO2, LCD Display",49,51223,3.2
2903,Apple Laptop Model 2903,"Ryzen 5, 8GB RAM, 512GB SSD",24,45251,4.6
2904,OnePlus Mobile Model 2904,"64MP Camera, 4000mAh Battery, 5G",40,7693,4.3
2905,Dell Mobile Model 2905,"50MP Camera, 5000mAh Battery, 5G",12,26344,3.7
2906,Apple Laptop Model 2906,"i7, 32GB RAM, 256GB SSD",32,121798,4.1
2907,Xiaomi Laptop Model 2907,"Ryzen 7, 16GB RAM, 256GB SSD",41,131692,3.8
2908,Sony Smartwatch Model 2908,"SpO2, AMOLED Display",39,90944,3.6
2909,Apple Smartwatch Model 2909,"SpO2, LCD Display",30,27190,4.1
2910,OnePlus Smartwatch Model 2910,"Heart Rate, AMOLED Display",23,121688,3.2
2911,HP Mobile Model 2911,"108MP Camera, 4000mAh Battery, 5G",6,75337,3.8
2912,Acer Mobile Model 2912,"50MP Camera, 5000mAh Battery, 5G",9,50067,3.8
2913,Lenovo Laptop Model 2913,"i7, 32GB RAM, 512GB SSD",37,142220,3.5
2914,Lenovo Laptop Model 2914,"Ryzen 7, 32GB RAM, 256GB SSD",38,127063,4.1
2915,Dell Mobile Model 2915,"108MP Camera, 5000mAh Battery, 5G",40,128002,4.0
2916,Xiaomi Mobile Model 2916,"108MP Camera, 5000mAh Battery, 5G",37,17821,3.7
2917,Sony Mobile Model 2917,"64MP Camera, 6000mAh Battery, 5G",48,136187,4.3
2918,Apple Laptop Model 2918,"i7, 16GB RAM, 512GB SSD",44,89668,4.5
2919,HP Mobile Model 2919,"64MP Camera, 5000mAh Battery, 5G",32,117983,3.3
2920,Apple Mobile Model 2920,"108MP Camera, 4000mAh Battery, 5G",13,67739,3.8
2921,Apple Laptop Model 2921,"Ryzen 7, 32GB RAM, 256GB SSD",21,123229,4.2
2922,Dell Mobile Model 2922,"64MP Camera, 5000mAh Battery, 5G",36,75486,5.0
2923,OnePlus Laptop Model 2923,"i7, 16GB RAM, 512GB SSD",7,62604,4.2
2924,HP Mobile Model 2924,"64MP Camera, 5000mAh Battery, 5G",32,95082,4.9
2925,Apple Smartwatch Model 2925,"SpO2, AMOLED Display",22,136816,4.4
2926,Asus Mobile Model 2926,"64MP Camera, 6000mAh Battery, 5G",26,104224,3.3
2927,HP Smartwatch Model 2927,"SpO2, LCD Display",5,35493,4.8
2928,Acer Smartwatch Model 2928,"Heart Rate, AMOLED Display",32,22342,4.1
2929,Asus Smartwatch Model 2929,"GPS, LCD Display",12,39765,4.4
2930,Samsung Mobile Model 2930,"108MP Camera, 5000mAh Battery, 5G",14,23065,4.7
2931,Lenovo Mobile Model 2931,"50MP Camera, 6000mAh Battery, 5G",31,124734,3.3
2932,Dell Smartwatch Model 2932,"SpO2, LCD Display",41,114310,4.4
2933,Dell Laptop Model 2933,"Ryzen 7, 32GB RAM, 256GB SSD",5,143236,3.4
2934,Acer Smartwatch Model 2934,"GPS, LCD Display",17,22603,4.8
2935,Xiaomi Mobile Model 2935,"64MP Camera, 5000mAh Battery, 5G",35,59262,3.0
2936,HP Mobile Model 2936,"50MP Camera, 4000mAh Battery, 5G",17,122990,4.7
2937,Asus Smartwatch Model 2937,"SpO2, LCD Display",11,107016,4.6
2938,Dell Smartwatch Model 2938,"SpO2, AMOLED Display",40,73862,3.7
2939,Dell Laptop Model 2939,"Ryzen 5, 16GB RAM, 256GB SSD",22,65251,4.1
2940,Xiaomi Laptop Model 2940,"Ryzen 7, 16GB RAM, 256GB SSD",48,8506,3.2
2941,OnePlus Mobile Model 2941,"108MP Camera, 5000mAh Battery, 5G",31,19445,4.1
2942,Lenovo Smartwatch Model 2942,"SpO2, AMOLED Display",23,101610,3.1
2943,Acer Laptop Model 2943,"Ryzen 5, 8GB RAM, 256GB SSD",35,17169,3.6
2944,Acer Smartwatch Model 2944,"SpO2, LCD Display",13,73309,4.7
2945,OnePlus Mobile Model 2945,"50MP Camera, 6000mAh Battery, 5G",50,122980,4.6
2946,Apple Laptop Model 2946,"i7, 8GB RAM, 1TB SSD",6,97462,3.3
2947,HP Smartwatch Model 2947,"Heart Rate, LCD Display",42,48484,4.3
2948,Acer Smartwatch Model 2948,"SpO2, LCD Display",6,31941,4.2
2949,Samsung Smartwatch Model 2949,"SpO2, AMOLED Display",41,20450,3.0
2950,Asus Smartwatch Model 2950,"GPS, AMOLED Display",8,133344,3.7
2951,Samsung Mobile Model 2951,"64MP Camera, 5000mAh Battery, 5G",28,88704,3.1
2952,Lenovo Mobile Model 2952,"50MP Camera, 4000mAh Battery, 5G",5,71997,4.8
2953,Sony Smartwatch Model 2953,"SpO2, AMOLED Display",27,140748,3.9
2954,HP Smartwatch Model 2954,"Heart Rate, AMOLED Display",10,66095,5.0
2955,Acer Laptop Model 2955,"i5, 16GB RAM, 1TB SSD",18,79002,3.2
2956,Lenovo Mobile Model 2956,"50MP Camera, 4000mAh Battery, 5G",33,82192,4.3
2957,Asus Laptop Model 2957,"Ryzen 7, 32GB RAM, 512GB SSD",10,129376,3.4
2958,Samsung Smartwatch Model 2958,"GPS, AMOLED Display",22,128563,4.1
2959,Asus Laptop Model 2959,"i5, 32GB RAM, 256GB SSD",21,11347,4.6
2960,HP Smartwatch Model 2960,"GPS, AMOLED Display",37,123897,4.6
2961,HP Laptop Model 2961,"i7, 32GB RAM, 256GB SSD",7,99087,5.0
2962,Asus Laptop Model 2962,"Ryzen 7, 8GB RAM, 256GB SSD",21,70142,3.8
2963,Sony Smartwatch Model 2963,"GPS, LCD Display",28,136737,4.1
2964,Apple Smartwatch Model 2964,"Heart Rate, AMOLED Display",36,95155,4.5
2965,Acer Laptop Model 2965,"i7, 16GB RAM, 256GB SSD",35,137071,4.9
2966,Asus Smartwatch Model 2966,"Heart Rate, LCD Display",33,111244,4.2
2967,Lenovo Smartwatch Model 2967,"GPS, AMOLED Display",40,15574,4.0
2968,OnePlus Laptop Model 2968,"Ryzen 7, 8GB RAM, 1TB SSD",13,94170,3.3
2969,Asus Laptop Model 2969,"Ryzen 5, 8GB RAM, 256GB SSD",34,31288,3.3
2970,Sony Laptop Model 2970,"Ryzen 7, 32GB RAM, 512GB SSD",40,72435,4.2
2971,Xiaomi Laptop Model 2971,"i5, 32GB RAM, 256GB SSD",42,14224,3.4
2972,Samsung Smartwatch Model 2972,"SpO2, LCD Display",18,100121,4.9
2973,Apple Laptop Model 2973,"i7, 8GB RAM, 512GB SSD",31,15901,3.7
2974,Acer Mobile Model 2974,"64MP Camera, 4000mAh Battery, 5G",34,63983,3.2
2975,Dell Smartwatch Model 2975,"GPS, AMOLED Display",50,51410,3.7
2976,Acer Smartwatch Model 2976,"SpO2, AMOLED Display",38,18954,3.5
2977,Xiaomi Laptop Model 2977,"i7, 16GB RAM, 1TB SSD",38,105541,5.0
2978,Dell Laptop Model 2978,"i5, 16GB RAM, 1TB SSD",14,46159,3.7
2979,OnePlus Smartwatch Model 2979,"Heart Rate, LCD Display",18,37623,3.6
2980,HP Smartwatch Model 2980,"SpO2, AMOLED Display",45,5477,4.5
2981,Lenovo Laptop Model 2981,"i5, 32GB RAM, 512GB SSD",47,77337,4.9
2982,Sony Smartwatch Model 2982,"Heart Rate, LCD Display",47,127666,4.0
2983,Samsung Smartwatch Model 2983,"SpO2, AMOLED Display",33,116963,4.2
2984,Xiaomi Smartwatch Model 2984,"GPS, LCD Display",7,113800,4.0
2985,Xiaomi Smartwatch Model 2985,"Heart Rate, LCD Display",27,136892,4.7
2986,Apple Smartwatch Model 2986,"GPS, LCD Display",21,131386,4.7
2987,OnePlus Laptop Model 2987,"i7, 16GB RAM, 1TB SSD",19,91068,3.9
2988,Lenovo Laptop Model 2988,"Ryzen 5, 8GB RAM, 1TB SSD",46,34412,4.8
2989,Samsung Smartwatch Model 2989,"Heart Rate, LCD Display",24,78070,4.5
2990,Acer Laptop Model 2990,"Ryzen 5, 16GB RAM, 512GB SSD",36,134403,3.1
2991,Sony Laptop Model 2991,"i7, 8GB RAM, 256GB SSD",50,66260,3.3
2992,HP Smartwatch Model 2992,"GPS, LCD Display",10,134813,4.4
2993,HP Mobile Model 2993,"50MP Camera, 4000mAh Battery, 5G",16,106084,4.9
2994,OnePlus Laptop Model 2994,"Ryzen 5, 32GB RAM, 1TB SSD",18,97742,3.6
2995,OnePlus Laptop Model 2995,"i5, 16GB RAM, 1TB SSD",35,149904,4.8
2996,Apple Laptop Model 2996,"i7, 32GB RAM, 512GB SSD",30,50920,4.4
2997,Sony Laptop Model 2997,"Ryzen 5, 16GB RAM, 256GB SSD",33,17205,4.2
2998,Asus Mobile Model 2998,"64MP Camera, 5000mAh Battery, 5G",22,84360,4.8
2999,Apple Laptop Model 2999,"Ryzen 5, 8GB RAM, 1TB SSD",15,53638,3.1
3000,Sony Smartwatch Model 3000,"Heart Rate, LCD Display",34,16433,3.1
3001,Xiaomi Laptop Model 3001,"Ryzen 7, 8GB RAM, 1TB SSD",6,149548,4.3
3002,Dell Mobile Model 3002,"108MP Camera, 4000mAh Battery, 5G",44,23330,4.1
3003,Lenovo Laptop Model 3003,"i7, 16GB RAM, 512GB SSD",5,57901,3.4
3004,Apple Laptop Model 3004,"i7, 8GB RAM, 512GB SSD",38,74702,4.3
3005,Xiaomi Smartwatch Model 3005,"SpO2, LCD Display",28,105998,4.9
3006,Asus Laptop Model 3006,"Ryzen 7, 8GB RAM, 256GB SSD",16,41177,4.7
3007,Acer Laptop Model 3007,"Ryzen 5, 8GB RAM, 512GB SSD",17,92776,3.3
3008,Samsung Smartwatch Model 3008,"GPS, AMOLED Display",30,29974,4.8
3009,HP Laptop Model 3009,"i7, 16GB RAM, 256GB SSD",7,134289,4.7
3010,Sony Mobile Model 3010,"64MP Camera, 5000mAh Battery, 5G",11,120701,4.5
3011,Dell Mobile Model 3011,"64MP Camera, 5000mAh Battery, 5G",33,149711,4.2
3012,Asus Mobile Model 3012,"50MP Camera, 6000mAh Battery, 5G",22,54355,3.9
3013,Lenovo Smartwatch Model 3013,"Heart Rate, AMOLED Display",25,51355,4.5
3014,OnePlus Smartwatch Model 3014,"GPS, AMOLED Display",18,99106,4.6
3015,Lenovo Smartwatch Model 3015,"Heart Rate, AMOLED Display",11,115644,4.9
3016,Asus Laptop Model 3016,"i5, 32GB RAM, 256GB SSD",45,37396,3.2
3017,HP Laptop Model 3017,"Ryzen 5, 16GB RAM, 1TB SSD",41,82175,4.5
3018,Apple Laptop Model 3018,"i5, 16GB RAM, 512GB SSD",49,85207,3.8
3019,OnePlus Smartwatch Model 3019,"GPS, LCD Display",24,45837,3.3
3020,OnePlus Smartwatch Model 3020,"GPS, LCD Display",28,41338,3.3
3021,OnePlus Laptop Model 3021,"i7, 16GB RAM, 512GB SSD",19,24885,3.1
3022,Asus Laptop Model 3022,"Ryzen 5, 8GB RAM, 512GB SSD",38,20593,4.2
3023,Apple Smartwatch Model 3023,"SpO2, LCD Display",23,51740,3.9
3024,Sony Smartwatch Model 3024,"SpO2, LCD Display",30,138533,4.3
3025,Samsung Smartwatch Model 3025,"GPS, AMOLED Display",22,75535,3.1
3026,Dell Mobile Model 3026,"64MP Camera, 4000mAh Battery, 5G",26,95764,3.0
3027,Samsung Laptop Model 3027,"Ryzen 5, 16GB RAM, 256GB SSD",46,72726,3.2
3028,Asus Laptop Model 3028,"Ryzen 7, 32GB RAM, 512GB SSD",24,110413,3.9
3029,Sony Mobile Model 3029,"64MP Camera, 6000mAh Battery, 5G",15,96109,3.8
3030,Sony Laptop Model 3030,"i5, 8GB RAM, 1TB SSD",48,65927,4.7
3031,HP Laptop Model 3031,"Ryzen 7, 16GB RAM, 1TB SSD",10,142758,3.8
3032,Apple Smartwatch Model 3032,"Heart Rate, AMOLED Display",8,145729,4.6
3033,Asus Smartwatch Model 3033,"Heart Rate, LCD Display",39,37868,3.3
3034,Samsung Smartwatch Model 3034,"Heart Rate, LCD Display",8,127190,4.4
3035,OnePlus Laptop Model 3035,"Ryzen 5, 16GB RAM, 256GB SSD",36,58074,3.9
3036,OnePlus Smartwatch Model 3036,"SpO2, LCD Display",12,124770,3.7
3037,Xiaomi Laptop Model 3037,"Ryzen 7, 32GB RAM, 256GB SSD",10,87153,3.4
3038,HP Laptop Model 3038,"i7, 32GB RAM, 512GB SSD",50,79201,4.1
3039,Samsung Smartwatch Model 3039,"SpO2, LCD Display",49,121668,3.0
3040,OnePlus Mobile Model 3040,"50MP Camera, 4000mAh Battery, 5G",45,53623,4.2
3041,Dell Smartwatch Model 3041,"Heart Rate, AMOLED Display",11,129128,3.6
3042,Lenovo Laptop Model 3042,"i5, 16GB RAM, 512GB SSD",27,59613,3.5
3043,Samsung Mobile Model 3043,"108MP Camera, 5000mAh Battery, 5G",43,16048,4.8
3044,Samsung Mobile Model 3044,"108MP Camera, 5000mAh Battery, 5G",19,5489,3.2
3045,Asus Mobile Model 3045,"108MP Camera, 6000mAh Battery, 5G",28,36970,4.5
3046,HP Smartwatch Model 3046,"SpO2, AMOLED Display",7,38471,3.4
3047,Samsung Laptop Model 3047,"i5, 32GB RAM, 1TB SSD",9,70977,3.2
3048,Sony Mobile Model 3048,"50MP Camera, 4000mAh Battery, 5G",37,13767,4.1
3049,OnePlus Mobile Model 3049,"50MP Camera, 4000mAh Battery, 5G",38,45003,3.4
3050,Apple Mobile Model 3050,"64MP Camera, 5000mAh Battery, 5G",23,128899,3.2
3051,HP Smartwatch Model 3051,"Heart Rate, LCD Display",20,82360,3.4
3052,OnePlus Mobile Model 3052,"50MP Camera, 4000mAh Battery, 5G",27,40013,4.3
3053,Samsung Smartwatch Model 3053,"GPS, LCD Display",44,89390,3.3
3054,Acer Laptop Model 3054,"i7, 32GB RAM, 1TB SSD",28,130046,4.1
3055,HP Mobile Model 3055,"108MP Camera, 6000mAh Battery, 5G",16,41749,4.1
3056,Dell Mobile Model 3056,"50MP Camera, 6000mAh Battery, 5G",8,47110,4.4
3057,Sony Smartwatch Model 3057,"GPS, LCD Display",19,44596,3.5
3058,Apple Smartwatch Model 3058,"SpO2, LCD Display",17,9996,4.8
3059,Dell Mobile Model 3059,"108MP Camera, 4000mAh Battery, 5G",44,128424,4.7
3060,Apple Mobile Model 3060,"64MP Camera, 6000mAh Battery, 5G",17,127618,4.3
3061,HP Mobile Model 3061,"64MP Camera, 6000mAh Battery, 5G",29,113811,3.7
3062,Lenovo Smartwatch Model 3062,"SpO2, AMOLED Display",26,41216,3.5
3063,Dell Smartwatch Model 3063,"Heart Rate, LCD Display",20,71273,3.2
3064,Asus Laptop Model 3064,"Ryzen 5, 32GB RAM, 256GB SSD",48,17075,5.0
3065,Apple Smartwatch Model 3065,"SpO2, LCD Display",24,32306,4.9
3066,Xiaomi Laptop Model 3066,"Ryzen 5, 16GB RAM, 1TB SSD",17,69792,4.2
3067,Sony Laptop Model 3067,"Ryzen 5, 16GB RAM, 256GB SSD",45,114356,4.3
3068,Asus Mobile Model 3068,"108MP Camera, 6000mAh Battery, 5G",47,148493,3.5
3069,Xiaomi Mobile Model 3069,"50MP Camera, 4000mAh Battery, 5G",13,8249,3.0
3070,OnePlus Smartwatch Model 3070,"Heart Rate, AMOLED Display",47,28453,3.2
3071,Apple Smartwatch Model 3071,"Heart Rate, AMOLED Display",46,20640,3.8
3072,Apple Mobile Model 3072,"64MP Camera, 4000mAh Battery, 5G",43,104536,3.7
3073,Xiaomi Mobile Model 3073,"108MP Camera, 4000mAh Battery, 5G",21,84724,3.4
3074,Sony Mobile Model 3074,"64MP Camera, 4000mAh Battery, 5G",31,127103,4.8
3075,Lenovo Smartwatch Model 3075,"SpO2, AMOLED Display",8,74784,3.3
3076,HP Mobile Model 3076,"64MP Camera, 6000mAh Battery, 5G",26,57105,3.7
3077,OnePlus Mobile Model 3077,"50MP Camera, 5000mAh Battery, 5G",8,100746,4.5
3078,Dell Laptop Model 3078,"i5, 16GB RAM, 1TB SSD",9,71262,3.1
3079,OnePlus Smartwatch Model 3079,"SpO2, LCD Display",19,136226,5.0
3080,Sony Laptop Model 3080,"i7, 16GB RAM, 256GB SSD",16,138907,3.8
3081,Apple Smartwatch Model 3081,"Heart Rate, AMOLED Display",34,96452,4.1
3082,Sony Smartwatch Model 3082,"GPS, AMOLED Display",23,142253,3.1
3083,OnePlus Mobile Model 3083,"50MP Camera, 6000mAh Battery, 5G",31,49022,4.9
3084,Xiaomi Laptop Model 3084,"i5, 8GB RAM, 512GB SSD",32,116740,3.4
3085,Samsung Laptop Model 3085,"Ryzen 7, 16GB RAM, 512GB SSD",31,46684,3.6
3086,Samsung Mobile Model 3086,"50MP Camera, 5000mAh Battery, 5G",45,9527,4.8
3087,Asus Mobile Model 3087,"64MP Camera, 4000mAh Battery, 5G",12,133451,4.1
3088,Dell Laptop Model 3088,"Ryzen 5, 8GB RAM, 256GB SSD",29,70309,3.8
3089,Xiaomi Laptop Model 3089,"Ryzen 5, 16GB RAM, 1TB SSD",44,133396,3.5
3090,Sony Laptop Model 3090,"Ryzen 5, 32GB RAM, 256GB SSD",31,59727,3.3
3091,Asus Smartwatch Model 3091,"SpO2, LCD Display",24,130468,3.5
3092,Sony Laptop Model 3092,"i7, 16GB RAM, 1TB SSD",37,84445,4.5
3093,Dell Smartwatch Model 3093,"GPS, LCD Display",41,14777,4.8
3094,OnePlus Laptop Model 3094,"Ryzen 7, 16GB RAM, 512GB SSD",11,67877,3.1
3095,Dell Smartwatch Model 3095,"Heart Rate, AMOLED Display",18,90723,3.8
3096,Lenovo Smartwatch Model 3096,"SpO2, AMOLED Display",45,13772,3.8
3097,Acer Laptop Model 3097,"i5, 32GB RAM, 1TB SSD",20,48976,3.0
3098,Dell Laptop Model 3098,"i5, 16GB RAM, 256GB SSD",21,114154,4.3
3099,Samsung Smartwatch Model 3099,"GPS, LCD Display",27,31286,3.5
3100,Sony Laptop Model 3100,"i7, 32GB RAM, 256GB SSD",36,88095,5.0
3101,Lenovo Laptop Model 3101,"i5, 32GB RAM, 1TB SSD",12,144836,3.6
3102,Dell Mobile Model 3102,"108MP Camera, 4000mAh Battery, 5G",16,45967,4.5
3103,Lenovo Mobile Model 3103,"64MP Camera, 5000mAh Battery, 5G",44,101747,5.0
3104,Samsung Mobile Model 3104,"64MP Camera, 4000mAh Battery, 5G",45,9080,3.8
3105,Samsung Laptop Model 3105,"i7, 16GB RAM, 1TB SSD",29,76592,3.8
3106,Acer Mobile Model 3106,"108MP Camera, 5000mAh Battery, 5G",11,28214,3.2
3107,Asus Mobile Model 3107,"108MP Camera, 4000mAh Battery, 5G",45,88878,4.8
3108,Asus Laptop Model 3108,"Ryzen 7, 8GB RAM, 1TB SSD",33,99781,3.4
3109,Lenovo Mobile Model 3109,"50MP Camera, 6000mAh Battery, 5G",26,97659,4.8
3110,OnePlus Laptop Model 3110,"Ryzen 5, 8GB RAM, 512GB SSD",21,90608,4.9
3111,Xiaomi Laptop Model 3111,"Ryzen 5, 16GB RAM, 1TB SSD",43,64115,3.2
3112,HP Smartwatch Model 3112,"Heart Rate, LCD Display",18,88191,3.4
3113,Samsung Mobile Model 3113,"64MP Camera, 5000mAh Battery, 5G",5,138141,3.9
3114,Apple Smartwatch Model 3114,"GPS, LCD Display",15,125271,4.0
3115,Sony Laptop Model 3115,"i7, 16GB RAM, 512GB SSD",25,47486,3.9
3116,Asus Smartwatch Model 3116,"Heart Rate, LCD Display",29,31912,3.2
3117,Dell Mobile Model 3117,"64MP Camera, 5000mAh Battery, 5G",44,44627,4.8
3118,Sony Laptop Model 3118,"i5, 8GB RAM, 256GB SSD",25,49289,4.2
3119,Acer Smartwatch Model 3119,"SpO2, AMOLED Display",32,58187,3.9
3120,Asus Smartwatch Model 3120,"SpO2, AMOLED Display",27,132072,4.6
3121,Xiaomi Mobile Model 3121,"108MP Camera, 5000mAh Battery, 5G",20,41393,3.0
3122,Dell Laptop Model 3122,"Ryzen 5, 32GB RAM, 256GB SSD",39,77762,3.8
3123,Dell Mobile Model 3123,"50MP Camera, 5000mAh Battery, 5G",48,96337,4.1
3124,Sony Smartwatch Model 3124,"Heart Rate, AMOLED Display",15,36990,3.2
3125,HP Laptop Model 3125,"i7, 8GB RAM, 512GB SSD",25,22019,3.7
3126,Apple Mobile Model 3126,"64MP Camera, 6000mAh Battery, 5G",36,146295,4.0
3127,Xiaomi Smartwatch Model 3127,"Heart Rate, AMOLED Display",29,64621,3.7
3128,Sony Laptop Model 3128,"Ryzen 5, 32GB RAM, 1TB SSD",12,139433,4.2
3129,Dell Smartwatch Model 3129,"Heart Rate, LCD Display",48,112805,4.2
3130,OnePlus Smartwatch Model 3130,"Heart Rate, AMOLED Display",27,84560,3.6
3131,Sony Laptop Model 3131,"i7, 8GB RAM, 1TB SSD",6,27801,4.5
3132,Acer Mobile Model 3132,"108MP Camera, 4000mAh Battery, 5G",20,137766,3.5
3133,Xiaomi Smartwatch Model 3133,"Heart Rate, AMOLED Display",29,7911,4.4
3134,HP Smartwatch Model 3134,"GPS, AMOLED Display",37,34719,3.8
3135,Acer Laptop Model 3135,"Ryzen 5, 16GB RAM, 256GB SSD",46,39614,4.6
3136,Acer Smartwatch Model 3136,"GPS, AMOLED Display",7,16550,4.6
3137,Acer Mobile Model 3137,"108MP Camera, 6000mAh Battery, 5G",13,38515,3.3
3138,Asus Mobile Model 3138,"50MP Camera, 6000mAh Battery, 5G",32,64528,3.2
3139,Dell Smartwatch Model 3139,"GPS, LCD Display",44,118616,4.0
3140,Acer Smartwatch Model 3140,"GPS, AMOLED Display",8,110965,4.3
3141,Acer Smartwatch Model 3141,"SpO2, LCD Display",45,11986,3.5
3142,Samsung Smartwatch Model 3142,"Heart Rate, AMOLED Display",10,114020,3.8
3143,Xiaomi Laptop Model 3143,"i5, 8GB RAM, 1TB SSD",31,93663,4.5
3144,OnePlus Mobile Model 3144,"64MP Camera, 5000mAh Battery, 5G",5,82146,3.3
3145,Asus Smartwatch Model 3145,"GPS, LCD Display",35,32786,3.7
3146,Sony Smartwatch Model 3146,"Heart Rate, LCD Display",12,88041,4.3
3147,OnePlus Laptop Model 3147,"i5, 32GB RAM, 1TB SSD",47,30262,4.3
3148,Dell Smartwatch Model 3148,"GPS, AMOLED Display",35,133415,3.7
3149,Apple Laptop Model 3149,"Ryzen 5, 8GB RAM, 256GB SSD",9,147893,4.3
3150,Sony Laptop Model 3150,"i5, 8GB RAM, 1TB SSD",6,79512,4.0
3151,Dell Smartwatch Model 3151,"Heart Rate, AMOLED Display",23,64743,3.7
3152,Dell Mobile Model 3152,"64MP Camera, 5000mAh Battery, 5G",12,135439,4.8
3153,Xiaomi Laptop Model 3153,"Ryzen 7, 16GB RAM, 256GB SSD",45,55808,4.1
3154,Dell Smartwatch Model 3154,"Heart Rate, LCD Display",19,118623,4.0
3155,Xiaomi Laptop Model 3155,"i7, 32GB RAM, 512GB SSD",45,66037,4.7
3156,Apple Laptop Model 3156,"i7, 32GB RAM, 512GB SSD",46,133765,3.5
3157,Dell Laptop Model 3157,"i7, 16GB RAM, 512GB SSD",31,22797,3.3
3158,Samsung Laptop Model 3158,"Ryzen 5, 8GB RAM, 256GB SSD",46,23390,4.6
3159,HP Mobile Model 3159,"108MP Camera, 4000mAh Battery, 5G",13,20255,5.0
3160,Lenovo Smartwatch Model 3160,"SpO2, AMOLED Display",24,37700,5.0
3161,Apple Laptop Model 3161,"Ryzen 7, 16GB RAM, 256GB SSD",46,91221,4.7
3162,Lenovo Laptop Model 3162,"Ryzen 7, 32GB RAM, 512GB SSD",50,81792,4.2
3163,Asus Mobile Model 3163,"50MP Camera, 4000mAh Battery, 5G",16,74911,4.9
3164,HP Laptop Model 3164,"Ryzen 5, 8GB RAM, 256GB SSD",17,101896,3.6
3165,Sony Mobile Model 3165,"64MP Camera, 4000mAh Battery, 5G",19,69281,3.3
3166,Sony Mobile Model 3166,"50MP Camera, 6000mAh Battery, 5G",6,50992,4.6
3167,HP Mobile Model 3167,"64MP Camera, 6000mAh Battery, 5G",35,88051,4.2
3168,Asus Laptop Model 3168,"i7, 8GB RAM, 256GB SSD",38,13755,3.4
3169,Dell Mobile Model 3169,"50MP Camera, 6000mAh Battery, 5G",21,61136,3.9
3170,Acer Smartwatch Model 3170,"SpO2, LCD Display",16,91109,4.1
3171,Sony Smartwatch Model 3171,"SpO2, AMOLED Display",7,109874,3.9
3172,Samsung Laptop Model 3172,"i7, 8GB RAM, 1TB SSD",31,117175,4.0
3173,Samsung Smartwatch Model 3173,"Heart Rate, LCD Display",21,26651,3.4
3174,Dell Laptop Model 3174,"Ryzen 5, 8GB RAM, 512GB SSD",7,90424,3.6
3175,Asus Laptop Model 3175,"Ryzen 7, 8GB RAM, 512GB SSD",12,148410,4.0
3176,Lenovo Mobile Model 3176,"50MP Camera, 4000mAh Battery, 5G",37,146331,3.7
3177,Xiaomi Smartwatch Model 3177,"Heart Rate, AMOLED Display",30,93947,4.4
3178,Lenovo Laptop Model 3178,"Ryzen 7, 32GB RAM, 1TB SSD",44,98938,4.6
3179,Samsung Mobile Model 3179,"50MP Camera, 5000mAh Battery, 5G",14,76410,3.8
3180,Lenovo Mobile Model 3180,"50MP Camera, 4000mAh Battery, 5G",48,114559,4.3
3181,Acer Laptop Model 3181,"i7, 8GB RAM, 1TB SSD",35,118673,4.4
3182,Dell Laptop Model 3182,"i7, 8GB RAM, 1TB SSD",32,15757,4.3
3183,HP Smartwatch Model 3183,"GPS, LCD Display",13,92669,3.5
3184,Sony Laptop Model 3184,"Ryzen 5, 8GB RAM, 256GB SSD",25,114985,3.8
3185,Lenovo Smartwatch Model 3185,"Heart Rate, LCD Display",27,17157,4.9
3186,Asus Laptop Model 3186,"i5, 8GB RAM, 256GB SSD",20,49535,3.3
3187,Samsung Laptop Model 3187,"i7, 32GB RAM, 1TB SSD",22,40869,4.9
3188,HP Mobile Model 3188,"108MP Camera, 5000mAh Battery, 5G",50,69883,3.8
3189,Lenovo Mobile Model 3189,"64MP Camera, 4000mAh Battery, 5G",11,45271,4.5
3190,Xiaomi Laptop Model 3190,"Ryzen 7, 16GB RAM, 256GB SSD",43,96251,4.2
3191,OnePlus Laptop Model 3191,"Ryzen 7, 16GB RAM, 512GB SSD",18,92426,3.7
3192,HP Laptop Model 3192,"Ryzen 5, 32GB RAM, 256GB SSD",41,97235,4.9
3193,Acer Laptop Model 3193,"Ryzen 7, 16GB RAM, 256GB SSD",28,64764,3.9
3194,HP Laptop Model 3194,"Ryzen 7, 32GB RAM, 256GB SSD",38,93798,3.6
3195,Samsung Laptop Model 3195,"i7, 16GB RAM, 256GB SSD",41,25262,4.3
3196,Lenovo Mobile Model 3196,"64MP Camera, 6000mAh Battery, 5G",19,97274,4.5
3197,Samsung Mobile Model 3197,"108MP Camera, 4000mAh Battery, 5G",37,138088,3.1
3198,OnePlus Mobile Model 3198,"64MP Camera, 4000mAh Battery, 5G",49,130638,4.3
3199,Sony Smartwatch Model 3199,"SpO2, AMOLED Display",5,5417,4.3
3200,OnePlus Laptop Model 3200,"Ryzen 7, 8GB RAM, 1TB SSD",34,34202,3.2
3201,Samsung Smartwatch Model 3201,"GPS, AMOLED Display",50,59757,4.3
3202,Acer Smartwatch Model 3202,"GPS, AMOLED Display",15,89397,3.5
3203,Apple Laptop Model 3203,"i5, 8GB RAM, 256GB SSD",30,58577,3.9
3204,HP Mobile Model 3204,"108MP Camera, 6000mAh Battery, 5G",47,138911,3.9
3205,OnePlus Smartwatch Model 3205,"SpO2, LCD Display",19,28671,3.6
3206,Xiaomi Mobile Model 3206,"64MP Camera, 5000mAh Battery, 5G",35,83759,3.8
3207,Samsung Smartwatch Model 3207,"GPS, AMOLED Display",31,71595,3.2
3208,Dell Smartwatch Model 3208,"Heart Rate, LCD Display",17,11966,4.1
3209,Apple Laptop Model 3209,"Ryzen 5, 8GB RAM, 256GB SSD",36,111874,4.0
3210,HP Smartwatch Model 3210,"Heart Rate, LCD Display",14,25397,3.8
3211,Sony Laptop Model 3211,"i5, 32GB RAM, 256GB SSD",30,137012,4.6
3212,Sony Mobile Model 3212,"50MP Camera, 6000mAh Battery, 5G",29,55928,3.8
3213,Sony Laptop Model 3213,"Ryzen 5, 8GB RAM, 512GB SSD",49,116321,4.6
3214,Xiaomi Laptop Model 3214,"i5, 32GB RAM, 1TB SSD",33,134956,4.7
3215,Apple Mobile Model 3215,"50MP Camera, 4000mAh Battery, 5G",13,108704,4.2
3216,Acer Smartwatch Model 3216,"GPS, AMOLED Display",37,27854,3.2
3217,Dell Mobile Model 3217,"50MP Camera, 5000mAh Battery, 5G",6,113603,5.0
3218,HP Smartwatch Model 3218,"SpO2, LCD Display",45,27751,4.8
3219,Lenovo Laptop Model 3219,"i5, 32GB RAM, 256GB SSD",20,89096,3.9
3220,Asus Smartwatch Model 3220,"GPS, AMOLED Display",34,122603,3.2
3221,Dell Laptop Model 3221,"i7, 32GB RAM, 256GB SSD",36,53511,4.7
3222,Lenovo Smartwatch Model 3222,"Heart Rate, AMOLED Display",44,67766,4.3
3223,OnePlus Laptop Model 3223,"i5, 8GB RAM, 1TB SSD",5,8367,4.8
3224,Lenovo Laptop Model 3224,"Ryzen 7, 8GB RAM, 1TB SSD",22,54309,3.6
3225,Apple Smartwatch Model 3225,"SpO2, AMOLED Display",50,120497,3.3
3226,Acer Laptop Model 3226,"Ryzen 5, 16GB RAM, 1TB SSD",10,76851,3.9
3227,OnePlus Smartwatch Model 3227,"Heart Rate, AMOLED Display",22,75659,4.3
3228,Acer Laptop Model 3228,"Ryzen 5, 16GB RAM, 256GB SSD",23,112703,4.2
3229,Apple Smartwatch Model 3229,"Heart Rate, LCD Display",16,135226,4.4
3230,Acer Mobile Model 3230,"64MP Camera, 6000mAh Battery, 5G",9,122701,4.9
3231,Samsung Smartwatch Model 3231,"Heart Rate, AMOLED Display",6,50232,4.7
3232,OnePlus Mobile Model 3232,"64MP Camera, 6000mAh Battery, 5G",37,137949,4.8
3233,Lenovo Laptop Model 3233,"Ryzen 7, 16GB RAM, 1TB SSD",15,29756,4.7
3234,Apple Smartwatch Model 3234,"GPS, AMOLED Display",26,66006,4.9
3235,Sony Laptop Model 3235,"Ryzen 7, 16GB RAM, 1TB SSD",10,45276,3.1
3236,Lenovo Laptop Model 3236,"Ryzen 7, 8GB RAM, 512GB SSD",22,11711,4.4
3237,Apple Laptop Model 3237,"i7, 32GB RAM, 256GB SSD",36,11191,3.8
3238,Dell Laptop Model 3238,"i5, 16GB RAM, 512GB SSD",43,60791,4.8
3239,HP Mobile Model 3239,"64MP Camera, 4000mAh Battery, 5G",35,60190,4.7
3240,Dell Laptop Model 3240,"i7, 8GB RAM, 1TB SSD",14,72439,4.7
3241,Sony Smartwatch Model 3241,"GPS, AMOLED Display",29,13162,4.9
3242,Acer Laptop Model 3242,"Ryzen 7, 16GB RAM, 256GB SSD",25,135609,4.5
3243,Dell Mobile Model 3243,"108MP Camera, 6000mAh Battery, 5G",35,48970,4.0
3244,Apple Laptop Model 3244,"i7, 16GB RAM, 256GB SSD",8,55362,4.3
3245,OnePlus Laptop Model 3245,"Ryzen 5, 8GB RAM, 1TB SSD",27,147551,3.5
3246,Apple Smartwatch Model 3246,"GPS, AMOLED Display",48,9188,4.7
3247,Acer Smartwatch Model 3247,"Heart Rate, AMOLED Display",20,104829,4.6
3248,Samsung Smartwatch Model 3248,"Heart Rate, AMOLED Display",18,142045,4.5
3249,Asus Smartwatch Model 3249,"GPS, LCD Display",43,120325,3.4
3250,Asus Laptop Model 3250,"Ryzen 7, 8GB RAM, 256GB SSD",5,32344,4.9
3251,Apple Laptop Model 3251,"Ryzen 5, 16GB RAM, 512GB SSD",32,36638,3.7
3252,Sony Laptop Model 3252,"Ryzen 7, 8GB RAM, 512GB SSD",46,74712,4.8
3253,Dell Mobile Model 3253,"64MP Camera, 5000mAh Battery, 5G",5,78327,3.7
3254,Dell Smartwatch Model 3254,"Heart Rate, AMOLED Display",26,92871,4.5
3255,Sony Mobile Model 3255,"64MP Camera, 4000mAh Battery, 5G",10,47100,3.4
3256,Samsung Laptop Model 3256,"Ryzen 7, 32GB RAM, 1TB SSD",48,32073,3.8
3257,Lenovo Laptop Model 3257,"Ryzen 5, 16GB RAM, 1TB SSD",17,63365,4.1
3258,Sony Laptop Model 3258,"i5, 32GB RAM, 256GB SSD",17,90968,4.1
3259,Acer Laptop Model 3259,"Ryzen 7, 32GB RAM, 256GB SSD",20,35217,3.5
3260,Xiaomi Laptop Model 3260,"i5, 32GB RAM, 512GB SSD",34,143893,3.1
3261,Acer Laptop Model 3261,"Ryzen 7, 8GB RAM, 256GB SSD",39,56999,3.1
3262,Xiaomi Laptop Model 3262,"i7, 8GB RAM, 256GB SSD",27,120279,4.8
3263,Dell Laptop Model 3263,"Ryzen 5, 16GB RAM, 256GB SSD",43,149791,4.5
3264,Asus Mobile Model 3264,"50MP Camera, 4000mAh Battery, 5G",43,96111,3.1
3265,Xiaomi Smartwatch Model 3265,"Heart Rate, LCD Display",17,77533,4.0
3266,Asus Smartwatch Model 3266,"Heart Rate, AMOLED Display",23,66439,4.8
3267,Apple Smartwatch Model 3267,"SpO2, LCD Display",13,5971,3.8
3268,HP Mobile Model 3268,"50MP Camera, 5000mAh Battery, 5G",26,59665,3.1
3269,HP Smartwatch Model 3269,"GPS, AMOLED Display",40,76112,4.4
3270,Asus Mobile Model 3270,"64MP Camera, 5000mAh Battery, 5G",47,80310,4.3
3271,Acer Laptop Model 3271,"Ryzen 7, 8GB RAM, 256GB SSD",34,30265,4.0
3272,Dell Laptop Model 3272,"Ryzen 5, 32GB RAM, 256GB SSD",50,44764,4.8
3273,Apple Laptop Model 3273,"i5, 32GB RAM, 512GB SSD",14,54801,4.0
3274,Asus Laptop Model 3274,"i5, 16GB RAM, 256GB SSD",47,11347,4.4
3275,Acer Smartwatch Model 3275,"GPS, AMOLED Display",33,146592,4.3
3276,Lenovo Mobile Model 3276,"50MP Camera, 4000mAh Battery, 5G",7,108361,4.5
3277,HP Smartwatch Model 3277,"GPS, AMOLED Display",15,140631,3.2
3278,Xiaomi Mobile Model 3278,"108MP Camera, 6000mAh Battery, 5G",24,147005,3.4
3279,Apple Smartwatch Model 3279,"GPS, LCD Display",31,115106,3.4
3280,HP Smartwatch Model 3280,"SpO2, AMOLED Display",48,33268,3.2
3281,Acer Mobile Model 3281,"50MP Camera, 5000mAh Battery, 5G",28,117858,3.9
3282,Dell Mobile Model 3282,"50MP Camera, 4000mAh Battery, 5G",50,82483,3.9
3283,Lenovo Smartwatch Model 3283,"Heart Rate, AMOLED Display",37,96108,4.0
3284,Sony Smartwatch Model 3284,"GPS, AMOLED Display",50,70015,3.5
3285,Samsung Mobile Model 3285,"108MP Camera, 4000mAh Battery, 5G",28,16953,3.6
3286,Asus Smartwatch Model 3286,"Heart Rate, AMOLED Display",28,136337,3.7
3287,Sony Mobile Model 3287,"64MP Camera, 5000mAh Battery, 5G",29,67336,3.4
3288,HP Laptop Model 3288,"Ryzen 5, 32GB RAM, 256GB SSD",21,51174,4.0
3289,HP Smartwatch Model 3289,"Heart Rate, AMOLED Display",15,54252,3.8
3290,Xiaomi Mobile Model 3290,"108MP Camera, 4000mAh Battery, 5G",18,135632,4.8
3291,Acer Laptop Model 3291,"i7, 32GB RAM, 1TB SSD",28,74141,4.0
3292,Apple Smartwatch Model 3292,"Heart Rate, AMOLED Display",32,103181,3.5
3293,Acer Mobile Model 3293,"64MP Camera, 6000mAh Battery, 5G",12,51245,4.7
3294,Apple Laptop Model 3294,"i5, 8GB RAM, 256GB SSD",21,52083,3.1
3295,OnePlus Mobile Model 3295,"64MP Camera, 4000mAh Battery, 5G",45,127168,4.7
3296,Asus Laptop Model 3296,"i7, 32GB RAM, 256GB SSD",20,98419,3.7
3297,HP Smartwatch Model 3297,"GPS, AMOLED Display",23,52404,3.9
3298,Samsung Smartwatch Model 3298,"SpO2, LCD Display",33,139071,3.3
3299,Samsung Mobile Model 3299,"108MP Camera, 4000mAh Battery, 5G",8,100519,3.5
3300,HP Mobile Model 3300,"108MP Camera, 5000mAh Battery, 5G",17,98877,4.3
3301,Sony Laptop Model 3301,"i5, 8GB RAM, 512GB SSD",27,112382,4.9
3302,Samsung Laptop Model 3302,"i5, 32GB RAM, 512GB SSD",21,40365,4.6
3303,Asus Laptop Model 3303,"i5, 8GB RAM, 1TB SSD",17,113578,3.9
3304,Asus Mobile Model 3304,"108MP Camera, 4000mAh Battery, 5G",43,148626,3.7
3305,Sony Mobile Model 3305,"50MP Camera, 5000mAh Battery, 5G",20,146577,4.9
3306,Xiaomi Smartwatch Model 3306,"SpO2, LCD Display",15,53902,3.1
3307,Lenovo Mobile Model 3307,"108MP Camera, 4000mAh Battery, 5G",33,103437,4.0
3308,Xiaomi Mobile Model 3308,"64MP Camera, 5000mAh Battery, 5G",35,107128,4.6
3309,Sony Laptop Model 3309,"Ryzen 7, 16GB RAM, 512GB SSD",48,20272,3.6
3310,HP Mobile Model 3310,"108MP Camera, 5000mAh Battery, 5G",43,44755,4.4
3311,OnePlus Smartwatch Model 3311,"GPS, LCD Display",42,59909,4.7
3312,Sony Mobile Model 3312,"50MP Camera, 4000mAh Battery, 5G",41,73166,3.4
3313,Apple Smartwatch Model 3313,"Heart Rate, AMOLED Display",19,129703,4.5
3314,HP Mobile Model 3314,"64MP Camera, 4000mAh Battery, 5G",21,22386,3.2
3315,OnePlus Laptop Model 3315,"i5, 8GB RAM, 512GB SSD",39,95789,3.2
3316,Dell Mobile Model 3316,"50MP Camera, 6000mAh Battery, 5G",43,136728,3.6
3317,Sony Smartwatch Model 3317,"SpO2, AMOLED Display",27,55281,4.9
3318,Dell Mobile Model 3318,"64MP Camera, 6000mAh Battery, 5G",40,129082,4.7
3319,Xiaomi Smartwatch Model 3319,"GPS, LCD Display",49,26304,3.8
3320,HP Mobile Model 3320,"50MP Camera, 6000mAh Battery, 5G",25,112348,4.2
3321,Apple Smartwatch Model 3321,"GPS, LCD Display",31,116257,4.3
3322,Xiaomi Smartwatch Model 3322,"GPS, AMOLED Display",29,95086,3.3
3323,OnePlus Smartwatch Model 3323,"SpO2, LCD Display",18,22469,3.1
3324,Dell Smartwatch Model 3324,"Heart Rate, LCD Display",44,18760,4.7
3325,Acer Smartwatch Model 3325,"SpO2, AMOLED Display",21,60878,3.9
3326,HP Mobile Model 3326,"108MP Camera, 6000mAh Battery, 5G",15,37339,3.2
3327,Sony Smartwatch Model 3327,"SpO2, AMOLED Display",46,20655,4.2
3328,Lenovo Mobile Model 3328,"108MP Camera, 6000mAh Battery, 5G",11,61349,4.9
3329,Apple Smartwatch Model 3329,"GPS, AMOLED Display",15,110778,3.3
3330,OnePlus Smartwatch Model 3330,"Heart Rate, AMOLED Display",8,138097,4.5
3331,Samsung Mobile Model 3331,"64MP Camera, 5000mAh Battery, 5G",16,101747,4.9
3332,Lenovo Laptop Model 3332,"i5, 16GB RAM, 1TB SSD",13,26383,3.4
3333,Asus Mobile Model 3333,"50MP Camera, 5000mAh Battery, 5G",49,90737,4.6
3334,Samsung Mobile Model 3334,"64MP Camera, 4000mAh Battery, 5G",10,43736,4.3
3335,Samsung Smartwatch Model 3335,"SpO2, LCD Display",46,64303,4.5
3336,Dell Mobile Model 3336,"64MP Camera, 5000mAh Battery, 5G",5,135671,3.3
3337,Acer Mobile Model 3337,"108MP Camera, 6000mAh Battery, 5G",12,15321,4.8
3338,Samsung Laptop Model 3338,"i5, 16GB RAM, 1TB SSD",26,126806,4.3
3339,OnePlus Smartwatch Model 3339,"SpO2, AMOLED Display",18,148815,4.3
3340,Asus Smartwatch Model 3340,"Heart Rate, AMOLED Display",46,91118,4.0
3341,OnePlus Smartwatch Model 3341,"Heart Rate, LCD Display",21,18419,3.6
3342,Apple Mobile Model 3342,"50MP Camera, 6000mAh Battery, 5G",41,147476,3.8
3343,Dell Mobile Model 3343,"64MP Camera, 6000mAh Battery, 5G",27,129144,3.7
3344,Lenovo Smartwatch Model 3344,"GPS, AMOLED Display",8,30852,3.7
3345,Asus Smartwatch Model 3345,"GPS, LCD Display",29,141741,4.8
3346,Xiaomi Laptop Model 3346,"i5, 32GB RAM, 1TB SSD",24,23783,3.6
3347,Apple Laptop Model 3347,"i7, 8GB RAM, 1TB SSD",15,139944,4.4
3348,Samsung Smartwatch Model 3348,"GPS, LCD Display",17,34873,3.3
3349,OnePlus Smartwatch Model 3349,"SpO2, LCD Display",42,16337,3.2
3350,Acer Mobile Model 3350,"50MP Camera, 5000mAh Battery, 5G",27,120788,3.8
3351,Sony Mobile Model 3351,"50MP Camera, 6000mAh Battery, 5G",47,11178,4.0
3352,Apple Smartwatch Model 3352,"GPS, LCD Display",27,16938,4.7
3353,Apple Smartwatch Model 3353,"GPS, AMOLED Display",17,24319,4.9
3354,Samsung Laptop Model 3354,"Ryzen 7, 32GB RAM, 1TB SSD",12,79546,4.6
3355,Apple Laptop Model 3355,"Ryzen 7, 32GB RAM, 256GB SSD",47,110495,4.8
3356,Samsung Mobile Model 3356,"64MP Camera, 6000mAh Battery, 5G",31,112242,3.4
3357,Lenovo Mobile Model 3357,"64MP Camera, 4000mAh Battery, 5G",41,135716,3.6
3358,HP Laptop Model 3358,"i5, 32GB RAM, 512GB SSD",40,83341,3.1
3359,Lenovo Smartwatch Model 3359,"GPS, LCD Display",41,120760,3.8
3360,Acer Mobile Model 3360,"64MP Camera, 6000mAh Battery, 5G",40,68320,3.4
3361,HP Smartwatch Model 3361,"GPS, LCD Display",18,106021,4.2
3362,HP Mobile Model 3362,"108MP Camera, 6000mAh Battery, 5G",18,137248,3.6
3363,Samsung Smartwatch Model 3363,"SpO2, AMOLED Display",48,15071,3.9
3364,HP Mobile Model 3364,"64MP Camera, 6000mAh Battery, 5G",12,78806,3.3
3365,Sony Smartwatch Model 3365,"Heart Rate, AMOLED Display",31,134593,4.1
3366,Acer Laptop Model 3366,"Ryzen 7, 8GB RAM, 1TB SSD",38,88566,4.3
3367,Sony Mobile Model 3367,"64MP Camera, 6000mAh Battery, 5G",33,36203,4.8
3368,Samsung Smartwatch Model 3368,"GPS, AMOLED Display",10,42437,3.6
3369,Lenovo Smartwatch Model 3369,"Heart Rate, LCD Display",31,66849,5.0
3370,OnePlus Mobile Model 3370,"50MP Camera, 4000mAh Battery, 5G",17,7501,4.7
3371,HP Smartwatch Model 3371,"Heart Rate, AMOLED Display",50,134752,4.2
3372,Sony Smartwatch Model 3372,"SpO2, LCD Display",11,112328,3.1
3373,OnePlus Smartwatch Model 3373,"SpO2, AMOLED Display",46,120253,4.1
3374,Lenovo Smartwatch Model 3374,"GPS, LCD Display",6,147157,3.3
3375,Xiaomi Smartwatch Model 3375,"GPS, AMOLED Display",39,58014,3.4
3376,Dell Mobile Model 3376,"108MP Camera, 6000mAh Battery, 5G",14,149669,3.4
3377,Asus Laptop Model 3377,"i5, 8GB RAM, 512GB SSD",36,125267,3.1
3378,Xiaomi Smartwatch Model 3378,"SpO2, AMOLED Display",9,36465,4.2
3379,Samsung Laptop Model 3379,"i7, 16GB RAM, 512GB SSD",20,44970,3.3
3380,Apple Laptop Model 3380,"i7, 16GB RAM, 256GB SSD",14,40478,3.3
3381,Dell Laptop Model 3381,"i7, 32GB RAM, 256GB SSD",44,36434,4.1
3382,Lenovo Smartwatch Model 3382,"GPS, AMOLED Display",25,98280,4.3
3383,Lenovo Smartwatch Model 3383,"Heart Rate, LCD Display",50,115839,4.2
3384,Lenovo Smartwatch Model 3384,"SpO2, AMOLED Display",11,69101,4.2
3385,Samsung Mobile Model 3385,"108MP Camera, 6000mAh Battery, 5G",27,30746,3.5
3386,HP Mobile Model 3386,"64MP Camera, 4000mAh Battery, 5G",48,138054,4.5
3387,OnePlus Mobile Model 3387,"50MP Camera, 5000mAh Battery, 5G",22,13341,4.7
3388,Acer Mobile Model 3388,"108MP Camera, 5000mAh Battery, 5G",48,98736,3.8
3389,Xiaomi Laptop Model 3389,"Ryzen 5, 32GB RAM, 1TB SSD",33,115190,5.0
3390,Asus Mobile Model 3390,"108MP Camera, 4000mAh Battery, 5G",20,54424,3.8
3391,Sony Laptop Model 3391,"Ryzen 5, 8GB RAM, 256GB SSD",50,93209,3.7
3392,HP Laptop Model 3392,"i5, 8GB RAM, 512GB SSD",26,32969,4.4
3393,Lenovo Smartwatch Model 3393,"Heart Rate, LCD Display",21,95823,3.8
3394,HP Mobile Model 3394,"50MP Camera, 6000mAh Battery, 5G",48,50978,3.3
3395,Xiaomi Laptop Model 3395,"i7, 8GB RAM, 512GB SSD",45,149816,4.9
3396,Lenovo Smartwatch Model 3396,"SpO2, AMOLED Display",37,123607,4.9
3397,OnePlus Smartwatch Model 3397,"Heart Rate, LCD Display",8,23434,4.9
3398,Xiaomi Laptop Model 3398,"i5, 8GB RAM, 256GB SSD",38,146009,4.3
3399,Acer Laptop Model 3399,"Ryzen 5, 32GB RAM, 512GB SSD",33,138950,4.5
3400,Apple Laptop Model 3400,"Ryzen 5, 32GB RAM, 512GB SSD",41,122768,4.8
3401,Sony Laptop Model 3401,"Ryzen 5, 16GB RAM, 256GB SSD",30,77938,3.3
3402,HP Mobile Model 3402,"108MP Camera, 4000mAh Battery, 5G",15,117439,3.0
3403,Asus Mobile Model 3403,"64MP Camera, 6000mAh Battery, 5G",31,61430,3.0
3404,Asus Mobile Model 3404,"64MP Camera, 4000mAh Battery, 5G",22,143262,3.4
3405,HP Laptop Model 3405,"i5, 8GB RAM, 512GB SSD",12,112611,3.2
3406,Asus Smartwatch Model 3406,"Heart Rate, LCD Display",42,68086,4.3
3407,HP Smartwatch Model 3407,"Heart Rate, LCD Display",20,54462,3.5
3408,OnePlus Smartwatch Model 3408,"GPS, AMOLED Display",46,121836,3.4
3409,Acer Mobile Model 3409,"50MP Camera, 4000mAh Battery, 5G",29,24318,3.8
3410,Acer Smartwatch Model 3410,"GPS, LCD Display",13,141882,4.0
3411,Apple Mobile Model 3411,"50MP Camera, 5000mAh Battery, 5G",32,137991,3.1
3412,Sony Smartwatch Model 3412,"SpO2, LCD Display",43,59857,5.0
3413,Apple Laptop Model 3413,"Ryzen 7, 32GB RAM, 512GB SSD",44,54486,5.0
3414,HP Mobile Model 3414,"50MP Camera, 5000mAh Battery, 5G",15,45024,4.4
3415,Acer Mobile Model 3415,"50MP Camera, 4000mAh Battery, 5G",24,46806,4.8
3416,Lenovo Smartwatch Model 3416,"SpO2, LCD Display",48,122900,4.8
3417,Xiaomi Smartwatch Model 3417,"GPS, AMOLED Display",48,63317,3.7
3418,Xiaomi Mobile Model 3418,"108MP Camera, 6000mAh Battery, 5G",14,65034,5.0
3419,Asus Smartwatch Model 3419,"SpO2, LCD Display",44,14154,4.3
3420,Xiaomi Smartwatch Model 3420,"Heart Rate, AMOLED Display",44,54183,3.9
3421,Samsung Laptop Model 3421,"Ryzen 5, 8GB RAM, 512GB SSD",33,29889,3.4
3422,OnePlus Mobile Model 3422,"50MP Camera, 6000mAh Battery, 5G",37,105791,4.4
3423,Lenovo Laptop Model 3423,"Ryzen 5, 32GB RAM, 512GB SSD",28,21554,3.7
3424,OnePlus Laptop Model 3424,"Ryzen 5, 16GB RAM, 256GB SSD",46,105055,4.6
3425,Lenovo Smartwatch Model 3425,"Heart Rate, AMOLED Display",29,88550,3.2
3426,Lenovo Laptop Model 3426,"i7, 16GB RAM, 512GB SSD",10,40991,4.3
3427,OnePlus Mobile Model 3427,"50MP Camera, 5000mAh Battery, 5G",40,71893,4.9
3428,Apple Mobile Model 3428,"50MP Camera, 4000mAh Battery, 5G",38,83983,3.3
3429,Apple Laptop Model 3429,"Ryzen 7, 16GB RAM, 256GB SSD",18,51529,4.7
3430,Dell Smartwatch Model 3430,"GPS, AMOLED Display",39,92195,4.9
3431,Lenovo Smartwatch Model 3431,"SpO2, AMOLED Display",10,149338,4.4
3432,Asus Laptop Model 3432,"Ryzen 5, 16GB RAM, 1TB SSD",5,7817,4.9
3433,Dell Laptop Model 3433,"i5, 16GB RAM, 1TB SSD",10,90171,4.7
3434,Asus Laptop Model 3434,"i5, 8GB RAM, 256GB SSD",39,130569,3.5
3435,Sony Smartwatch Model 3435,"Heart Rate, LCD Display",42,18642,4.5
3436,Sony Mobile Model 3436,"50MP Camera, 5000mAh Battery, 5G",21,8540,3.7
3437,Lenovo Mobile Model 3437,"64MP Camera, 4000mAh Battery, 5G",16,122221,4.2
3438,Lenovo Smartwatch Model 3438,"SpO2, AMOLED Display",33,74476,4.7
3439,Apple Smartwatch Model 3439,"SpO2, LCD Display",50,146064,3.6
3440,Lenovo Smartwatch Model 3440,"SpO2, AMOLED Display",25,34851,4.2
3441,Sony Mobile Model 3441,"50MP Camera, 4000mAh Battery, 5G",24,58880,4.3
3442,Sony Mobile Model 3442,"64MP Camera, 5000mAh Battery, 5G",21,42231,4.2
3443,Lenovo Laptop Model 3443,"i7, 8GB RAM, 256GB SSD",41,72250,4.1
3444,Apple Laptop Model 3444,"i5, 16GB RAM, 256GB SSD",18,142572,3.7
3445,Apple Laptop Model 3445,"i7, 16GB RAM, 256GB SSD",15,104293,3.7
3446,Xiaomi Smartwatch Model 3446,"Heart Rate, LCD Display",30,34688,3.4
3447,Apple Smartwatch Model 3447,"GPS, LCD Display",41,30985,4.8
3448,OnePlus Smartwatch Model 3448,"Heart Rate, AMOLED Display",16,66201,4.9
3449,Apple Smartwatch Model 3449,"Heart Rate, AMOLED Display",27,108139,4.0
3450,Sony Smartwatch Model 3450,"SpO2, LCD Display",49,17271,4.9
3451,Dell Smartwatch Model 3451,"GPS, LCD Display",21,77805,4.4
3452,Asus Laptop Model 3452,"i7, 32GB RAM, 512GB SSD",39,84020,4.9
3453,Dell Smartwatch Model 3453,"GPS, AMOLED Display",34,133362,4.6
3454,Lenovo Smartwatch Model 3454,"Heart Rate, AMOLED Display",42,69051,4.7
3455,Dell Smartwatch Model 3455,"Heart Rate, AMOLED Display",8,52402,3.1
3456,Asus Smartwatch Model 3456,"SpO2, LCD Display",23,86024,4.4
3457,Samsung Mobile Model 3457,"50MP Camera, 4000mAh Battery, 5G",28,26126,3.3
3458,Sony Smartwatch Model 3458,"SpO2, LCD Display",21,129148,4.5
3459,Sony Mobile Model 3459,"108MP Camera, 4000mAh Battery, 5G",13,132587,3.7
3460,Asus Mobile Model 3460,"108MP Camera, 6000mAh Battery, 5G",27,138653,3.1
3461,Apple Mobile Model 3461,"50MP Camera, 4000mAh Battery, 5G",36,65037,4.9
3462,HP Laptop Model 3462,"i7, 8GB RAM, 256GB SSD",47,142912,4.3
3463,Sony Mobile Model 3463,"108MP Camera, 6000mAh Battery, 5G",39,135845,4.4
3464,Xiaomi Smartwatch Model 3464,"SpO2, AMOLED Display",31,95040,3.5
3465,Dell Laptop Model 3465,"Ryzen 7, 8GB RAM, 512GB SSD",50,112994,4.1
3466,OnePlus Mobile Model 3466,"108MP Camera, 5000mAh Battery, 5G",10,92249,4.0
3467,Samsung Smartwatch Model 3467,"Heart Rate, LCD Display",12,115653,3.5
3468,Dell Smartwatch Model 3468,"Heart Rate, AMOLED Display",39,44691,3.3
3469,HP Mobile Model 3469,"108MP Camera, 6000mAh Battery, 5G",25,75659,4.4
3470,HP Smartwatch Model 3470,"Heart Rate, AMOLED Display",18,144010,3.4
3471,Sony Laptop Model 3471,"i7, 8GB RAM, 1TB SSD",10,82741,4.8
3472,Lenovo Smartwatch Model 3472,"Heart Rate, LCD Display",6,37208,3.8
3473,Lenovo Laptop Model 3473,"Ryzen 5, 16GB RAM, 1TB SSD",40,145260,3.1
3474,Sony Mobile Model 3474,"108MP Camera, 6000mAh Battery, 5G",5,92402,3.8
3475,Asus Mobile Model 3475,"50MP Camera, 4000mAh Battery, 5G",8,49394,5.0
3476,Acer Laptop Model 3476,"Ryzen 7, 16GB RAM, 1TB SSD",45,55270,3.9
3477,Samsung Smartwatch Model 3477,"GPS, LCD Display",50,86043,4.9
3478,HP Laptop Model 3478,"i7, 16GB RAM, 256GB SSD",50,26325,4.9
3479,OnePlus Laptop Model 3479,"Ryzen 7, 32GB RAM, 512GB SSD",5,52562,3.5
3480,Sony Smartwatch Model 3480,"Heart Rate, AMOLED Display",48,147877,3.5
3481,Samsung Smartwatch Model 3481,"GPS, LCD Display",23,53294,5.0
3482,Asus Laptop Model 3482,"i7, 16GB RAM, 512GB SSD",44,10072,3.7
3483,Sony Laptop Model 3483,"i7, 8GB RAM, 1TB SSD",7,27169,4.6
3484,Samsung Smartwatch Model 3484,"Heart Rate, AMOLED Display",45,5540,4.8
3485,Sony Mobile Model 3485,"108MP Camera, 4000mAh Battery, 5G",16,20469,4.7
3486,Dell Laptop Model 3486,"i7, 8GB RAM, 512GB SSD",42,105568,4.3
3487,Samsung Smartwatch Model 3487,"Heart Rate, AMOLED Display",6,136300,4.4
3488,Xiaomi Laptop Model 3488,"i5, 16GB RAM, 512GB SSD",19,73056,3.1
3489,Asus Laptop Model 3489,"Ryzen 7, 16GB RAM, 1TB SSD",22,135669,4.9
3490,Acer Laptop Model 3490,"i5, 16GB RAM, 256GB SSD",24,61868,3.4
3491,Acer Laptop Model 3491,"i7, 8GB RAM, 512GB SSD",22,40060,3.9
3492,Acer Laptop Model 3492,"Ryzen 5, 32GB RAM, 1TB SSD",49,32717,3.6
3493,Samsung Mobile Model 3493,"50MP Camera, 6000mAh Battery, 5G",14,117136,4.5
3494,HP Mobile Model 3494,"64MP Camera, 6000mAh Battery, 5G",12,7560,5.0
3495,Lenovo Laptop Model 3495,"Ryzen 5, 16GB RAM, 1TB SSD",20,85279,4.9
3496,Apple Laptop Model 3496,"i5, 8GB RAM, 512GB SSD",19,43791,4.1
3497,Xiaomi Mobile Model 3497,"50MP Camera, 6000mAh Battery, 5G",23,6430,3.5
3498,Sony Smartwatch Model 3498,"Heart Rate, AMOLED Display",19,94254,4.6
3499,OnePlus Mobile Model 3499,"50MP Camera, 5000mAh Battery, 5G",6,102059,4.5
3500,Apple Smartwatch Model 3500,"Heart Rate, LCD Display",48,48449,3.7
3501,OnePlus Mobile Model 3501,"108MP Camera, 5000mAh Battery, 5G",13,117795,3.3
3502,Asus Laptop Model 3502,"Ryzen 5, 16GB RAM, 512GB SSD",27,123479,4.0
3503,Sony Laptop Model 3503,"i5, 8GB RAM, 512GB SSD",24,41398,3.7
3504,Asus Mobile Model 3504,"64MP Camera, 5000mAh Battery, 5G",37,13649,4.2
3505,Dell Smartwatch Model 3505,"GPS, LCD Display",26,62555,4.2
3506,OnePlus Smartwatch Model 3506,"Heart Rate, AMOLED Display",20,121251,3.6
3507,Dell Smartwatch Model 3507,"Heart Rate, AMOLED Display",23,86722,4.7
3508,OnePlus Smartwatch Model 3508,"SpO2, AMOLED Display",41,34505,3.0
3509,Acer Laptop Model 3509,"Ryzen 7, 32GB RAM, 1TB SSD",28,112546,3.4
3510,Asus Laptop Model 3510,"Ryzen 5, 32GB RAM, 512GB SSD",16,22188,4.6
3511,Asus Laptop Model 3511,"Ryzen 5, 32GB RAM, 256GB SSD",37,81389,3.6
3512,Xiaomi Smartwatch Model 3512,"SpO2, AMOLED Display",39,106791,4.2
3513,Samsung Mobile Model 3513,"64MP Camera, 6000mAh Battery, 5G",24,73172,4.6
3514,Xiaomi Mobile Model 3514,"50MP Camera, 4000mAh Battery, 5G",42,82609,3.6
3515,Xiaomi Smartwatch Model 3515,"GPS, LCD Display",39,26943,3.6
3516,Dell Smartwatch Model 3516,"GPS, AMOLED Display",14,117478,4.9
3517,OnePlus Laptop Model 3517,"Ryzen 5, 32GB RAM, 1TB SSD",37,72146,4.3
3518,OnePlus Mobile Model 3518,"50MP Camera, 6000mAh Battery, 5G",10,70279,4.7
3519,HP Mobile Model 3519,"50MP Camera, 6000mAh Battery, 5G",11,6871,3.4
3520,Sony Smartwatch Model 3520,"GPS, LCD Display",8,105012,4.6
3521,Asus Smartwatch Model 3521,"SpO2, AMOLED Display",37,129922,3.6
3522,HP Laptop Model 3522,"i7, 16GB RAM, 1TB SSD",31,8065,4.8
3523,Apple Laptop Model 3523,"Ryzen 7, 16GB RAM, 512GB SSD",38,139506,4.0
3524,Lenovo Mobile Model 3524,"108MP Camera, 5000mAh Battery, 5G",50,14911,3.8
3525,Samsung Laptop Model 3525,"i5, 16GB RAM, 512GB SSD",50,102152,4.8
3526,Lenovo Laptop Model 3526,"Ryzen 5, 16GB RAM, 1TB SSD",5,95513,4.8
3527,OnePlus Smartwatch Model 3527,"SpO2, LCD Display",26,70734,3.3
3528,Acer Laptop Model 3528,"i5, 32GB RAM, 512GB SSD",40,87181,3.7
3529,Lenovo Smartwatch Model 3529,"SpO2, LCD Display",9,31466,4.7
3530,Lenovo Mobile Model 3530,"64MP Camera, 4000mAh Battery, 5G",45,146955,4.7
3531,OnePlus Mobile Model 3531,"50MP Camera, 4000mAh Battery, 5G",38,134763,4.9
3532,Samsung Smartwatch Model 3532,"SpO2, AMOLED Display",33,6593,3.0
3533,Acer Mobile Model 3533,"64MP Camera, 6000mAh Battery, 5G",22,20686,3.5
3534,OnePlus Laptop Model 3534,"i7, 8GB RAM, 512GB SSD",21,72374,4.9
3535,Apple Smartwatch Model 3535,"Heart Rate, LCD Display",42,46047,4.5
3536,OnePlus Laptop Model 3536,"i7, 32GB RAM, 256GB SSD",47,50077,4.7
3537,Samsung Smartwatch Model 3537,"Heart Rate, AMOLED Display",5,62598,4.1
3538,HP Laptop Model 3538,"i5, 16GB RAM, 256GB SSD",28,85768,4.7
3539,HP Laptop Model 3539,"Ryzen 7, 8GB RAM, 1TB SSD",30,29318,3.5
3540,Lenovo Mobile Model 3540,"108MP Camera, 6000mAh Battery, 5G",41,53097,4.3
3541,Lenovo Laptop Model 3541,"Ryzen 5, 8GB RAM, 512GB SSD",32,42735,4.3
3542,Asus Mobile Model 3542,"108MP Camera, 5000mAh Battery, 5G",38,27223,3.5
3543,Samsung Laptop Model 3543,"Ryzen 5, 32GB RAM, 256GB SSD",41,43040,3.2
3544,OnePlus Smartwatch Model 3544,"SpO2, AMOLED Display",50,92382,4.1
3545,OnePlus Mobile Model 3545,"108MP Camera, 4000mAh Battery, 5G",28,87403,3.9
3546,Acer Smartwatch Model 3546,"Heart Rate, LCD Display",26,25558,4.3
3547,Sony Mobile Model 3547,"50MP Camera, 5000mAh Battery, 5G",29,91623,4.0
3548,Dell Laptop Model 3548,"Ryzen 7, 8GB RAM, 512GB SSD",40,26188,4.0
3549,Acer Mobile Model 3549,"50MP Camera, 4000mAh Battery, 5G",46,24702,3.9
3550,Apple Mobile Model 3550,"50MP Camera, 6000mAh Battery, 5G",43,117059,3.0
3551,Xiaomi Smartwatch Model 3551,"GPS, AMOLED Display",7,91193,3.8
3552,Dell Mobile Model 3552,"50MP Camera, 5000mAh Battery, 5G",49,56400,3.7
3553,HP Smartwatch Model 3553,"Heart Rate, LCD Display",13,100538,3.6
3554,HP Laptop Model 3554,"Ryzen 5, 32GB RAM, 256GB SSD",37,95081,3.4
3555,Samsung Smartwatch Model 3555,"SpO2, AMOLED Display",26,25636,3.5
3556,Acer Laptop Model 3556,"i5, 8GB RAM, 256GB SSD",38,117828,3.2
3557,Samsung Smartwatch Model 3557,"Heart Rate, LCD Display",40,77316,4.9
3558,Acer Mobile Model 3558,"50MP Camera, 4000mAh Battery, 5G",37,76571,3.4
3559,Samsung Laptop Model 3559,"i7, 16GB RAM, 512GB SSD",45,62219,3.0
3560,Dell Smartwatch Model 3560,"SpO2, AMOLED Display",13,53482,4.3
3561,Xiaomi Laptop Model 3561,"i7, 16GB RAM, 256GB SSD",11,145210,4.1
3562,Apple Mobile Model 3562,"108MP Camera, 5000mAh Battery, 5G",19,6746,3.7
3563,HP Laptop Model 3563,"i5, 8GB RAM, 256GB SSD",49,90906,4.6
3564,Dell Smartwatch Model 3564,"GPS, LCD Display",32,10844,4.6
3565,Xiaomi Mobile Model 3565,"108MP Camera, 6000mAh Battery, 5G",24,38432,3.4
3566,HP Smartwatch Model 3566,"SpO2, LCD Display",26,90897,3.8
3567,Acer Smartwatch Model 3567,"Heart Rate, LCD Display",42,86332,4.5
3568,Sony Laptop Model 3568,"Ryzen 5, 32GB RAM, 1TB SSD",44,88958,4.8
3569,Lenovo Smartwatch Model 3569,"SpO2, LCD Display",10,38997,3.2
3570,Lenovo Laptop Model 3570,"i5, 16GB RAM, 1TB SSD",25,65861,3.5
3571,Acer Mobile Model 3571,"108MP Camera, 4000mAh Battery, 5G",42,144778,4.2
3572,Lenovo Laptop Model 3572,"i7, 32GB RAM, 512GB SSD",22,144344,3.5
3573,Samsung Smartwatch Model 3573,"Heart Rate, AMOLED Display",36,66748,4.0
3574,Sony Laptop Model 3574,"Ryzen 5, 32GB RAM, 512GB SSD",16,135165,3.2
3575,Acer Laptop Model 3575,"i5, 32GB RAM, 256GB SSD",15,73938,3.4
3576,Apple Laptop Model 3576,"i7, 16GB RAM, 512GB SSD",35,87985,4.1
3577,Lenovo Mobile Model 3577,"108MP Camera, 6000mAh Battery, 5G",18,77781,3.6
3578,Sony Smartwatch Model 3578,"GPS, AMOLED Display",20,38105,4.0
3579,OnePlus Mobile Model 3579,"50MP Camera, 4000mAh Battery, 5G",6,106657,3.9
3580,Sony Smartwatch Model 3580,"SpO2, AMOLED Display",43,86961,3.7
3581,Dell Smartwatch Model 3581,"GPS, LCD Display",17,8791,4.2
3582,Xiaomi Smartwatch Model 3582,"GPS, LCD Display",31,111593,4.1
3583,Asus Smartwatch Model 3583,"Heart Rate, LCD Display",25,14918,4.3
3584,Xiaomi Mobile Model 3584,"50MP Camera, 4000mAh Battery, 5G",35,109153,4.3
3585,Asus Mobile Model 3585,"64MP Camera, 6000mAh Battery, 5G",27,144472,3.2
3586,Lenovo Smartwatch Model 3586,"Heart Rate, AMOLED Display",47,58425,3.4
3587,Sony Mobile Model 3587,"108MP Camera, 4000mAh Battery, 5G",16,134896,4.5
3588,Lenovo Smartwatch Model 3588,"Heart Rate, LCD Display",36,7943,4.9
3589,Samsung Mobile Model 3589,"108MP Camera, 5000mAh Battery, 5G",25,107409,3.8
3590,HP Smartwatch Model 3590,"GPS, LCD Display",30,15364,3.7
3591,Samsung Smartwatch Model 3591,"SpO2, LCD Display",26,87282,4.0
3592,Lenovo Mobile Model 3592,"108MP Camera, 4000mAh Battery, 5G",10,39029,4.9
3593,Asus Mobile Model 3593,"108MP Camera, 6000mAh Battery, 5G",40,132155,4.5
3594,Lenovo Laptop Model 3594,"Ryzen 5, 32GB RAM, 256GB SSD",11,30866,4.6
3595,Acer Smartwatch Model 3595,"Heart Rate, LCD Display",25,101484,3.5
3596,Lenovo Laptop Model 3596,"i7, 16GB RAM, 512GB SSD",47,111372,4.7
3597,OnePlus Laptop Model 3597,"i5, 16GB RAM, 1TB SSD",40,5415,3.2
3598,Sony Mobile Model 3598,"64MP Camera, 5000mAh Battery, 5G",27,109148,4.7
3599,Acer Mobile Model 3599,"108MP Camera, 6000mAh Battery, 5G",35,129240,3.3
3600,Samsung Laptop Model 3600,"i5, 16GB RAM, 1TB SSD",7,49748,4.6
3601,Lenovo Laptop Model 3601,"Ryzen 5, 32GB RAM, 1TB SSD",48,90115,3.0
3602,Dell Mobile Model 3602,"108MP Camera, 6000mAh Battery, 5G",47,94257,3.4
3603,OnePlus Laptop Model 3603,"Ryzen 7, 16GB RAM, 512GB SSD",39,5056,3.5
3604,Lenovo Mobile Model 3604,"108MP Camera, 4000mAh Battery, 5G",34,113323,4.7
3605,Sony Smartwatch Model 3605,"GPS, LCD Display",24,139561,4.4
3606,Samsung Laptop Model 3606,"i7, 8GB RAM, 256GB SSD",32,116353,4.8
3607,HP Smartwatch Model 3607,"GPS, LCD Display",28,42713,3.1
3608,Asus Smartwatch Model 3608,"Heart Rate, LCD Display",19,87893,3.8
3609,Asus Laptop Model 3609,"Ryzen 5, 32GB RAM, 256GB SSD",14,87943,4.9
3610,Xiaomi Laptop Model 3610,"Ryzen 5, 16GB RAM, 512GB SSD",17,108489,4.0
3611,HP Mobile Model 3611,"108MP Camera, 4000mAh Battery, 5G",21,126563,4.1
3612,Asus Smartwatch Model 3612,"SpO2, AMOLED Display",16,111261,3.7
3613,Sony Smartwatch Model 3613,"Heart Rate, LCD Display",26,6028,4.5
3614,Xiaomi Smartwatch Model 3614,"SpO2, AMOLED Display",8,108868,4.4
3615,Acer Mobile Model 3615,"64MP Camera, 6000mAh Battery, 5G",27,125357,4.5
3616,Acer Mobile Model 3616,"108MP Camera, 6000mAh Battery, 5G",29,15933,4.0
3617,OnePlus Mobile Model 3617,"108MP Camera, 5000mAh Battery, 5G",42,102822,3.1
3618,OnePlus Smartwatch Model 3618,"Heart Rate, LCD Display",7,90519,3.0
3619,Sony Laptop Model 3619,"Ryzen 7, 16GB RAM, 1TB SSD",8,27182,3.2
3620,Dell Laptop Model 3620,"i5, 32GB RAM, 512GB SSD",44,129020,4.0
3621,Apple Laptop Model 3621,"i5, 32GB RAM, 256GB SSD",8,105084,4.1
3622,OnePlus Laptop Model 3622,"Ryzen 5, 16GB RAM, 1TB SSD",19,35684,4.5
3623,Lenovo Laptop Model 3623,"Ryzen 7, 32GB RAM, 256GB SSD",45,133356,4.3
3624,Dell Mobile Model 3624,"64MP Camera, 4000mAh Battery, 5G",26,51407,4.1
3625,OnePlus Smartwatch Model 3625,"GPS, AMOLED Display",19,22932,4.2
3626,Samsung Smartwatch Model 3626,"Heart Rate, LCD Display",23,93397,3.4
3627,Samsung Mobile Model 3627,"50MP Camera, 4000mAh Battery, 5G",47,144430,3.6
3628,Sony Smartwatch Model 3628,"Heart Rate, LCD Display",28,13372,3.7
3629,Lenovo Mobile Model 3629,"108MP Camera, 5000mAh Battery, 5G",37,85823,4.5
3630,Dell Laptop Model 3630,"i5, 8GB RAM, 1TB SSD",31,6067,4.4
3631,Lenovo Mobile Model 3631,"64MP Camera, 4000mAh Battery, 5G",11,44754,4.6
3632,Acer Laptop Model 3632,"i5, 8GB RAM, 256GB SSD",11,14466,4.9
3633,Sony Laptop Model 3633,"i7, 16GB RAM, 256GB SSD",24,120839,3.1
3634,OnePlus Mobile Model 3634,"108MP Camera, 4000mAh Battery, 5G",28,64972,3.3
3635,Lenovo Smartwatch Model 3635,"GPS, LCD Display",21,9253,3.0
3636,Sony Mobile Model 3636,"50MP Camera, 6000mAh Battery, 5G",38,123864,3.1
3637,HP Smartwatch Model 3637,"SpO2, AMOLED Display",43,141373,4.4
3638,HP Mobile Model 3638,"108MP Camera, 4000mAh Battery, 5G",40,143477,4.2
3639,Dell Smartwatch Model 3639,"Heart Rate, LCD Display",15,62573,4.9
3640,Lenovo Mobile Model 3640,"108MP Camera, 5000mAh Battery, 5G",50,48873,4.0
3641,Lenovo Smartwatch Model 3641,"SpO2, AMOLED Display",15,14268,3.6
3642,Dell Smartwatch Model 3642,"GPS, AMOLED Display",46,59985,4.1
3643,Xiaomi Mobile Model 3643,"64MP Camera, 4000mAh Battery, 5G",32,16673,4.0
3644,Acer Mobile Model 3644,"108MP Camera, 5000mAh Battery, 5G",8,68821,3.2
3645,Lenovo Smartwatch Model 3645,"SpO2, AMOLED Display",15,59820,5.0
3646,Sony Laptop Model 3646,"Ryzen 5, 16GB RAM, 512GB SSD",18,73589,3.9
3647,Dell Laptop Model 3647,"Ryzen 7, 16GB RAM, 256GB SSD",45,97329,4.7
3648,Acer Mobile Model 3648,"108MP Camera, 6000mAh Battery, 5G",43,55985,5.0
3649,Apple Mobile Model 3649,"64MP Camera, 4000mAh Battery, 5G",48,13349,5.0
3650,Samsung Smartwatch Model 3650,"Heart Rate, AMOLED Display",39,46826,3.5
3651,Lenovo Smartwatch Model 3651,"SpO2, LCD Display",21,7109,3.1
3652,Samsung Laptop Model 3652,"i7, 16GB RAM, 512GB SSD",48,145457,3.5
3653,Lenovo Laptop Model 3653,"i5, 16GB RAM, 256GB SSD",50,149752,3.5
3654,HP Mobile Model 3654,"50MP Camera, 5000mAh Battery, 5G",30,8579,4.0
3655,Xiaomi Mobile Model 3655,"108MP Camera, 4000mAh Battery, 5G",10,101825,4.6
3656,Asus Mobile Model 3656,"50MP Camera, 5000mAh Battery, 5G",15,148908,5.0
3657,Asus Laptop Model 3657,"i5, 16GB RAM, 256GB SSD",19,141987,4.3
3658,OnePlus Laptop Model 3658,"i7, 32GB RAM, 1TB SSD",14,124129,4.1
3659,Lenovo Laptop Model 3659,"i5, 16GB RAM, 512GB SSD",11,30614,4.1
3660,Dell Laptop Model 3660,"i5, 8GB RAM, 1TB SSD",48,146579,4.8
3661,Lenovo Mobile Model 3661,"64MP Camera, 5000mAh Battery, 5G",13,41232,4.9
3662,Xiaomi Mobile Model 3662,"108MP Camera, 4000mAh Battery, 5G",47,6232,3.3
3663,Asus Laptop Model 3663,"i7, 8GB RAM, 256GB SSD",45,108701,4.2
3664,Samsung Laptop Model 3664,"Ryzen 5, 16GB RAM, 1TB SSD",13,45940,3.1
3665,Asus Laptop Model 3665,"i5, 16GB RAM, 512GB SSD",41,133843,4.9
3666,Dell Smartwatch Model 3666,"SpO2, AMOLED Display",26,131945,3.9
3667,Asus Laptop Model 3667,"Ryzen 7, 32GB RAM, 512GB SSD",20,33015,3.1
3668,Dell Mobile Model 3668,"64MP Camera, 4000mAh Battery, 5G",11,55389,3.5
3669,Acer Laptop Model 3669,"i5, 32GB RAM, 256GB SSD",33,130856,4.9
3670,Dell Laptop Model 3670,"Ryzen 5, 32GB RAM, 256GB SSD",26,52387,4.9
3671,OnePlus Smartwatch Model 3671,"GPS, AMOLED Display",50,114169,4.5
3672,OnePlus Smartwatch Model 3672,"Heart Rate, LCD Display",43,14507,3.7
3673,OnePlus Smartwatch Model 3673,"SpO2, LCD Display",39,8732,4.8
3674,Acer Smartwatch Model 3674,"Heart Rate, LCD Display",46,37168,4.4
3675,Xiaomi Smartwatch Model 3675,"SpO2, LCD Display",16,87019,4.4
3676,OnePlus Laptop Model 3676,"Ryzen 7, 8GB RAM, 256GB SSD",25,59536,3.2
3677,Asus Mobile Model 3677,"50MP Camera, 5000mAh Battery, 5G",25,97184,4.4
3678,Xiaomi Mobile Model 3678,"108MP Camera, 5000mAh Battery, 5G",40,73562,3.5
3679,Dell Smartwatch Model 3679,"SpO2, LCD Display",21,65302,3.2
3680,Dell Mobile Model 3680,"108MP Camera, 4000mAh Battery, 5G",19,130535,3.3
3681,Acer Smartwatch Model 3681,"GPS, AMOLED Display",41,36923,4.3
3682,Asus Smartwatch Model 3682,"SpO2, AMOLED Display",17,106210,3.4
3683,Asus Smartwatch Model 3683,"Heart Rate, AMOLED Display",47,71269,3.9
3684,Xiaomi Mobile Model 3684,"64MP Camera, 5000mAh Battery, 5G",41,74238,3.0
3685,Sony Mobile Model 3685,"108MP Camera, 5000mAh Battery, 5G",42,25852,3.2
3686,Sony Smartwatch Model 3686,"Heart Rate, LCD Display",27,35464,4.1
3687,Samsung Smartwatch Model 3687,"Heart Rate, AMOLED Display",9,53392,4.2
3688,Asus Mobile Model 3688,"64MP Camera, 4000mAh Battery, 5G",12,103488,4.5
3689,Apple Mobile Model 3689,"50MP Camera, 6000mAh Battery, 5G",35,15367,3.4
3690,Lenovo Laptop Model 3690,"i5, 32GB RAM, 512GB SSD",8,98245,4.6
3691,Lenovo Mobile Model 3691,"108MP Camera, 5000mAh Battery, 5G",7,97779,4.2
3692,Samsung Smartwatch Model 3692,"Heart Rate, AMOLED Display",48,116256,4.1
3693,OnePlus Smartwatch Model 3693,"SpO2, AMOLED Display",49,113409,3.6
3694,Sony Mobile Model 3694,"108MP Camera, 5000mAh Battery, 5G",47,140635,3.9
3695,Lenovo Mobile Model 3695,"64MP Camera, 4000mAh Battery, 5G",36,26582,4.2
3696,Asus Laptop Model 3696,"Ryzen 7, 16GB RAM, 256GB SSD",39,107703,4.2
3697,OnePlus Mobile Model 3697,"50MP Camera, 6000mAh Battery, 5G",45,18266,3.2
3698,Dell Mobile Model 3698,"64MP Camera, 5000mAh Battery, 5G",11,111467,4.4
3699,Asus Smartwatch Model 3699,"SpO2, LCD Display",26,137681,4.6
3700,Acer Mobile Model 3700,"50MP Camera, 4000mAh Battery, 5G",45,84100,3.0
3701,Xiaomi Mobile Model 3701,"108MP Camera, 5000mAh Battery, 5G",8,147218,4.6
3702,Acer Smartwatch Model 3702,"Heart Rate, AMOLED Display",36,78455,3.2
3703,Acer Smartwatch Model 3703,"SpO2, AMOLED Display",36,40990,4.2
3704,Apple Laptop Model 3704,"Ryzen 7, 16GB RAM, 512GB SSD",21,130519,4.5
3705,Samsung Smartwatch Model 3705,"GPS, LCD Display",38,69957,4.1
3706,Sony Smartwatch Model 3706,"GPS, AMOLED Display",50,93228,3.3
3707,Samsung Mobile Model 3707,"50MP Camera, 6000mAh Battery, 5G",16,63294,4.9
3708,Xiaomi Mobile Model 3708,"64MP Camera, 5000mAh Battery, 5G",45,56752,3.7
3709,Acer Mobile Model 3709,"64MP Camera, 5000mAh Battery, 5G",8,6432,3.2
3710,Asus Smartwatch Model 3710,"SpO2, LCD Display",31,33401,3.6
3711,Apple Laptop Model 3711,"i5, 8GB RAM, 256GB SSD",34,30459,4.8
3712,Lenovo Smartwatch Model 3712,"GPS, AMOLED Display",26,24593,4.3
3713,HP Mobile Model 3713,"64MP Camera, 6000mAh Battery, 5G",6,92432,3.7
3714,Dell Smartwatch Model 3714,"GPS, AMOLED Display",29,92560,3.7
3715,Apple Mobile Model 3715,"64MP Camera, 6000mAh Battery, 5G",6,97897,4.3
3716,Acer Laptop Model 3716,"i5, 32GB RAM, 1TB SSD",30,127282,3.7
3717,Samsung Smartwatch Model 3717,"GPS, AMOLED Display",15,127913,4.8
3718,OnePlus Mobile Model 3718,"108MP Camera, 5000mAh Battery, 5G",24,131922,3.0
3719,Xiaomi Smartwatch Model 3719,"Heart Rate, LCD Display",15,66885,4.0
3720,Samsung Laptop Model 3720,"i5, 8GB RAM, 1TB SSD",13,11563,4.3
3721,Apple Mobile Model 3721,"50MP Camera, 6000mAh Battery, 5G",7,140463,3.8
3722,Samsung Smartwatch Model 3722,"GPS, AMOLED Display",32,113630,3.2
3723,Samsung Mobile Model 3723,"50MP Camera, 4000mAh Battery, 5G",14,93257,3.2
3724,Xiaomi Smartwatch Model 3724,"Heart Rate, AMOLED Display",47,147312,4.2
3725,OnePlus Mobile Model 3725,"64MP Camera, 6000mAh Battery, 5G",26,137231,4.4
3726,HP Smartwatch Model 3726,"Heart Rate, LCD Display",50,16882,4.8
3727,Asus Mobile Model 3727,"50MP Camera, 6000mAh Battery, 5G",14,142290,4.3
3728,Samsung Mobile Model 3728,"50MP Camera, 6000mAh Battery, 5G",13,42682,4.6
3729,HP Laptop Model 3729,"Ryzen 7, 16GB RAM, 256GB SSD",11,93705,4.4
3730,Xiaomi Mobile Model 3730,"108MP Camera, 4000mAh Battery, 5G",47,81006,4.9
3731,OnePlus Mobile Model 3731,"64MP Camera, 5000mAh Battery, 5G",31,117144,3.7
3732,Acer Mobile Model 3732,"50MP Camera, 4000mAh Battery, 5G",25,125508,4.2
3733,Acer Smartwatch Model 3733,"GPS, LCD Display",23,37344,4.4
3734,Sony Smartwatch Model 3734,"SpO2, AMOLED Display",26,111008,4.3
3735,OnePlus Mobile Model 3735,"50MP Camera, 6000mAh Battery, 5G",10,44125,4.1
3736,HP Mobile Model 3736,"108MP Camera, 4000mAh Battery, 5G",31,77591,3.1
3737,Apple Laptop Model 3737,"i7, 32GB RAM, 512GB SSD",16,103269,3.4
3738,Apple Laptop Model 3738,"Ryzen 5, 32GB RAM, 256GB SSD",37,14406,3.4
3739,Sony Smartwatch Model 3739,"Heart Rate, LCD Display",26,76100,4.1
3740,OnePlus Smartwatch Model 3740,"Heart Rate, AMOLED Display",44,139456,4.9
3741,Xiaomi Laptop Model 3741,"Ryzen 7, 8GB RAM, 1TB SSD",30,7471,3.6
3742,Apple Smartwatch Model 3742,"Heart Rate, LCD Display",5,74089,4.3
3743,HP Mobile Model 3743,"108MP Camera, 4000mAh Battery, 5G",15,117500,3.1
3744,Dell Laptop Model 3744,"i7, 16GB RAM, 1TB SSD",44,45464,4.6
3745,Acer Laptop Model 3745,"i7, 16GB RAM, 256GB SSD",10,121953,3.5
3746,Xiaomi Mobile Model 3746,"50MP Camera, 5000mAh Battery, 5G",7,42965,4.1
3747,Apple Smartwatch Model 3747,"Heart Rate, AMOLED Display",12,22055,4.7
3748,Lenovo Laptop Model 3748,"Ryzen 7, 8GB RAM, 256GB SSD",40,27423,3.1
3749,Dell Mobile Model 3749,"64MP Camera, 4000mAh Battery, 5G",21,77560,3.5
3750,Xiaomi Mobile Model 3750,"108MP Camera, 6000mAh Battery, 5G",9,76285,4.8
3751,Dell Mobile Model 3751,"108MP Camera, 5000mAh Battery, 5G",35,129711,4.3
3752,Apple Smartwatch Model 3752,"Heart Rate, LCD Display",10,41002,4.2
3753,OnePlus Laptop Model 3753,"i7, 16GB RAM, 512GB SSD",11,90718,4.3
3754,Sony Mobile Model 3754,"50MP Camera, 4000mAh Battery, 5G",43,139440,3.8
3755,Apple Smartwatch Model 3755,"SpO2, LCD Display",50,37251,4.2
3756,Asus Laptop Model 3756,"i7, 8GB RAM, 512GB SSD",41,46250,3.3
3757,Xiaomi Smartwatch Model 3757,"GPS, AMOLED Display",11,47604,3.2
3758,Asus Laptop Model 3758,"i5, 16GB RAM, 512GB SSD",18,20815,3.1
3759,Acer Laptop Model 3759,"Ryzen 5, 32GB RAM, 1TB SSD",16,66203,3.8
3760,Lenovo Smartwatch Model 3760,"GPS, LCD Display",33,122344,3.6
3761,Apple Laptop Model 3761,"Ryzen 5, 8GB RAM, 512GB SSD",42,29734,4.4
3762,Dell Mobile Model 3762,"64MP Camera, 5000mAh Battery, 5G",9,44969,4.4
3763,Acer Smartwatch Model 3763,"SpO2, LCD Display",10,69365,3.4
3764,Acer Mobile Model 3764,"64MP Camera, 6000mAh Battery, 5G",45,86362,4.7
3765,Apple Smartwatch Model 3765,"GPS, LCD Display",6,63516,3.3
3766,Dell Mobile Model 3766,"108MP Camera, 5000mAh Battery, 5G",9,63694,4.8
3767,Asus Smartwatch Model 3767,"SpO2, AMOLED Display",7,56548,3.3
3768,Samsung Laptop Model 3768,"i7, 16GB RAM, 256GB SSD",44,101183,4.8
3769,Apple Laptop Model 3769,"Ryzen 5, 32GB RAM, 1TB SSD",25,63609,3.9
3770,Samsung Laptop Model 3770,"Ryzen 7, 32GB RAM, 1TB SSD",10,26403,4.7
3771,Apple Mobile Model 3771,"64MP Camera, 4000mAh Battery, 5G",21,115820,4.4
3772,HP Smartwatch Model 3772,"Heart Rate, LCD Display",38,24050,3.7
3773,OnePlus Mobile Model 3773,"64MP Camera, 6000mAh Battery, 5G",40,124947,4.4
3774,OnePlus Mobile Model 3774,"50MP Camera, 5000mAh Battery, 5G",47,22477,4.7
3775,Asus Laptop Model 3775,"i7, 8GB RAM, 256GB SSD",10,149158,4.6
3776,HP Mobile Model 3776,"108MP Camera, 5000mAh Battery, 5G",16,10191,3.8
3777,Dell Mobile Model 3777,"50MP Camera, 5000mAh Battery, 5G",46,15653,4.6
3778,Asus Smartwatch Model 3778,"Heart Rate, AMOLED Display",16,16913,3.0
3779,Lenovo Smartwatch Model 3779,"Heart Rate, AMOLED Display",34,106989,3.5
3780,Samsung Laptop Model 3780,"i5, 32GB RAM, 256GB SSD",12,102227,4.5
3781,OnePlus Laptop Model 3781,"i7, 16GB RAM, 256GB SSD",24,108064,4.9
3782,Acer Smartwatch Model 3782,"SpO2, AMOLED Display",42,141766,4.0
3783,Apple Mobile Model 3783,"64MP Camera, 6000mAh Battery, 5G",19,32134,4.0
3784,Asus Mobile Model 3784,"64MP Camera, 6000mAh Battery, 5G",45,11970,4.2
3785,Asus Mobile Model 3785,"50MP Camera, 6000mAh Battery, 5G",38,75348,3.0
3786,Samsung Mobile Model 3786,"64MP Camera, 6000mAh Battery, 5G",22,106640,4.3
3787,Sony Laptop Model 3787,"Ryzen 5, 32GB RAM, 256GB SSD",8,38123,3.4
3788,HP Laptop Model 3788,"Ryzen 7, 32GB RAM, 512GB SSD",36,145296,4.1
3789,Acer Smartwatch Model 3789,"SpO2, AMOLED Display",8,90895,4.9
3790,Sony Laptop Model 3790,"Ryzen 7, 16GB RAM, 512GB SSD",48,13269,4.4
3791,Xiaomi Smartwatch Model 3791,"SpO2, LCD Display",47,135824,3.3
3792,HP Mobile Model 3792,"64MP Camera, 5000mAh Battery, 5G",29,43282,4.3
3793,Samsung Smartwatch Model 3793,"Heart Rate, LCD Display",43,143987,3.8
3794,OnePlus Smartwatch Model 3794,"GPS, AMOLED Display",50,115724,3.4
3795,Apple Laptop Model 3795,"Ryzen 5, 32GB RAM, 1TB SSD",33,102488,3.6
3796,Xiaomi Smartwatch Model 3796,"SpO2, LCD Display",29,62553,4.0
3797,Lenovo Laptop Model 3797,"i7, 8GB RAM, 256GB SSD",18,25336,4.0
3798,Acer Mobile Model 3798,"50MP Camera, 5000mAh Battery, 5G",20,34542,4.3
3799,Apple Mobile Model 3799,"50MP Camera, 5000mAh Battery, 5G",7,107843,3.9
3800,Lenovo Mobile Model 3800,"64MP Camera, 4000mAh Battery, 5G",46,119014,4.3
3801,Asus Mobile Model 3801,"108MP Camera, 6000mAh Battery, 5G",6,91538,3.9
3802,OnePlus Laptop Model 3802,"Ryzen 5, 32GB RAM, 1TB SSD",21,91009,4.0
3803,HP Smartwatch Model 3803,"Heart Rate, LCD Display",38,139846,3.0
3804,Xiaomi Mobile Model 3804,"50MP Camera, 5000mAh Battery, 5G",34,120818,4.2
3805,Asus Laptop Model 3805,"Ryzen 7, 16GB RAM, 512GB SSD",41,92712,4.7
3806,Sony Mobile Model 3806,"108MP Camera, 6000mAh Battery, 5G",38,92922,4.4
3807,Xiaomi Mobile Model 3807,"108MP Camera, 5000mAh Battery, 5G",25,148730,3.3
3808,Dell Laptop Model 3808,"i5, 16GB RAM, 512GB SSD",31,84992,3.5
3809,Dell Smartwatch Model 3809,"GPS, AMOLED Display",50,134807,5.0
3810,Dell Smartwatch Model 3810,"Heart Rate, AMOLED Display",19,123682,4.1
3811,Asus Mobile Model 3811,"50MP Camera, 5000mAh Battery, 5G",32,103531,3.9
3812,Apple Laptop Model 3812,"Ryzen 5, 16GB RAM, 512GB SSD",46,117329,5.0
3813,Sony Laptop Model 3813,"Ryzen 7, 16GB RAM, 256GB SSD",10,111032,3.0
3814,Samsung Laptop Model 3814,"Ryzen 7, 16GB RAM, 1TB SSD",35,59542,3.3
3815,Sony Smartwatch Model 3815,"Heart Rate, AMOLED Display",36,111218,4.5
3816,OnePlus Laptop Model 3816,"Ryzen 7, 32GB RAM, 1TB SSD",39,142210,4.2
3817,Acer Smartwatch Model 3817,"GPS, AMOLED Display",34,121311,4.4
3818,HP Smartwatch Model 3818,"SpO2, AMOLED Display",5,96375,4.9
3819,Samsung Mobile Model 3819,"64MP Camera, 6000mAh Battery, 5G",43,121278,3.9
3820,OnePlus Mobile Model 3820,"108MP Camera, 4000mAh Battery, 5G",42,88202,4.7
3821,Acer Laptop Model 3821,"i7, 32GB RAM, 1TB SSD",17,27761,4.8
3822,Samsung Laptop Model 3822,"Ryzen 7, 32GB RAM, 1TB SSD",34,27518,3.2
3823,Sony Smartwatch Model 3823,"SpO2, AMOLED Display",47,74794,3.6
3824,HP Smartwatch Model 3824,"GPS, AMOLED Display",50,137362,4.9
3825,Lenovo Mobile Model 3825,"64MP Camera, 4000mAh Battery, 5G",36,108956,4.2
3826,Apple Mobile Model 3826,"108MP Camera, 4000mAh Battery, 5G",30,58673,4.9
3827,Acer Smartwatch Model 3827,"Heart Rate, AMOLED Display",50,149875,4.6
3828,Lenovo Smartwatch Model 3828,"Heart Rate, LCD Display",19,63552,4.6
3829,Acer Mobile Model 3829,"108MP Camera, 6000mAh Battery, 5G",12,95416,4.3
3830,Sony Mobile Model 3830,"50MP Camera, 6000mAh Battery, 5G",16,16005,4.3
3831,Sony Smartwatch Model 3831,"GPS, LCD Display",32,69974,3.3
3832,Samsung Smartwatch Model 3832,"GPS, LCD Display",15,114811,4.3
3833,HP Laptop Model 3833,"Ryzen 5, 8GB RAM, 1TB SSD",29,73690,4.1
3834,HP Mobile Model 3834,"108MP Camera, 6000mAh Battery, 5G",45,122388,3.1
3835,Apple Smartwatch Model 3835,"GPS, LCD Display",25,13051,4.6
3836,Xiaomi Smartwatch Model 3836,"GPS, LCD Display",23,73876,3.5
3837,Asus Mobile Model 3837,"64MP Camera, 6000mAh Battery, 5G",21,29128,3.9
3838,Lenovo Mobile Model 3838,"64MP Camera, 6000mAh Battery, 5G",48,47678,3.5
3839,HP Mobile Model 3839,"50MP Camera, 5000mAh Battery, 5G",20,81477,4.4
3840,Asus Smartwatch Model 3840,"GPS, LCD Display",50,34581,4.4
3841,Apple Laptop Model 3841,"Ryzen 7, 32GB RAM, 1TB SSD",41,26531,3.3
3842,HP Smartwatch Model 3842,"SpO2, LCD Display",15,120203,3.7
3843,Lenovo Laptop Model 3843,"i5, 16GB RAM, 256GB SSD",23,115677,3.6
3844,Asus Mobile Model 3844,"50MP Camera, 4000mAh Battery, 5G",39,53574,3.7
3845,Acer Laptop Model 3845,"i5, 32GB RAM, 512GB SSD",17,63155,4.4
3846,Xiaomi Laptop Model 3846,"i7, 32GB RAM, 1TB SSD",29,137883,4.3
3847,Samsung Laptop Model 3847,"Ryzen 5, 32GB RAM, 256GB SSD",40,145606,4.8
3848,Asus Laptop Model 3848,"i5, 8GB RAM, 1TB SSD",31,126434,4.4
3849,Lenovo Laptop Model 3849,"Ryzen 5, 32GB RAM, 256GB SSD",14,109598,4.3
3850,Apple Smartwatch Model 3850,"GPS, AMOLED Display",47,124373,3.8
3851,Dell Smartwatch Model 3851,"GPS, LCD Display",14,131519,3.1
3852,Samsung Smartwatch Model 3852,"GPS, AMOLED Display",15,16637,4.9
3853,Acer Laptop Model 3853,"Ryzen 7, 32GB RAM, 256GB SSD",8,38790,4.2
3854,Apple Laptop Model 3854,"Ryzen 7, 32GB RAM, 1TB SSD",23,63119,3.9
3855,Acer Laptop Model 3855,"i7, 32GB RAM, 1TB SSD",42,118939,4.0
3856,Samsung Smartwatch Model 3856,"Heart Rate, AMOLED Display",36,17675,4.8
3857,HP Smartwatch Model 3857,"SpO2, AMOLED Display",30,108346,5.0
3858,OnePlus Laptop Model 3858,"Ryzen 7, 8GB RAM, 1TB SSD",19,79486,3.0
3859,Sony Laptop Model 3859,"Ryzen 5, 32GB RAM, 256GB SSD",29,131805,3.1
3860,Asus Mobile Model 3860,"108MP Camera, 6000mAh Battery, 5G",46,100915,3.3
3861,OnePlus Mobile Model 3861,"108MP Camera, 6000mAh Battery, 5G",7,52837,3.0
3862,HP Mobile Model 3862,"108MP Camera, 6000mAh Battery, 5G",29,81737,3.7
3863,Dell Laptop Model 3863,"Ryzen 7, 32GB RAM, 1TB SSD",45,28428,3.8
3864,Xiaomi Mobile Model 3864,"64MP Camera, 5000mAh Battery, 5G",18,82833,4.2
3865,HP Smartwatch Model 3865,"GPS, LCD Display",42,67571,3.5
3866,Lenovo Laptop Model 3866,"Ryzen 5, 16GB RAM, 512GB SSD",40,145342,3.6
3867,Xiaomi Smartwatch Model 3867,"GPS, LCD Display",29,15794,3.8
3868,Lenovo Laptop Model 3868,"Ryzen 7, 8GB RAM, 1TB SSD",46,101121,3.4
3869,Lenovo Mobile Model 3869,"64MP Camera, 5000mAh Battery, 5G",41,94122,3.7
3870,Dell Laptop Model 3870,"Ryzen 7, 8GB RAM, 1TB SSD",11,110815,3.4
3871,Samsung Smartwatch Model 3871,"GPS, LCD Display",14,32537,3.8
3872,OnePlus Smartwatch Model 3872,"GPS, AMOLED Display",21,16618,3.7
3873,HP Laptop Model 3873,"Ryzen 5, 8GB RAM, 256GB SSD",37,27804,3.9
3874,Asus Mobile Model 3874,"50MP Camera, 4000mAh Battery, 5G",43,22948,3.6
3875,Acer Mobile Model 3875,"64MP Camera, 6000mAh Battery, 5G",30,121823,3.6
3876,HP Mobile Model 3876,"108MP Camera, 5000mAh Battery, 5G",50,52281,4.8
3877,Acer Smartwatch Model 3877,"GPS, AMOLED Display",17,46163,4.2
3878,Acer Laptop Model 3878,"i7, 32GB RAM, 512GB SSD",49,38921,4.6
3879,Xiaomi Laptop Model 3879,"i5, 32GB RAM, 512GB SSD",31,49806,4.1
3880,Xiaomi Smartwatch Model 3880,"SpO2, AMOLED Display",29,59995,3.1
3881,Xiaomi Smartwatch Model 3881,"Heart Rate, LCD Display",23,17932,3.3
3882,HP Smartwatch Model 3882,"GPS, AMOLED Display",43,118747,3.5
3883,Asus Smartwatch Model 3883,"GPS, AMOLED Display",11,91425,4.0
3884,OnePlus Smartwatch Model 3884,"Heart Rate, AMOLED Display",20,100833,4.4
3885,Apple Laptop Model 3885,"i5, 8GB RAM, 256GB SSD",26,6641,4.6
3886,OnePlus Smartwatch Model 3886,"Heart Rate, LCD Display",30,44235,4.7
3887,Dell Laptop Model 3887,"i7, 8GB RAM, 256GB SSD",12,69987,4.7
3888,Lenovo Laptop Model 3888,"Ryzen 5, 16GB RAM, 256GB SSD",36,44117,3.8
3889,Xiaomi Laptop Model 3889,"i5, 32GB RAM, 1TB SSD",6,65634,3.1
3890,Samsung Smartwatch Model 3890,"Heart Rate, LCD Display",10,42601,4.3
3891,Dell Laptop Model 3891,"i5, 8GB RAM, 256GB SSD",42,33545,3.1
3892,Apple Mobile Model 3892,"64MP Camera, 6000mAh Battery, 5G",42,19369,3.2
3893,Samsung Smartwatch Model 3893,"Heart Rate, AMOLED Display",46,50130,3.8
3894,Xiaomi Smartwatch Model 3894,"SpO2, LCD Display",33,93235,3.5
3895,Dell Mobile Model 3895,"50MP Camera, 4000mAh Battery, 5G",25,16153,3.5
3896,Samsung Mobile Model 3896,"108MP Camera, 4000mAh Battery, 5G",28,59122,4.2
3897,Apple Mobile Model 3897,"108MP Camera, 4000mAh Battery, 5G",23,63405,3.1
3898,Acer Laptop Model 3898,"Ryzen 7, 32GB RAM, 256GB SSD",27,51930,3.6
3899,HP Smartwatch Model 3899,"GPS, LCD Display",11,57723,4.4
3900,Samsung Mobile Model 3900,"50MP Camera, 5000mAh Battery, 5G",42,81962,4.7
3901,Dell Mobile Model 3901,"64MP Camera, 4000mAh Battery, 5G",28,135313,3.9
3902,Apple Laptop Model 3902,"Ryzen 5, 16GB RAM, 512GB SSD",43,96859,3.1
3903,Samsung Laptop Model 3903,"Ryzen 7, 32GB RAM, 1TB SSD",20,78975,4.4
3904,Xiaomi Laptop Model 3904,"Ryzen 5, 32GB RAM, 512GB SSD",23,95393,4.3
3905,Samsung Smartwatch Model 3905,"SpO2, LCD Display",7,41830,3.4
3906,OnePlus Mobile Model 3906,"64MP Camera, 5000mAh Battery, 5G",33,142132,3.8
3907,HP Laptop Model 3907,"i5, 16GB RAM, 256GB SSD",31,19134,3.2
3908,Samsung Laptop Model 3908,"Ryzen 5, 32GB RAM, 512GB SSD",25,99633,4.5
3909,Apple Mobile Model 3909,"50MP Camera, 6000mAh Battery, 5G",27,56989,4.3
3910,OnePlus Laptop Model 3910,"Ryzen 7, 8GB RAM, 512GB SSD",22,72778,3.1
3911,Xiaomi Smartwatch Model 3911,"SpO2, AMOLED Display",41,145040,4.3
3912,Asus Smartwatch Model 3912,"GPS, AMOLED Display",19,98508,3.0
3913,Dell Laptop Model 3913,"i5, 16GB RAM, 512GB SSD",30,28964,3.5
3914,Asus Mobile Model 3914,"108MP Camera, 6000mAh Battery, 5G",11,118765,3.0
3915,HP Mobile Model 3915,"50MP Camera, 5000mAh Battery, 5G",38,106416,4.0
3916,Lenovo Mobile Model 3916,"50MP Camera, 6000mAh Battery, 5G",6,84251,3.4
3917,Asus Smartwatch Model 3917,"Heart Rate, AMOLED Display",11,138846,4.7
3918,Acer Mobile Model 3918,"108MP Camera, 4000mAh Battery, 5G",49,104264,3.1
3919,HP Mobile Model 3919,"64MP Camera, 5000mAh Battery, 5G",50,79118,3.0
3920,Lenovo Smartwatch Model 3920,"SpO2, LCD Display",25,84196,3.6
3921,OnePlus Smartwatch Model 3921,"GPS, LCD Display",14,40971,3.1
3922,Dell Laptop Model 3922,"Ryzen 7, 32GB RAM, 512GB SSD",30,54963,4.2
3923,Asus Smartwatch Model 3923,"Heart Rate, LCD Display",12,43909,3.3
3924,HP Laptop Model 3924,"i5, 8GB RAM, 256GB SSD",28,10753,4.9
3925,Sony Mobile Model 3925,"50MP Camera, 4000mAh Battery, 5G",50,99067,4.1
3926,Sony Laptop Model 3926,"i5, 32GB RAM, 256GB SSD",14,51310,4.9
3927,Acer Mobile Model 3927,"108MP Camera, 5000mAh Battery, 5G",47,126111,4.7
3928,Dell Laptop Model 3928,"i5, 16GB RAM, 512GB SSD",32,80603,4.3
3929,Apple Laptop Model 3929,"Ryzen 5, 8GB RAM, 1TB SSD",19,52074,4.9
3930,Xiaomi Mobile Model 3930,"108MP Camera, 5000mAh Battery, 5G",30,44230,3.7
3931,Dell Mobile Model 3931,"64MP Camera, 4000mAh Battery, 5G",31,91971,3.1
3932,Xiaomi Mobile Model 3932,"108MP Camera, 4000mAh Battery, 5G",26,18811,4.9
3933,Lenovo Laptop Model 3933,"Ryzen 7, 16GB RAM, 1TB SSD",49,73661,3.9
3934,Acer Mobile Model 3934,"50MP Camera, 6000mAh Battery, 5G",38,43164,3.9
3935,Samsung Mobile Model 3935,"50MP Camera, 5000mAh Battery, 5G",21,9618,3.3
3936,Asus Mobile Model 3936,"50MP Camera, 6000mAh Battery, 5G",46,149376,3.8
3937,Acer Laptop Model 3937,"i5, 32GB RAM, 512GB SSD",10,19133,3.0
3938,Lenovo Laptop Model 3938,"Ryzen 7, 8GB RAM, 256GB SSD",47,50263,4.1
3939,HP Smartwatch Model 3939,"GPS, LCD Display",37,93622,3.5
3940,Sony Laptop Model 3940,"i7, 8GB RAM, 512GB SSD",41,138836,4.5
3941,Asus Smartwatch Model 3941,"Heart Rate, LCD Display",35,84018,4.9
3942,OnePlus Smartwatch Model 3942,"GPS, AMOLED Display",16,12466,3.8
3943,Xiaomi Laptop Model 3943,"i5, 32GB RAM, 256GB SSD",37,39152,3.4
3944,OnePlus Mobile Model 3944,"64MP Camera, 6000mAh Battery, 5G",15,125386,4.0
3945,OnePlus Laptop Model 3945,"Ryzen 7, 8GB RAM, 256GB SSD",42,75596,3.0
3946,Apple Laptop Model 3946,"Ryzen 7, 32GB RAM, 256GB SSD",22,134148,3.1
3947,Apple Laptop Model 3947,"i5, 16GB RAM, 1TB SSD",36,136236,3.2
3948,HP Smartwatch Model 3948,"SpO2, AMOLED Display",23,27462,3.9
3949,Lenovo Smartwatch Model 3949,"SpO2, LCD Display",48,111572,3.1
3950,Apple Smartwatch Model 3950,"SpO2, AMOLED Display",46,35899,4.9
3951,HP Smartwatch Model 3951,"SpO2, AMOLED Display",11,77403,4.0
3952,Samsung Mobile Model 3952,"108MP Camera, 5000mAh Battery, 5G",25,31896,4.3
3953,HP Laptop Model 3953,"i5, 32GB RAM, 256GB SSD",6,51457,3.3
3954,Lenovo Smartwatch Model 3954,"GPS, AMOLED Display",19,79598,4.5
3955,Dell Laptop Model 3955,"Ryzen 7, 16GB RAM, 512GB SSD",29,127529,4.2
3956,Apple Laptop Model 3956,"Ryzen 7, 16GB RAM, 1TB SSD",34,48045,4.3
3957,HP Mobile Model 3957,"108MP Camera, 6000mAh Battery, 5G",22,94594,3.2
3958,OnePlus Mobile Model 3958,"108MP Camera, 4000mAh Battery, 5G",50,17074,4.8
3959,Apple Mobile Model 3959,"50MP Camera, 4000mAh Battery, 5G",44,128013,3.5
3960,Asus Laptop Model 3960,"i5, 32GB RAM, 512GB SSD",35,139526,3.8
3961,Asus Smartwatch Model 3961,"GPS, LCD Display",35,48697,3.2
3962,OnePlus Laptop Model 3962,"Ryzen 5, 8GB RAM, 512GB SSD",15,149776,4.7
3963,Dell Smartwatch Model 3963,"Heart Rate, LCD Display",19,91854,4.0
3964,OnePlus Laptop Model 3964,"Ryzen 7, 16GB RAM, 256GB SSD",32,132569,4.9
3965,Samsung Laptop Model 3965,"i5, 32GB RAM, 256GB SSD",35,102917,4.2
3966,Xiaomi Smartwatch Model 3966,"Heart Rate, AMOLED Display",33,25379,4.6
3967,OnePlus Laptop Model 3967,"Ryzen 5, 32GB RAM, 256GB SSD",7,32469,4.4
3968,Acer Mobile Model 3968,"64MP Camera, 5000mAh Battery, 5G",27,99418,3.3
3969,OnePlus Mobile Model 3969,"64MP Camera, 6000mAh Battery, 5G",21,147733,3.9
3970,Lenovo Smartwatch Model 3970,"SpO2, LCD Display",45,96620,3.0
3971,Asus Mobile Model 3971,"50MP Camera, 4000mAh Battery, 5G",28,29014,4.8
3972,HP Mobile Model 3972,"64MP Camera, 5000mAh Battery, 5G",15,98394,4.2
3973,Dell Mobile Model 3973,"108MP Camera, 4000mAh Battery, 5G",47,70988,3.9
3974,Asus Smartwatch Model 3974,"SpO2, LCD Display",41,31891,3.1
3975,OnePlus Laptop Model 3975,"Ryzen 5, 32GB RAM, 256GB SSD",12,52696,4.6
3976,Apple Mobile Model 3976,"64MP Camera, 6000mAh Battery, 5G",32,42836,3.7
3977,Apple Laptop Model 3977,"Ryzen 7, 32GB RAM, 1TB SSD",43,62424,3.6
3978,Acer Mobile Model 3978,"108MP Camera, 5000mAh Battery, 5G",43,127599,4.0
3979,Dell Laptop Model 3979,"Ryzen 5, 16GB RAM, 256GB SSD",47,71199,4.2
3980,Asus Mobile Model 3980,"108MP Camera, 4000mAh Battery, 5G",45,40268,4.9
3981,Dell Smartwatch Model 3981,"SpO2, LCD Display",46,110162,4.3
3982,Xiaomi Mobile Model 3982,"64MP Camera, 6000mAh Battery, 5G",28,82268,4.5
3983,Samsung Smartwatch Model 3983,"Heart Rate, AMOLED Display",38,146468,3.0
3984,Acer Laptop Model 3984,"i5, 16GB RAM, 512GB SSD",27,68871,4.5
3985,Samsung Mobile Model 3985,"64MP Camera, 4000mAh Battery, 5G",45,36752,4.8
3986,OnePlus Laptop Model 3986,"i5, 8GB RAM, 1TB SSD",31,133786,3.6
3987,Sony Laptop Model 3987,"Ryzen 5, 8GB RAM, 512GB SSD",31,124476,5.0
3988,Acer Laptop Model 3988,"i5, 16GB RAM, 1TB SSD",45,74217,3.7
3989,Sony Mobile Model 3989,"64MP Camera, 4000mAh Battery, 5G",19,130783,3.8
3990,OnePlus Smartwatch Model 3990,"SpO2, LCD Display",20,116863,3.7
3991,Samsung Laptop Model 3991,"i5, 8GB RAM, 256GB SSD",12,133083,3.8
3992,Asus Laptop Model 3992,"i5, 16GB RAM, 256GB SSD",17,82994,3.7
3993,Dell Laptop Model 3993,"Ryzen 5, 16GB RAM, 512GB SSD",30,141693,4.5
3994,Asus Laptop Model 3994,"i7, 8GB RAM, 1TB SSD",23,115921,3.8
3995,Apple Laptop Model 3995,"i7, 16GB RAM, 256GB SSD",49,118907,4.6
3996,OnePlus Laptop Model 3996,"Ryzen 5, 8GB RAM, 1TB SSD",18,59915,3.1
3997,OnePlus Smartwatch Model 3997,"Heart Rate, LCD Display",5,30486,3.2
3998,Apple Smartwatch Model 3998,"SpO2, AMOLED Display",35,34530,4.4
3999,Sony Laptop Model 3999,"Ryzen 7, 16GB RAM, 1TB SSD",24,94066,3.2
4000,Apple Mobile Model 4000,"50MP Camera, 5000mAh Battery, 5G",10,122045,4.6
4001,OnePlus Mobile Model 4001,"64MP Camera, 4000mAh Battery, 5G",48,45880,4.4
4002,OnePlus Mobile Model 4002,"50MP Camera, 6000mAh Battery, 5G",16,9609,4.3
4003,Sony Smartwatch Model 4003,"GPS, LCD Display",15,66573,4.5
4004,Lenovo Laptop Model 4004,"i5, 16GB RAM, 256GB SSD",44,30014,3.6
4005,Xiaomi Laptop Model 4005,"Ryzen 5, 16GB RAM, 256GB SSD",21,55337,3.6
4006,Lenovo Laptop Model 4006,"i7, 32GB RAM, 256GB SSD",14,133174,3.6
4007,Acer Laptop Model 4007,"i5, 16GB RAM, 1TB SSD",18,44926,4.1
4008,Samsung Mobile Model 4008,"108MP Camera, 4000mAh Battery, 5G",28,114292,4.7
4009,Xiaomi Mobile Model 4009,"64MP Camera, 4000mAh Battery, 5G",37,22126,3.5
4010,Asus Smartwatch Model 4010,"SpO2, AMOLED Display",19,77519,3.5
4011,Samsung Mobile Model 4011,"50MP Camera, 6000mAh Battery, 5G",31,31873,4.5
4012,HP Laptop Model 4012,"Ryzen 7, 32GB RAM, 1TB SSD",7,6383,4.0
4013,HP Mobile Model 4013,"108MP Camera, 4000mAh Battery, 5G",26,109823,3.1
4014,Sony Mobile Model 4014,"64MP Camera, 6000mAh Battery, 5G",49,64055,4.0
4015,Samsung Smartwatch Model 4015,"Heart Rate, AMOLED Display",9,56254,4.4
4016,Acer Mobile Model 4016,"108MP Camera, 4000mAh Battery, 5G",13,67107,3.3
4017,Apple Laptop Model 4017,"Ryzen 7, 16GB RAM, 512GB SSD",11,88842,3.4
4018,Acer Smartwatch Model 4018,"GPS, AMOLED Display",10,83896,4.5
4019,Lenovo Smartwatch Model 4019,"SpO2, AMOLED Display",23,18286,3.2
4020,Asus Smartwatch Model 4020,"Heart Rate, AMOLED Display",49,91379,4.5
4021,Samsung Laptop Model 4021,"i5, 32GB RAM, 1TB SSD",22,19020,4.4
4022,Lenovo Laptop Model 4022,"i7, 32GB RAM, 256GB SSD",40,18557,4.9
4023,Lenovo Mobile Model 4023,"108MP Camera, 6000mAh Battery, 5G",36,31489,3.9
4024,Samsung Laptop Model 4024,"Ryzen 5, 8GB RAM, 256GB SSD",32,84491,3.8
4025,Sony Smartwatch Model 4025,"GPS, AMOLED Display",31,146516,4.6
4026,HP Mobile Model 4026,"108MP Camera, 4000mAh Battery, 5G",38,43059,4.8
4027,Xiaomi Mobile Model 4027,"50MP Camera, 6000mAh Battery, 5G",37,11736,3.6
4028,Apple Mobile Model 4028,"108MP Camera, 4000mAh Battery, 5G",30,146427,4.3
4029,HP Mobile Model 4029,"50MP Camera, 5000mAh Battery, 5G",11,16387,3.4
4030,OnePlus Laptop Model 4030,"Ryzen 5, 8GB RAM, 512GB SSD",8,66479,4.5
4031,Xiaomi Mobile Model 4031,"108MP Camera, 4000mAh Battery, 5G",31,19346,3.6
4032,Asus Smartwatch Model 4032,"Heart Rate, LCD Display",29,60062,3.5
4033,HP Mobile Model 4033,"108MP Camera, 5000mAh Battery, 5G",48,75305,4.3
4034,Lenovo Mobile Model 4034,"108MP Camera, 5000mAh Battery, 5G",24,133739,3.7
4035,Acer Smartwatch Model 4035,"SpO2, LCD Display",18,35005,3.7
4036,Apple Smartwatch Model 4036,"Heart Rate, AMOLED Display",19,134286,4.2
4037,OnePlus Smartwatch Model 4037,"SpO2, LCD Display",25,85908,4.3
4038,Xiaomi Laptop Model 4038,"i5, 8GB RAM, 1TB SSD",29,62418,3.4
4039,Lenovo Mobile Model 4039,"50MP Camera, 6000mAh Battery, 5G",7,143337,4.7
4040,HP Laptop Model 4040,"Ryzen 7, 8GB RAM, 1TB SSD",14,34216,4.7
4041,Samsung Mobile Model 4041,"108MP Camera, 4000mAh Battery, 5G",47,96835,3.0
4042,Asus Laptop Model 4042,"i7, 8GB RAM, 1TB SSD",36,31298,4.7
4043,OnePlus Mobile Model 4043,"64MP Camera, 6000mAh Battery, 5G",32,61537,3.2
4044,Xiaomi Smartwatch Model 4044,"GPS, AMOLED Display",21,34729,3.7
4045,OnePlus Laptop Model 4045,"Ryzen 5, 16GB RAM, 256GB SSD",48,21712,4.1
4046,HP Smartwatch Model 4046,"GPS, AMOLED Display",19,100837,3.5
4047,Lenovo Laptop Model 4047,"Ryzen 7, 32GB RAM, 1TB SSD",47,10132,4.7
4048,Dell Smartwatch Model 4048,"GPS, AMOLED Display",5,139909,4.2
4049,Apple Laptop Model 4049,"i7, 16GB RAM, 512GB SSD",24,39711,4.1
4050,Sony Laptop Model 4050,"i5, 8GB RAM, 256GB SSD",23,69652,4.1
4051,Lenovo Smartwatch Model 4051,"Heart Rate, AMOLED Display",11,35709,4.9
4052,Apple Mobile Model 4052,"108MP Camera, 5000mAh Battery, 5G",46,34843,4.4
4053,Samsung Smartwatch Model 4053,"SpO2, LCD Display",23,68093,4.0
4054,Asus Mobile Model 4054,"108MP Camera, 4000mAh Battery, 5G",43,90566,3.9
4055,HP Smartwatch Model 4055,"SpO2, LCD Display",46,90950,4.4
4056,Apple Laptop Model 4056,"i5, 16GB RAM, 256GB SSD",36,66278,4.5
4057,Xiaomi Mobile Model 4057,"64MP Camera, 5000mAh Battery, 5G",47,36411,4.3
4058,Dell Laptop Model 4058,"Ryzen 7, 16GB RAM, 512GB SSD",22,142110,3.6
4059,Sony Laptop Model 4059,"Ryzen 5, 8GB RAM, 1TB SSD",12,29585,3.8
4060,Sony Mobile Model 4060,"108MP Camera, 5000mAh Battery, 5G",31,115544,3.1
4061,Sony Smartwatch Model 4061,"Heart Rate, AMOLED Display",20,149601,4.4
4062,Acer Smartwatch Model 4062,"Heart Rate, AMOLED Display",6,72693,4.9
4063,HP Mobile Model 4063,"64MP Camera, 5000mAh Battery, 5G",19,92841,3.9
4064,Sony Mobile Model 4064,"50MP Camera, 5000mAh Battery, 5G",49,53885,4.6
4065,Lenovo Laptop Model 4065,"i7, 32GB RAM, 256GB SSD",26,6023,3.0
4066,Acer Laptop Model 4066,"i5, 32GB RAM, 256GB SSD",27,81709,4.6
4067,Dell Mobile Model 4067,"50MP Camera, 5000mAh Battery, 5G",25,74797,4.3
4068,Asus Mobile Model 4068,"108MP Camera, 6000mAh Battery, 5G",21,79106,4.1
4069,Dell Mobile Model 4069,"108MP Camera, 5000mAh Battery, 5G",7,84877,4.5
4070,Acer Laptop Model 4070,"i5, 8GB RAM, 256GB SSD",24,77032,3.4
4071,HP Smartwatch Model 4071,"SpO2, LCD Display",33,137116,4.3
4072,Xiaomi Mobile Model 4072,"50MP Camera, 5000mAh Battery, 5G",43,6659,3.0
4073,HP Laptop Model 4073,"Ryzen 7, 32GB RAM, 512GB SSD",32,40427,3.7
4074,Asus Laptop Model 4074,"i7, 32GB RAM, 1TB SSD",41,15959,4.7
4075,Xiaomi Laptop Model 4075,"Ryzen 7, 16GB RAM, 256GB SSD",6,16430,3.5
4076,Asus Laptop Model 4076,"i7, 32GB RAM, 256GB SSD",26,111087,4.7
4077,Asus Mobile Model 4077,"108MP Camera, 5000mAh Battery, 5G",14,86492,4.1
4078,Acer Laptop Model 4078,"Ryzen 7, 32GB RAM, 512GB SSD",10,20882,4.4
4079,OnePlus Smartwatch Model 4079,"Heart Rate, LCD Display",19,58072,4.0
4080,Apple Laptop Model 4080,"i5, 32GB RAM, 512GB SSD",26,101212,3.6
4081,Asus Mobile Model 4081,"50MP Camera, 6000mAh Battery, 5G",42,37597,3.6
4082,Apple Laptop Model 4082,"Ryzen 7, 16GB RAM, 512GB SSD",18,60604,3.7
4083,Apple Mobile Model 4083,"108MP Camera, 6000mAh Battery, 5G",48,118126,4.2
4084,Sony Smartwatch Model 4084,"Heart Rate, AMOLED Display",11,36280,3.7
4085,HP Mobile Model 4085,"50MP Camera, 5000mAh Battery, 5G",6,123295,4.3
4086,Lenovo Mobile Model 4086,"50MP Camera, 5000mAh Battery, 5G",30,149668,4.8
4087,Apple Mobile Model 4087,"50MP Camera, 5000mAh Battery, 5G",37,140152,4.4
4088,HP Smartwatch Model 4088,"GPS, AMOLED Display",28,71389,4.4
4089,Sony Laptop Model 4089,"Ryzen 7, 8GB RAM, 1TB SSD",27,79174,3.5
4090,Dell Laptop Model 4090,"i5, 32GB RAM, 1TB SSD",21,52248,4.7
4091,Dell Laptop Model 4091,"i7, 32GB RAM, 1TB SSD",42,129337,4.9
4092,Acer Laptop Model 4092,"Ryzen 7, 8GB RAM, 256GB SSD",16,137241,4.0
4093,Lenovo Laptop Model 4093,"i5, 32GB RAM, 256GB SSD",8,58116,3.3
4094,OnePlus Smartwatch Model 4094,"SpO2, LCD Display",41,77112,4.7
4095,Sony Mobile Model 4095,"64MP Camera, 5000mAh Battery, 5G",29,21641,3.7
4096,Apple Laptop Model 4096,"i5, 16GB RAM, 256GB SSD",44,111131,4.1
4097,Lenovo Smartwatch Model 4097,"Heart Rate, AMOLED Display",31,71332,3.4
4098,Acer Mobile Model 4098,"108MP Camera, 6000mAh Battery, 5G",47,64081,4.9
4099,Lenovo Laptop Model 4099,"Ryzen 7, 8GB RAM, 512GB SSD",38,42487,4.3
4100,Apple Smartwatch Model 4100,"GPS, LCD Display",47,50504,4.9
4101,Dell Laptop Model 4101,"Ryzen 7, 8GB RAM, 512GB SSD",5,29697,3.5
4102,HP Mobile Model 4102,"50MP Camera, 6000mAh Battery, 5G",36,85461,4.9
4103,Lenovo Mobile Model 4103,"50MP Camera, 5000mAh Battery, 5G",6,139318,3.0
4104,Samsung Laptop Model 4104,"i7, 32GB RAM, 256GB SSD",23,11180,4.4
4105,Samsung Smartwatch Model 4105,"SpO2, LCD Display",28,20027,4.2
4106,Apple Laptop Model 4106,"i7, 16GB RAM, 512GB SSD",36,135532,4.1
4107,Acer Mobile Model 4107,"108MP Camera, 5000mAh Battery, 5G",24,104220,3.2
4108,Sony Laptop Model 4108,"i7, 8GB RAM, 1TB SSD",30,32641,4.3
4109,Lenovo Laptop Model 4109,"Ryzen 5, 16GB RAM, 256GB SSD",9,30459,4.7
4110,Lenovo Mobile Model 4110,"108MP Camera, 6000mAh Battery, 5G",39,14875,3.1
4111,Acer Mobile Model 4111,"50MP Camera, 5000mAh Battery, 5G",43,123500,4.5
4112,Xiaomi Smartwatch Model 4112,"SpO2, LCD Display",26,123727,3.6
4113,Apple Mobile Model 4113,"64MP Camera, 6000mAh Battery, 5G",18,114951,4.3
4114,Xiaomi Laptop Model 4114,"i7, 32GB RAM, 1TB SSD",38,114684,3.0
4115,Dell Laptop Model 4115,"Ryzen 5, 8GB RAM, 1TB SSD",35,69273,4.1
4116,Dell Mobile Model 4116,"64MP Camera, 6000mAh Battery, 5G",39,28570,4.7
4117,OnePlus Smartwatch Model 4117,"Heart Rate, AMOLED Display",43,14918,3.0
4118,Apple Laptop Model 4118,"i7, 16GB RAM, 512GB SSD",14,103173,4.5
4119,Sony Smartwatch Model 4119,"Heart Rate, AMOLED Display",39,128029,4.3
4120,Apple Laptop Model 4120,"Ryzen 7, 8GB RAM, 1TB SSD",8,42533,4.4
4121,Xiaomi Smartwatch Model 4121,"Heart Rate, LCD Display",16,89946,4.0
4122,Acer Laptop Model 4122,"Ryzen 5, 32GB RAM, 512GB SSD",20,109264,3.4
4123,Acer Smartwatch Model 4123,"SpO2, AMOLED Display",40,13919,4.5
4124,Apple Mobile Model 4124,"50MP Camera, 4000mAh Battery, 5G",22,57882,3.0
4125,Sony Smartwatch Model 4125,"SpO2, AMOLED Display",6,96314,3.2
4126,Samsung Laptop Model 4126,"Ryzen 7, 16GB RAM, 1TB SSD",20,69611,3.2
4127,Dell Smartwatch Model 4127,"GPS, LCD Display",18,124004,3.2
4128,Apple Laptop Model 4128,"i5, 8GB RAM, 512GB SSD",11,61173,3.3
4129,Sony Smartwatch Model 4129,"SpO2, LCD Display",29,87886,3.9
4130,HP Laptop Model 4130,"Ryzen 7, 32GB RAM, 1TB SSD",33,6413,4.6
4131,Dell Smartwatch Model 4131,"GPS, LCD Display",21,67444,4.9
4132,Lenovo Laptop Model 4132,"i7, 32GB RAM, 1TB SSD",17,76708,3.4
4133,Xiaomi Mobile Model 4133,"108MP Camera, 6000mAh Battery, 5G",41,9478,4.7
4134,OnePlus Laptop Model 4134,"Ryzen 5, 16GB RAM, 256GB SSD",8,48284,3.3
4135,Acer Smartwatch Model 4135,"SpO2, AMOLED Display",29,46472,3.6
4136,Sony Smartwatch Model 4136,"Heart Rate, LCD Display",16,139975,3.2
4137,Xiaomi Smartwatch Model 4137,"SpO2, AMOLED Display",18,88526,3.1
4138,OnePlus Mobile Model 4138,"64MP Camera, 4000mAh Battery, 5G",29,136373,3.2
4139,Asus Smartwatch Model 4139,"SpO2, AMOLED Display",50,31308,3.6
4140,Apple Mobile Model 4140,"64MP Camera, 5000mAh Battery, 5G",17,67357,4.9
4141,Lenovo Mobile Model 4141,"108MP Camera, 4000mAh Battery, 5G",26,11753,3.9
4142,Apple Smartwatch Model 4142,"SpO2, LCD Display",32,17027,3.3
4143,Lenovo Mobile Model 4143,"50MP Camera, 6000mAh Battery, 5G",17,63335,4.1
4144,Lenovo Laptop Model 4144,"i5, 8GB RAM, 256GB SSD",30,99763,3.5
4145,Apple Mobile Model 4145,"64MP Camera, 4000mAh Battery, 5G",13,15559,3.8
4146,Asus Smartwatch Model 4146,"SpO2, AMOLED Display",43,6504,4.9
4147,OnePlus Laptop Model 4147,"Ryzen 5, 8GB RAM, 1TB SSD",26,85491,3.5
4148,Lenovo Laptop Model 4148,"Ryzen 7, 32GB RAM, 1TB SSD",24,19861,4.5
4149,Apple Laptop Model 4149,"Ryzen 5, 16GB RAM, 1TB SSD",34,76979,3.6
4150,Sony Smartwatch Model 4150,"SpO2, LCD Display",38,34086,3.3
4151,Apple Laptop Model 4151,"i5, 16GB RAM, 256GB SSD",49,12466,4.4
4152,Sony Laptop Model 4152,"Ryzen 7, 16GB RAM, 512GB SSD",24,127024,4.6
4153,Acer Mobile Model 4153,"64MP Camera, 5000mAh Battery, 5G",35,84477,3.2
4154,Asus Laptop Model 4154,"Ryzen 7, 32GB RAM, 512GB SSD",46,115046,4.0
4155,Sony Mobile Model 4155,"64MP Camera, 6000mAh Battery, 5G",33,26219,4.4
4156,Asus Smartwatch Model 4156,"Heart Rate, AMOLED Display",13,53559,3.1
4157,Lenovo Mobile Model 4157,"108MP Camera, 5000mAh Battery, 5G",28,41603,4.4
4158,Apple Smartwatch Model 4158,"SpO2, LCD Display",46,34875,4.1
4159,Apple Laptop Model 4159,"i5, 16GB RAM, 1TB SSD",27,86120,4.4
4160,Dell Smartwatch Model 4160,"GPS, AMOLED Display",13,98325,3.8
4161,HP Mobile Model 4161,"108MP Camera, 4000mAh Battery, 5G",25,77005,4.2
4162,Lenovo Mobile Model 4162,"108MP Camera, 5000mAh Battery, 5G",24,81740,4.7
4163,Samsung Laptop Model 4163,"i7, 16GB RAM, 512GB SSD",11,123607,3.5
4164,HP Mobile Model 4164,"50MP Camera, 4000mAh Battery, 5G",42,59463,3.3
4165,Dell Laptop Model 4165,"i5, 32GB RAM, 256GB SSD",14,141497,4.5
4166,Acer Laptop Model 4166,"Ryzen 5, 16GB RAM, 256GB SSD",32,87438,4.2
4167,OnePlus Smartwatch Model 4167,"GPS, LCD Display",18,131907,4.1
4168,OnePlus Smartwatch Model 4168,"GPS, AMOLED Display",34,36774,3.3
4169,Dell Laptop Model 4169,"i7, 32GB RAM, 512GB SSD",23,119788,3.5
4170,Acer Laptop Model 4170,"i5, 8GB RAM, 256GB SSD",49,111176,3.5
4171,Dell Laptop Model 4171,"i7, 16GB RAM, 512GB SSD",45,105505,3.4
4172,Lenovo Mobile Model 4172,"64MP Camera, 6000mAh Battery, 5G",33,147735,3.4
4173,Samsung Mobile Model 4173,"108MP Camera, 4000mAh Battery, 5G",48,118052,3.0
4174,Sony Mobile Model 4174,"108MP Camera, 4000mAh Battery, 5G",12,143379,3.8
4175,Samsung Mobile Model 4175,"50MP Camera, 5000mAh Battery, 5G",19,31886,4.1
4176,Xiaomi Smartwatch Model 4176,"GPS, AMOLED Display",31,148025,4.4
4177,Samsung Mobile Model 4177,"108MP Camera, 4000mAh Battery, 5G",26,12369,5.0
4178,Asus Mobile Model 4178,"50MP Camera, 6000mAh Battery, 5G",33,115682,3.5
4179,Apple Mobile Model 4179,"64MP Camera, 4000mAh Battery, 5G",30,123875,4.7
4180,OnePlus Laptop Model 4180,"i5, 16GB RAM, 256GB SSD",19,132418,4.5
4181,Xiaomi Smartwatch Model 4181,"Heart Rate, LCD Display",8,21455,3.9
4182,Dell Laptop Model 4182,"i5, 32GB RAM, 1TB SSD",40,90340,4.4
4183,Apple Laptop Model 4183,"Ryzen 7, 32GB RAM, 512GB SSD",9,78697,4.5
4184,Apple Smartwatch Model 4184,"SpO2, AMOLED Display",25,13223,4.8
4185,Acer Mobile Model 4185,"64MP Camera, 6000mAh Battery, 5G",50,80604,3.5
4186,Asus Laptop Model 4186,"i7, 8GB RAM, 256GB SSD",32,44550,4.7
4187,HP Mobile Model 4187,"64MP Camera, 4000mAh Battery, 5G",20,111914,4.1
4188,Asus Mobile Model 4188,"64MP Camera, 5000mAh Battery, 5G",5,83363,3.7
4189,Sony Smartwatch Model 4189,"SpO2, LCD Display",35,55712,4.2
4190,Dell Laptop Model 4190,"Ryzen 7, 16GB RAM, 512GB SSD",16,122295,5.0
4191,Xiaomi Laptop Model 4191,"Ryzen 5, 16GB RAM, 256GB SSD",32,100441,3.1
4192,Dell Laptop Model 4192,"i5, 32GB RAM, 512GB SSD",22,16511,4.8
4193,OnePlus Mobile Model 4193,"108MP Camera, 4000mAh Battery, 5G",13,127989,3.1
4194,Asus Laptop Model 4194,"i7, 32GB RAM, 512GB SSD",5,24257,4.4
4195,Xiaomi Laptop Model 4195,"i7, 8GB RAM, 1TB SSD",22,146784,3.3
4196,Xiaomi Smartwatch Model 4196,"GPS, LCD Display",43,109017,3.4
4197,Sony Mobile Model 4197,"50MP Camera, 6000mAh Battery, 5G",47,107940,4.4
4198,Sony Smartwatch Model 4198,"Heart Rate, LCD Display",24,142288,3.9
4199,Dell Smartwatch Model 4199,"Heart Rate, AMOLED Display",17,149437,4.1
4200,Lenovo Laptop Model 4200,"i5, 16GB RAM, 512GB SSD",35,149708,4.5
4201,Apple Laptop Model 4201,"i5, 32GB RAM, 512GB SSD",50,38192,3.5
4202,Dell Mobile Model 4202,"50MP Camera, 4000mAh Battery, 5G",40,40214,4.0
4203,Asus Mobile Model 4203,"50MP Camera, 5000mAh Battery, 5G",6,69336,4.2
4204,Dell Mobile Model 4204,"50MP Camera, 6000mAh Battery, 5G",44,45757,4.8
4205,HP Mobile Model 4205,"108MP Camera, 6000mAh Battery, 5G",24,66735,4.9
4206,Samsung Smartwatch Model 4206,"GPS, LCD Display",16,120622,4.4
4207,HP Smartwatch Model 4207,"Heart Rate, AMOLED Display",20,147515,3.8
4208,Lenovo Laptop Model 4208,"i5, 16GB RAM, 1TB SSD",7,84559,3.7
4209,Dell Laptop Model 4209,"i5, 8GB RAM, 512GB SSD",50,111379,4.5
4210,Samsung Mobile Model 4210,"108MP Camera, 4000mAh Battery, 5G",11,90778,4.0
4211,Dell Laptop Model 4211,"i5, 16GB RAM, 1TB SSD",18,97387,3.4
4212,OnePlus Smartwatch Model 4212,"GPS, LCD Display",39,109120,3.2
4213,Acer Laptop Model 4213,"i7, 16GB RAM, 512GB SSD",50,121202,4.9
4214,Lenovo Laptop Model 4214,"Ryzen 5, 16GB RAM, 256GB SSD",44,117778,4.0
4215,Sony Mobile Model 4215,"108MP Camera, 6000mAh Battery, 5G",41,56545,4.0
4216,Acer Mobile Model 4216,"50MP Camera, 6000mAh Battery, 5G",28,74227,4.6
4217,Samsung Laptop Model 4217,"Ryzen 7, 32GB RAM, 512GB SSD",12,25212,4.9
4218,Xiaomi Smartwatch Model 4218,"Heart Rate, AMOLED Display",40,91916,5.0
4219,Apple Smartwatch Model 4219,"GPS, LCD Display",28,105498,4.9
4220,Samsung Laptop Model 4220,"i7, 16GB RAM, 256GB SSD",26,115775,4.1
4221,Lenovo Mobile Model 4221,"108MP Camera, 5000mAh Battery, 5G",17,9263,3.7
4222,Samsung Laptop Model 4222,"Ryzen 7, 8GB RAM, 256GB SSD",42,118490,4.7
4223,HP Smartwatch Model 4223,"GPS, AMOLED Display",40,10395,3.5
4224,OnePlus Mobile Model 4224,"64MP Camera, 6000mAh Battery, 5G",6,111504,4.6
4225,OnePlus Smartwatch Model 4225,"GPS, AMOLED Display",35,124105,3.4
4226,Xiaomi Laptop Model 4226,"Ryzen 5, 8GB RAM, 512GB SSD",7,72397,5.0
4227,Apple Mobile Model 4227,"108MP Camera, 6000mAh Battery, 5G",14,89688,3.3
4228,OnePlus Smartwatch Model 4228,"SpO2, AMOLED Display",28,14460,4.6
4229,Apple Laptop Model 4229,"Ryzen 5, 32GB RAM, 512GB SSD",31,134969,3.1
4230,Apple Laptop Model 4230,"Ryzen 7, 8GB RAM, 512GB SSD",12,86069,3.8
4231,Apple Smartwatch Model 4231,"Heart Rate, AMOLED Display",49,43524,3.1
4232,Apple Laptop Model 4232,"Ryzen 7, 8GB RAM, 1TB SSD",36,22068,4.3
4233,Xiaomi Mobile Model 4233,"64MP Camera, 6000mAh Battery, 5G",18,86700,3.6
4234,HP Laptop Model 4234,"Ryzen 7, 16GB RAM, 512GB SSD",34,82702,4.2
4235,Sony Mobile Model 4235,"108MP Camera, 4000mAh Battery, 5G",14,73180,3.2
4236,Dell Mobile Model 4236,"64MP Camera, 4000mAh Battery, 5G",30,62625,3.3
4237,Acer Laptop Model 4237,"i5, 16GB RAM, 512GB SSD",44,22518,3.4
4238,HP Smartwatch Model 4238,"GPS, AMOLED Display",42,124206,3.7
4239,Dell Laptop Model 4239,"Ryzen 5, 16GB RAM, 1TB SSD",21,141781,4.4
4240,OnePlus Laptop Model 4240,"i5, 8GB RAM, 1TB SSD",47,99820,4.8
4241,Sony Laptop Model 4241,"i5, 8GB RAM, 256GB SSD",32,120362,4.1
4242,Sony Laptop Model 4242,"Ryzen 5, 8GB RAM, 256GB SSD",34,126391,4.3
4243,HP Laptop Model 4243,"Ryzen 7, 8GB RAM, 512GB SSD",50,18611,4.5
4244,Sony Laptop Model 4244,"i7, 16GB RAM, 1TB SSD",37,84769,3.9
4245,Apple Laptop Model 4245,"i7, 32GB RAM, 1TB SSD",25,101594,3.4
4246,Acer Laptop Model 4246,"Ryzen 5, 16GB RAM, 1TB SSD",38,74384,4.1
4247,Dell Smartwatch Model 4247,"SpO2, AMOLED Display",30,23040,3.2
4248,Acer Mobile Model 4248,"50MP Camera, 6000mAh Battery, 5G",34,71887,4.1
4249,Lenovo Mobile Model 4249,"50MP Camera, 6000mAh Battery, 5G",20,119306,3.0
4250,Dell Mobile Model 4250,"64MP Camera, 6000mAh Battery, 5G",12,146589,3.7
4251,Xiaomi Mobile Model 4251,"64MP Camera, 4000mAh Battery, 5G",5,84151,4.1
4252,Apple Smartwatch Model 4252,"Heart Rate, LCD Display",11,9891,3.3
4253,Lenovo Laptop Model 4253,"i7, 32GB RAM, 256GB SSD",47,145545,4.0
4254,OnePlus Smartwatch Model 4254,"GPS, AMOLED Display",12,54594,4.4
4255,HP Mobile Model 4255,"64MP Camera, 6000mAh Battery, 5G",18,83717,4.8
4256,Apple Mobile Model 4256,"64MP Camera, 4000mAh Battery, 5G",11,146776,3.6
4257,Dell Mobile Model 4257,"108MP Camera, 6000mAh Battery, 5G",40,124722,4.4
4258,Dell Mobile Model 4258,"50MP Camera, 4000mAh Battery, 5G",11,31553,3.3
4259,Xiaomi Mobile Model 4259,"64MP Camera, 6000mAh Battery, 5G",13,103346,4.8
4260,Dell Smartwatch Model 4260,"GPS, AMOLED Display",41,21252,3.9
4261,Dell Mobile Model 4261,"64MP Camera, 4000mAh Battery, 5G",6,60554,3.1
4262,Sony Smartwatch Model 4262,"GPS, LCD Display",17,18072,3.7
4263,Dell Laptop Model 4263,"i5, 8GB RAM, 1TB SSD",23,70753,4.7
4264,Apple Laptop Model 4264,"Ryzen 5, 32GB RAM, 1TB SSD",25,114044,3.5
4265,Sony Laptop Model 4265,"i7, 32GB RAM, 1TB SSD",34,70515,4.2
4266,Xiaomi Smartwatch Model 4266,"GPS, LCD Display",8,123304,3.5
4267,Samsung Mobile Model 4267,"50MP Camera, 6000mAh Battery, 5G",24,18138,4.9
4268,OnePlus Laptop Model 4268,"i5, 16GB RAM, 512GB SSD",15,81164,4.1
4269,Apple Smartwatch Model 4269,"Heart Rate, LCD Display",30,57672,3.9
4270,Samsung Mobile Model 4270,"64MP Camera, 6000mAh Battery, 5G",20,135627,4.9
4271,Xiaomi Smartwatch Model 4271,"SpO2, LCD Display",31,46171,3.6
4272,Asus Smartwatch Model 4272,"GPS, LCD Display",40,64218,4.5
4273,HP Mobile Model 4273,"108MP Camera, 5000mAh Battery, 5G",13,95788,3.3
4274,HP Mobile Model 4274,"108MP Camera, 4000mAh Battery, 5G",42,20665,4.7
4275,Xiaomi Smartwatch Model 4275,"Heart Rate, LCD Display",10,10638,4.1
4276,Apple Smartwatch Model 4276,"Heart Rate, LCD Display",25,10994,4.3
4277,Apple Mobile Model 4277,"50MP Camera, 6000mAh Battery, 5G",35,16298,4.7
4278,HP Smartwatch Model 4278,"Heart Rate, LCD Display",7,52312,4.0
4279,Apple Mobile Model 4279,"64MP Camera, 6000mAh Battery, 5G",48,82776,4.6
4280,Samsung Smartwatch Model 4280,"Heart Rate, LCD Display",27,96259,4.0
4281,OnePlus Smartwatch Model 4281,"GPS, AMOLED Display",44,124818,4.6
4282,Acer Smartwatch Model 4282,"Heart Rate, AMOLED Display",45,106710,4.6
4283,HP Laptop Model 4283,"Ryzen 5, 16GB RAM, 1TB SSD",33,115508,4.1
4284,Samsung Laptop Model 4284,"Ryzen 7, 8GB RAM, 512GB SSD",49,91610,4.7
4285,Asus Mobile Model 4285,"50MP Camera, 4000mAh Battery, 5G",48,135727,4.2
4286,Sony Mobile Model 4286,"64MP Camera, 4000mAh Battery, 5G",18,49325,3.5
4287,Xiaomi Mobile Model 4287,"108MP Camera, 6000mAh Battery, 5G",20,123183,4.2
4288,Xiaomi Laptop Model 4288,"Ryzen 7, 8GB RAM, 512GB SSD",18,87904,4.4
4289,HP Smartwatch Model 4289,"Heart Rate, AMOLED Display",37,131113,3.5
4290,Asus Smartwatch Model 4290,"Heart Rate, AMOLED Display",42,93715,3.7
4291,Xiaomi Laptop Model 4291,"i5, 32GB RAM, 512GB SSD",25,114166,4.5
4292,Sony Mobile Model 4292,"50MP Camera, 6000mAh Battery, 5G",19,23099,4.8
4293,OnePlus Smartwatch Model 4293,"SpO2, AMOLED Display",15,119143,4.0
4294,Lenovo Smartwatch Model 4294,"Heart Rate, AMOLED Display",5,95633,3.0
4295,Dell Laptop Model 4295,"Ryzen 7, 16GB RAM, 256GB SSD",27,81844,4.8
4296,Xiaomi Laptop Model 4296,"i5, 8GB RAM, 512GB SSD",48,51939,3.1
4297,Samsung Laptop Model 4297,"i7, 32GB RAM, 512GB SSD",28,110546,4.6
4298,Dell Smartwatch Model 4298,"Heart Rate, AMOLED Display",15,149838,4.8
4299,Sony Smartwatch Model 4299,"Heart Rate, AMOLED Display",22,35609,4.3
4300,Samsung Smartwatch Model 4300,"GPS, LCD Display",18,124361,4.9
4301,HP Smartwatch Model 4301,"SpO2, AMOLED Display",23,32145,4.0
4302,Acer Laptop Model 4302,"i5, 32GB RAM, 512GB SSD",46,137641,3.1
4303,Lenovo Smartwatch Model 4303,"Heart Rate, LCD Display",8,149467,4.1
4304,Asus Smartwatch Model 4304,"GPS, AMOLED Display",25,73840,4.7
4305,Lenovo Laptop Model 4305,"i5, 8GB RAM, 1TB SSD",43,36249,4.6
4306,Xiaomi Mobile Model 4306,"64MP Camera, 4000mAh Battery, 5G",19,119559,5.0
4307,Dell Mobile Model 4307,"50MP Camera, 4000mAh Battery, 5G",7,143347,3.7
4308,Dell Laptop Model 4308,"Ryzen 5, 32GB RAM, 1TB SSD",49,29940,4.3
4309,Xiaomi Laptop Model 4309,"Ryzen 5, 16GB RAM, 256GB SSD",11,39300,3.6
4310,Xiaomi Mobile Model 4310,"108MP Camera, 4000mAh Battery, 5G",50,78466,4.0
4311,Apple Mobile Model 4311,"64MP Camera, 6000mAh Battery, 5G",49,43182,4.1
4312,Acer Mobile Model 4312,"108MP Camera, 6000mAh Battery, 5G",8,78261,3.4
4313,Lenovo Smartwatch Model 4313,"SpO2, LCD Display",17,119049,4.4
4314,Sony Mobile Model 4314,"108MP Camera, 5000mAh Battery, 5G",17,146362,3.1
4315,HP Laptop Model 4315,"Ryzen 5, 8GB RAM, 1TB SSD",33,89035,3.8
4316,Apple Mobile Model 4316,"108MP Camera, 5000mAh Battery, 5G",38,24627,4.7
4317,Asus Laptop Model 4317,"Ryzen 5, 32GB RAM, 1TB SSD",28,84344,3.3
4318,OnePlus Mobile Model 4318,"50MP Camera, 4000mAh Battery, 5G",7,78501,3.2
4319,Asus Laptop Model 4319,"Ryzen 5, 32GB RAM, 512GB SSD",16,24340,4.3
4320,OnePlus Mobile Model 4320,"64MP Camera, 4000mAh Battery, 5G",31,9728,4.1
4321,Lenovo Laptop Model 4321,"Ryzen 5, 32GB RAM, 1TB SSD",49,89617,3.8
4322,Samsung Mobile Model 4322,"50MP Camera, 6000mAh Battery, 5G",36,34625,3.5
4323,Asus Smartwatch Model 4323,"SpO2, LCD Display",45,30877,3.5
4324,Acer Laptop Model 4324,"Ryzen 5, 32GB RAM, 512GB SSD",48,9140,4.2
4325,Acer Laptop Model 4325,"Ryzen 7, 8GB RAM, 256GB SSD",42,8685,3.2
4326,Lenovo Mobile Model 4326,"108MP Camera, 4000mAh Battery, 5G",10,11634,4.9
4327,Asus Laptop Model 4327,"Ryzen 7, 32GB RAM, 512GB SSD",41,65542,4.1
4328,HP Laptop Model 4328,"i7, 32GB RAM, 256GB SSD",50,19646,3.6
4329,Sony Smartwatch Model 4329,"GPS, LCD Display",11,59423,4.9
4330,Samsung Laptop Model 4330,"Ryzen 7, 32GB RAM, 512GB SSD",32,92746,3.8
4331,Acer Mobile Model 4331,"108MP Camera, 5000mAh Battery, 5G",28,13273,5.0
4332,Sony Mobile Model 4332,"64MP Camera, 5000mAh Battery, 5G",35,121969,3.2
4333,OnePlus Smartwatch Model 4333,"SpO2, AMOLED Display",24,57296,4.7
4334,Apple Smartwatch Model 4334,"SpO2, AMOLED Display",26,41277,4.9
4335,Xiaomi Smartwatch Model 4335,"SpO2, AMOLED Display",13,10521,4.1
4336,OnePlus Mobile Model 4336,"108MP Camera, 6000mAh Battery, 5G",26,98957,3.3
4337,Lenovo Mobile Model 4337,"64MP Camera, 6000mAh Battery, 5G",8,57874,4.4
4338,OnePlus Mobile Model 4338,"108MP Camera, 6000mAh Battery, 5G",27,53837,3.0
4339,Dell Mobile Model 4339,"64MP Camera, 5000mAh Battery, 5G",30,145144,3.6
4340,Xiaomi Laptop Model 4340,"Ryzen 5, 16GB RAM, 512GB SSD",50,86540,3.8
4341,HP Mobile Model 4341,"50MP Camera, 6000mAh Battery, 5G",39,30613,3.4
4342,Samsung Laptop Model 4342,"Ryzen 7, 8GB RAM, 256GB SSD",43,30472,3.7
4343,Samsung Smartwatch Model 4343,"GPS, AMOLED Display",20,62278,3.9
4344,Xiaomi Laptop Model 4344,"i5, 32GB RAM, 512GB SSD",23,114248,5.0
4345,Apple Smartwatch Model 4345,"Heart Rate, LCD Display",34,137919,4.5
4346,Xiaomi Laptop Model 4346,"i5, 8GB RAM, 256GB SSD",32,20054,4.4
4347,Lenovo Laptop Model 4347,"Ryzen 7, 8GB RAM, 256GB SSD",33,32237,4.6
4348,Sony Laptop Model 4348,"i5, 8GB RAM, 256GB SSD",38,117689,3.1
4349,Lenovo Laptop Model 4349,"Ryzen 7, 32GB RAM, 1TB SSD",23,36729,4.4
4350,Xiaomi Laptop Model 4350,"i7, 16GB RAM, 1TB SSD",16,5343,3.7
4351,Acer Laptop Model 4351,"i5, 32GB RAM, 256GB SSD",35,59260,3.7
4352,OnePlus Smartwatch Model 4352,"GPS, AMOLED Display",49,113672,4.0
4353,Lenovo Laptop Model 4353,"Ryzen 5, 16GB RAM, 512GB SSD",40,16500,5.0
4354,Asus Smartwatch Model 4354,"SpO2, AMOLED Display",9,69675,4.6
4355,Samsung Mobile Model 4355,"108MP Camera, 5000mAh Battery, 5G",21,135753,3.8
4356,Sony Mobile Model 4356,"64MP Camera, 4000mAh Battery, 5G",49,113143,3.1
4357,OnePlus Smartwatch Model 4357,"Heart Rate, AMOLED Display",24,64495,4.1
4358,Sony Mobile Model 4358,"64MP Camera, 5000mAh Battery, 5G",33,56709,3.3
4359,HP Smartwatch Model 4359,"SpO2, LCD Display",28,87532,3.4
4360,OnePlus Smartwatch Model 4360,"Heart Rate, AMOLED Display",44,9993,3.8
4361,Xiaomi Mobile Model 4361,"108MP Camera, 5000mAh Battery, 5G",49,81484,3.6
4362,Dell Mobile Model 4362,"50MP Camera, 4000mAh Battery, 5G",24,46654,4.2
4363,Lenovo Smartwatch Model 4363,"GPS, LCD Display",33,21293,4.8
4364,Asus Smartwatch Model 4364,"GPS, AMOLED Display",17,36990,4.2
4365,Sony Mobile Model 4365,"108MP Camera, 4000mAh Battery, 5G",6,86927,4.9
4366,Apple Laptop Model 4366,"Ryzen 7, 8GB RAM, 1TB SSD",27,149313,4.6
4367,Samsung Laptop Model 4367,"Ryzen 7, 16GB RAM, 512GB SSD",11,54746,3.5
4368,Xiaomi Smartwatch Model 4368,"SpO2, LCD Display",42,75699,3.6
4369,Apple Laptop Model 4369,"i5, 8GB RAM, 256GB SSD",28,60463,4.1
4370,Asus Mobile Model 4370,"108MP Camera, 6000mAh Battery, 5G",33,102924,3.3
4371,Lenovo Smartwatch Model 4371,"SpO2, AMOLED Display",49,28032,3.8
4372,HP Mobile Model 4372,"64MP Camera, 6000mAh Battery, 5G",45,57279,4.3
4373,Samsung Laptop Model 4373,"Ryzen 7, 16GB RAM, 256GB SSD",41,124786,3.1
4374,Samsung Smartwatch Model 4374,"Heart Rate, AMOLED Display",42,19735,3.4
4375,Acer Laptop Model 4375,"Ryzen 5, 32GB RAM, 256GB SSD",27,122728,3.3
4376,Samsung Mobile Model 4376,"50MP Camera, 5000mAh Battery, 5G",14,123055,3.0
4377,Acer Mobile Model 4377,"64MP Camera, 4000mAh Battery, 5G",7,120688,3.6
4378,Lenovo Mobile Model 4378,"108MP Camera, 4000mAh Battery, 5G",16,133810,4.1
4379,Xiaomi Laptop Model 4379,"i7, 16GB RAM, 1TB SSD",31,62180,3.9
4380,HP Laptop Model 4380,"i7, 32GB RAM, 1TB SSD",30,123424,4.7
4381,Lenovo Mobile Model 4381,"50MP Camera, 5000mAh Battery, 5G",37,47833,3.1
4382,Apple Smartwatch Model 4382,"GPS, AMOLED Display",23,6599,4.3
4383,Apple Mobile Model 4383,"64MP Camera, 6000mAh Battery, 5G",25,49181,3.5
4384,Lenovo Laptop Model 4384,"i5, 16GB RAM, 1TB SSD",13,147092,4.1
4385,Dell Smartwatch Model 4385,"GPS, AMOLED Display",22,147665,4.6
4386,Xiaomi Mobile Model 4386,"50MP Camera, 5000mAh Battery, 5G",23,109355,3.7
4387,Lenovo Mobile Model 4387,"50MP Camera, 4000mAh Battery, 5G",9,70941,4.9
4388,Apple Mobile Model 4388,"108MP Camera, 5000mAh Battery, 5G",37,23142,4.9
4389,OnePlus Smartwatch Model 4389,"GPS, AMOLED Display",14,113217,3.7
4390,Dell Smartwatch Model 4390,"GPS, AMOLED Display",14,47245,4.8
4391,OnePlus Smartwatch Model 4391,"Heart Rate, AMOLED Display",5,69323,3.2
4392,Samsung Mobile Model 4392,"50MP Camera, 4000mAh Battery, 5G",14,97786,3.9
4393,Asus Mobile Model 4393,"108MP Camera, 5000mAh Battery, 5G",9,26310,4.4
4394,Xiaomi Laptop Model 4394,"i7, 16GB RAM, 1TB SSD",32,19058,3.9
4395,Xiaomi Smartwatch Model 4395,"SpO2, LCD Display",35,53405,4.2
4396,Apple Laptop Model 4396,"i7, 8GB RAM, 512GB SSD",22,48354,4.4
4397,Lenovo Laptop Model 4397,"i7, 16GB RAM, 512GB SSD",38,17759,4.5
4398,Acer Smartwatch Model 4398,"Heart Rate, AMOLED Display",36,133968,4.6
4399,Acer Mobile Model 4399,"50MP Camera, 6000mAh Battery, 5G",43,35879,3.3
4400,Dell Smartwatch Model 4400,"GPS, LCD Display",15,71664,3.4
4401,Xiaomi Smartwatch Model 4401,"GPS, LCD Display",20,107246,3.9
4402,Asus Smartwatch Model 4402,"GPS, AMOLED Display",31,115654,3.8
4403,Dell Smartwatch Model 4403,"SpO2, AMOLED Display",33,48748,3.8
4404,Xiaomi Smartwatch Model 4404,"GPS, LCD Display",24,30044,3.9
4405,Asus Laptop Model 4405,"i7, 8GB RAM, 512GB SSD",11,19554,4.3
4406,Sony Mobile Model 4406,"50MP Camera, 4000mAh Battery, 5G",37,115959,3.4
4407,OnePlus Mobile Model 4407,"64MP Camera, 5000mAh Battery, 5G",25,40337,3.3
4408,Lenovo Laptop Model 4408,"i5, 16GB RAM, 1TB SSD",20,19123,4.3
4409,Dell Mobile Model 4409,"64MP Camera, 5000mAh Battery, 5G",22,13729,4.6
4410,Dell Laptop Model 4410,"i5, 16GB RAM, 1TB SSD",20,12896,3.1
4411,OnePlus Laptop Model 4411,"i7, 32GB RAM, 512GB SSD",45,47607,3.8
4412,Dell Smartwatch Model 4412,"SpO2, LCD Display",15,12923,3.6
4413,Asus Laptop Model 4413,"Ryzen 5, 32GB RAM, 1TB SSD",41,26445,4.0
4414,Samsung Smartwatch Model 4414,"SpO2, AMOLED Display",50,97577,3.7
4415,Xiaomi Mobile Model 4415,"50MP Camera, 6000mAh Battery, 5G",40,119031,4.4
4416,Apple Mobile Model 4416,"108MP Camera, 4000mAh Battery, 5G",46,74463,4.6
4417,HP Mobile Model 4417,"50MP Camera, 5000mAh Battery, 5G",38,139296,4.1
4418,Xiaomi Laptop Model 4418,"Ryzen 7, 32GB RAM, 512GB SSD",28,75358,4.9
4419,Xiaomi Laptop Model 4419,"i7, 16GB RAM, 512GB SSD",28,87380,4.2
4420,Asus Laptop Model 4420,"i5, 32GB RAM, 1TB SSD",7,102063,3.5
4421,Sony Laptop Model 4421,"i7, 32GB RAM, 1TB SSD",37,64285,4.4
4422,Xiaomi Smartwatch Model 4422,"Heart Rate, LCD Display",6,71656,3.9
4423,Acer Smartwatch Model 4423,"SpO2, LCD Display",9,53163,3.9
4424,OnePlus Mobile Model 4424,"108MP Camera, 4000mAh Battery, 5G",36,32724,4.2
4425,HP Laptop Model 4425,"i7, 8GB RAM, 1TB SSD",28,92681,3.4
4426,Sony Smartwatch Model 4426,"Heart Rate, LCD Display",28,66318,4.8
4427,Dell Mobile Model 4427,"64MP Camera, 6000mAh Battery, 5G",43,127302,3.0
4428,Sony Mobile Model 4428,"108MP Camera, 6000mAh Battery, 5G",5,18564,4.7
4429,OnePlus Laptop Model 4429,"i7, 8GB RAM, 1TB SSD",14,138260,4.4
4430,HP Smartwatch Model 4430,"Heart Rate, AMOLED Display",42,130362,4.7
4431,Asus Mobile Model 4431,"108MP Camera, 5000mAh Battery, 5G",5,95804,4.1
4432,HP Laptop Model 4432,"i7, 8GB RAM, 1TB SSD",23,72684,3.7
4433,Sony Smartwatch Model 4433,"GPS, AMOLED Display",38,81402,3.1
4434,HP Smartwatch Model 4434,"Heart Rate, AMOLED Display",41,20384,4.4
4435,OnePlus Smartwatch Model 4435,"GPS, AMOLED Display",18,87781,3.4
4436,HP Smartwatch Model 4436,"GPS, AMOLED Display",7,21287,3.1
4437,Xiaomi Laptop Model 4437,"i5, 32GB RAM, 256GB SSD",47,35904,3.8
4438,Samsung Laptop Model 4438,"Ryzen 5, 16GB RAM, 256GB SSD",33,8251,4.8
4439,OnePlus Mobile Model 4439,"108MP Camera, 4000mAh Battery, 5G",40,48508,4.4
4440,Xiaomi Smartwatch Model 4440,"SpO2, LCD Display",36,25373,3.0
4441,Samsung Mobile Model 4441,"108MP Camera, 6000mAh Battery, 5G",33,30334,4.5
4442,Sony Laptop Model 4442,"i5, 32GB RAM, 512GB SSD",28,20492,4.7
4443,Sony Laptop Model 4443,"i7, 16GB RAM, 256GB SSD",11,116545,3.7
4444,Asus Smartwatch Model 4444,"GPS, LCD Display",9,21035,4.2
4445,Asus Laptop Model 4445,"Ryzen 5, 16GB RAM, 256GB SSD",34,141559,3.8
4446,HP Mobile Model 4446,"108MP Camera, 4000mAh Battery, 5G",34,66357,4.7
4447,HP Mobile Model 4447,"50MP Camera, 5000mAh Battery, 5G",26,118178,4.2
4448,Apple Smartwatch Model 4448,"Heart Rate, LCD Display",29,70701,3.8
4449,Sony Smartwatch Model 4449,"GPS, LCD Display",42,83626,4.3
4450,Lenovo Smartwatch Model 4450,"Heart Rate, LCD Display",49,52663,3.6
4451,OnePlus Mobile Model 4451,"64MP Camera, 5000mAh Battery, 5G",22,80495,3.5
4452,Sony Laptop Model 4452,"Ryzen 7, 8GB RAM, 512GB SSD",36,103692,4.0
4453,HP Laptop Model 4453,"Ryzen 7, 32GB RAM, 512GB SSD",49,8863,3.3
4454,Dell Smartwatch Model 4454,"SpO2, AMOLED Display",37,58188,4.3
4455,Samsung Smartwatch Model 4455,"SpO2, AMOLED Display",27,65689,4.2
4456,Dell Smartwatch Model 4456,"GPS, LCD Display",43,133197,4.6
4457,Xiaomi Smartwatch Model 4457,"Heart Rate, LCD Display",20,25222,3.7
4458,Sony Mobile Model 4458,"64MP Camera, 5000mAh Battery, 5G",8,143917,3.3
4459,OnePlus Laptop Model 4459,"Ryzen 5, 16GB RAM, 256GB SSD",48,33124,3.9
4460,Apple Smartwatch Model 4460,"SpO2, LCD Display",41,39898,4.7
4461,Dell Smartwatch Model 4461,"Heart Rate, AMOLED Display",36,84543,3.6
4462,Dell Mobile Model 4462,"108MP Camera, 4000mAh Battery, 5G",42,109132,4.7
4463,Asus Smartwatch Model 4463,"Heart Rate, AMOLED Display",40,8922,4.2
4464,Asus Smartwatch Model 4464,"GPS, LCD Display",14,94755,4.6
4465,Lenovo Mobile Model 4465,"50MP Camera, 5000mAh Battery, 5G",5,116741,4.5
4466,HP Laptop Model 4466,"i5, 32GB RAM, 256GB SSD",40,76922,4.0
4467,Dell Laptop Model 4467,"Ryzen 5, 16GB RAM, 256GB SSD",35,23342,3.3
4468,Dell Smartwatch Model 4468,"GPS, LCD Display",20,107574,3.7
4469,OnePlus Mobile Model 4469,"50MP Camera, 4000mAh Battery, 5G",46,29333,4.3
4470,Xiaomi Smartwatch Model 4470,"SpO2, AMOLED Display",21,42468,3.3
4471,OnePlus Smartwatch Model 4471,"Heart Rate, AMOLED Display",43,113129,3.5
4472,OnePlus Laptop Model 4472,"i5, 32GB RAM, 512GB SSD",39,13928,4.2
4473,Asus Smartwatch Model 4473,"Heart Rate, LCD Display",15,70174,4.8
4474,Acer Laptop Model 4474,"i5, 8GB RAM, 1TB SSD",47,56091,4.4
4475,Sony Smartwatch Model 4475,"GPS, LCD Display",13,14861,3.8
4476,OnePlus Smartwatch Model 4476,"GPS, AMOLED Display",15,66449,4.0
4477,Asus Smartwatch Model 4477,"SpO2, LCD Display",37,72273,4.1
4478,HP Laptop Model 4478,"i5, 32GB RAM, 512GB SSD",12,55511,4.5
4479,Samsung Smartwatch Model 4479,"Heart Rate, LCD Display",5,109812,3.9
4480,Apple Mobile Model 4480,"108MP Camera, 6000mAh Battery, 5G",49,19200,4.6
4481,Apple Smartwatch Model 4481,"GPS, AMOLED Display",32,114805,3.9
4482,Asus Mobile Model 4482,"108MP Camera, 5000mAh Battery, 5G",27,104420,4.3
4483,Lenovo Laptop Model 4483,"i5, 32GB RAM, 256GB SSD",6,58634,4.5
4484,OnePlus Laptop Model 4484,"i5, 8GB RAM, 256GB SSD",45,133420,4.9
4485,OnePlus Laptop Model 4485,"Ryzen 7, 8GB RAM, 256GB SSD",30,139609,4.8
4486,Apple Laptop Model 4486,"Ryzen 5, 16GB RAM, 512GB SSD",31,118400,3.8
4487,Apple Smartwatch Model 4487,"SpO2, AMOLED Display",11,117333,3.0
4488,HP Laptop Model 4488,"i7, 32GB RAM, 256GB SSD",31,39227,4.4
4489,Lenovo Laptop Model 4489,"Ryzen 7, 16GB RAM, 512GB SSD",25,39485,4.1
4490,Sony Mobile Model 4490,"108MP Camera, 6000mAh Battery, 5G",33,16391,3.1
4491,Sony Laptop Model 4491,"i7, 8GB RAM, 512GB SSD",47,69325,3.2
4492,Acer Smartwatch Model 4492,"SpO2, AMOLED Display",45,108378,3.9
4493,Xiaomi Mobile Model 4493,"64MP Camera, 5000mAh Battery, 5G",7,135034,4.2
4494,Apple Mobile Model 4494,"64MP Camera, 6000mAh Battery, 5G",22,35310,3.7
4495,Apple Smartwatch Model 4495,"SpO2, AMOLED Display",22,44331,3.7
4496,Samsung Laptop Model 4496,"i5, 16GB RAM, 512GB SSD",24,81884,4.1
4497,Xiaomi Mobile Model 4497,"64MP Camera, 6000mAh Battery, 5G",15,31376,3.5
4498,HP Mobile Model 4498,"108MP Camera, 5000mAh Battery, 5G",43,8347,4.6
4499,Acer Smartwatch Model 4499,"GPS, AMOLED Display",8,34579,3.3
4500,Dell Mobile Model 4500,"64MP Camera, 4000mAh Battery, 5G",23,54619,3.5
4501,HP Smartwatch Model 4501,"GPS, AMOLED Display",32,13703,4.9
4502,OnePlus Mobile Model 4502,"50MP Camera, 4000mAh Battery, 5G",16,20180,4.3
4503,Lenovo Laptop Model 4503,"i7, 32GB RAM, 256GB SSD",7,18939,3.4
4504,Sony Smartwatch Model 4504,"SpO2, AMOLED Display",43,22516,3.9
4505,HP Mobile Model 4505,"64MP Camera, 5000mAh Battery, 5G",39,142022,4.5
4506,Acer Smartwatch Model 4506,"SpO2, AMOLED Display",16,92133,3.1
4507,Sony Mobile Model 4507,"108MP Camera, 6000mAh Battery, 5G",39,20709,3.9
4508,Samsung Mobile Model 4508,"64MP Camera, 5000mAh Battery, 5G",39,134833,4.9
4509,Sony Laptop Model 4509,"Ryzen 7, 16GB RAM, 512GB SSD",15,29172,4.2
4510,HP Smartwatch Model 4510,"SpO2, AMOLED Display",16,35648,3.8
4511,Dell Smartwatch Model 4511,"Heart Rate, LCD Display",17,92670,4.0
4512,Lenovo Laptop Model 4512,"Ryzen 7, 8GB RAM, 1TB SSD",37,134712,3.6
4513,Lenovo Mobile Model 4513,"64MP Camera, 5000mAh Battery, 5G",20,104621,3.2
4514,Apple Smartwatch Model 4514,"GPS, LCD Display",27,53517,3.4
4515,Acer Mobile Model 4515,"64MP Camera, 6000mAh Battery, 5G",13,143179,3.4
4516,Samsung Mobile Model 4516,"108MP Camera, 5000mAh Battery, 5G",18,124815,3.2
4517,Asus Laptop Model 4517,"i5, 16GB RAM, 512GB SSD",40,82423,3.4
4518,Sony Laptop Model 4518,"i7, 32GB RAM, 512GB SSD",17,46385,3.5
4519,Lenovo Smartwatch Model 4519,"Heart Rate, AMOLED Display",18,106536,3.3
4520,Apple Mobile Model 4520,"50MP Camera, 4000mAh Battery, 5G",11,137722,4.5
4521,Dell Mobile Model 4521,"108MP Camera, 5000mAh Battery, 5G",19,40222,4.8
4522,Dell Laptop Model 4522,"i5, 16GB RAM, 1TB SSD",29,149106,3.9
4523,Samsung Laptop Model 4523,"i5, 32GB RAM, 512GB SSD",5,67083,3.9
4524,Acer Laptop Model 4524,"Ryzen 5, 16GB RAM, 512GB SSD",47,114481,3.8
4525,Xiaomi Mobile Model 4525,"108MP Camera, 6000mAh Battery, 5G",13,144244,3.1
4526,Sony Mobile Model 4526,"50MP Camera, 4000mAh Battery, 5G",36,76120,3.3
4527,Samsung Smartwatch Model 4527,"Heart Rate, AMOLED Display",44,85038,4.3
4528,Samsung Laptop Model 4528,"Ryzen 7, 32GB RAM, 1TB SSD",8,130647,3.8
4529,Acer Mobile Model 4529,"108MP Camera, 4000mAh Battery, 5G",48,81187,4.3
4530,Samsung Smartwatch Model 4530,"SpO2, LCD Display",13,65153,4.9
4531,Xiaomi Mobile Model 4531,"108MP Camera, 4000mAh Battery, 5G",9,121010,4.5
4532,Acer Laptop Model 4532,"i7, 16GB RAM, 256GB SSD",19,149773,3.7
4533,Samsung Smartwatch Model 4533,"Heart Rate, LCD Display",15,144799,4.3
4534,Samsung Smartwatch Model 4534,"Heart Rate, LCD Display",22,34363,3.7
4535,Samsung Smartwatch Model 4535,"SpO2, AMOLED Display",25,143271,3.0
4536,Asus Laptop Model 4536,"i5, 16GB RAM, 256GB SSD",19,63692,3.6
4537,Dell Smartwatch Model 4537,"Heart Rate, AMOLED Display",44,119096,3.9
4538,Lenovo Mobile Model 4538,"64MP Camera, 5000mAh Battery, 5G",27,53975,4.5
4539,Samsung Smartwatch Model 4539,"GPS, LCD Display",23,15181,4.7
4540,Acer Laptop Model 4540,"i5, 8GB RAM, 256GB SSD",49,121434,3.4
4541,Apple Mobile Model 4541,"50MP Camera, 5000mAh Battery, 5G",29,19131,5.0
4542,Asus Laptop Model 4542,"Ryzen 5, 16GB RAM, 1TB SSD",33,49509,3.3
4543,Sony Mobile Model 4543,"108MP Camera, 5000mAh Battery, 5G",38,57560,4.5
4544,Xiaomi Mobile Model 4544,"108MP Camera, 6000mAh Battery, 5G",36,46805,3.9
4545,Lenovo Laptop Model 4545,"Ryzen 7, 8GB RAM, 256GB SSD",39,125949,3.1
4546,HP Smartwatch Model 4546,"GPS, AMOLED Display",23,127054,3.3
4547,Acer Laptop Model 4547,"i5, 8GB RAM, 512GB SSD",21,69593,4.6
4548,Xiaomi Smartwatch Model 4548,"SpO2, AMOLED Display",29,136309,4.1
4549,HP Mobile Model 4549,"64MP Camera, 6000mAh Battery, 5G",19,58661,4.0
4550,Sony Smartwatch Model 4550,"GPS, AMOLED Display",27,32654,4.3
4551,Lenovo Laptop Model 4551,"Ryzen 5, 8GB RAM, 512GB SSD",22,70763,4.7
4552,Xiaomi Smartwatch Model 4552,"Heart Rate, AMOLED Display",28,36970,3.8
4553,Sony Mobile Model 4553,"108MP Camera, 6000mAh Battery, 5G",26,95413,4.6
4554,Asus Smartwatch Model 4554,"SpO2, LCD Display",33,100289,4.7
4555,Asus Laptop Model 4555,"Ryzen 5, 8GB RAM, 512GB SSD",22,124494,4.2
4556,Sony Laptop Model 4556,"Ryzen 5, 8GB RAM, 256GB SSD",39,87545,3.1
4557,Sony Smartwatch Model 4557,"Heart Rate, AMOLED Display",31,43407,4.5
4558,Apple Smartwatch Model 4558,"GPS, LCD Display",38,136883,3.5
4559,Sony Smartwatch Model 4559,"SpO2, LCD Display",36,41445,4.1
4560,Samsung Laptop Model 4560,"i5, 32GB RAM, 256GB SSD",31,139560,4.3
4561,Lenovo Mobile Model 4561,"64MP Camera, 5000mAh Battery, 5G",5,40941,4.6
4562,Dell Smartwatch Model 4562,"SpO2, AMOLED Display",10,120295,4.3
4563,Acer Laptop Model 4563,"i5, 16GB RAM, 1TB SSD",45,89725,3.2
4564,Apple Laptop Model 4564,"Ryzen 5, 8GB RAM, 512GB SSD",21,138278,4.2
4565,OnePlus Laptop Model 4565,"Ryzen 5, 32GB RAM, 256GB SSD",36,46324,4.9
4566,Dell Mobile Model 4566,"50MP Camera, 6000mAh Battery, 5G",38,76978,4.4
4567,Asus Smartwatch Model 4567,"GPS, AMOLED Display",27,101777,4.8
4568,Xiaomi Mobile Model 4568,"64MP Camera, 5000mAh Battery, 5G",42,52476,3.4
4569,HP Laptop Model 4569,"Ryzen 7, 32GB RAM, 1TB SSD",24,94644,3.3
4570,Lenovo Laptop Model 4570,"Ryzen 5, 16GB RAM, 512GB SSD",29,109082,3.1
4571,Acer Mobile Model 4571,"64MP Camera, 6000mAh Battery, 5G",11,48885,4.4
4572,Sony Smartwatch Model 4572,"Heart Rate, LCD Display",49,8058,3.3
4573,Dell Smartwatch Model 4573,"SpO2, AMOLED Display",14,11405,3.9
4574,HP Laptop Model 4574,"Ryzen 7, 16GB RAM, 256GB SSD",36,120125,3.8
4575,Samsung Mobile Model 4575,"64MP Camera, 4000mAh Battery, 5G",41,143043,3.8
4576,Lenovo Smartwatch Model 4576,"GPS, LCD Display",22,15832,4.2
4577,Lenovo Smartwatch Model 4577,"Heart Rate, LCD Display",41,43114,4.0
4578,Xiaomi Laptop Model 4578,"i7, 8GB RAM, 256GB SSD",47,146108,3.7
4579,Dell Mobile Model 4579,"64MP Camera, 5000mAh Battery, 5G",26,146761,3.7
4580,Samsung Mobile Model 4580,"108MP Camera, 5000mAh Battery, 5G",32,148674,4.9
4581,Acer Laptop Model 4581,"i5, 8GB RAM, 512GB SSD",15,18272,3.1
4582,Acer Laptop Model 4582,"i5, 8GB RAM, 1TB SSD",46,57063,3.3
4583,Samsung Laptop Model 4583,"i7, 8GB RAM, 1TB SSD",31,11029,4.4
4584,Apple Smartwatch Model 4584,"Heart Rate, LCD Display",14,8747,3.8
4585,Dell Laptop Model 4585,"Ryzen 7, 32GB RAM, 256GB SSD",27,148276,3.4
4586,Lenovo Laptop Model 4586,"i7, 32GB RAM, 1TB SSD",23,107419,4.6
4587,Acer Smartwatch Model 4587,"Heart Rate, LCD Display",46,96430,4.7
4588,OnePlus Smartwatch Model 4588,"SpO2, LCD Display",40,67985,3.6
4589,Sony Mobile Model 4589,"64MP Camera, 5000mAh Battery, 5G",50,110103,3.8
4590,Dell Mobile Model 4590,"108MP Camera, 6000mAh Battery, 5G",38,113324,3.5
4591,Acer Laptop Model 4591,"Ryzen 7, 32GB RAM, 1TB SSD",25,130143,3.5
4592,Sony Smartwatch Model 4592,"SpO2, LCD Display",28,116930,4.4
4593,Acer Smartwatch Model 4593,"Heart Rate, LCD Display",44,76523,3.6
4594,Lenovo Laptop Model 4594,"Ryzen 5, 16GB RAM, 256GB SSD",23,76123,5.0
4595,Lenovo Mobile Model 4595,"50MP Camera, 6000mAh Battery, 5G",28,29555,4.2
4596,Asus Smartwatch Model 4596,"SpO2, LCD Display",35,125734,4.0
4597,Dell Smartwatch Model 4597,"GPS, AMOLED Display",26,58820,4.7
4598,OnePlus Mobile Model 4598,"108MP Camera, 5000mAh Battery, 5G",47,19022,3.2
4599,Sony Smartwatch Model 4599,"GPS, LCD Display",50,140352,4.1
4600,Asus Mobile Model 4600,"50MP Camera, 6000mAh Battery, 5G",30,53604,3.7
4601,Acer Mobile Model 4601,"64MP Camera, 5000mAh Battery, 5G",34,9548,4.1
4602,Lenovo Laptop Model 4602,"Ryzen 7, 32GB RAM, 256GB SSD",40,72206,4.5
4603,Dell Mobile Model 4603,"108MP Camera, 6000mAh Battery, 5G",12,20269,4.7
4604,Asus Mobile Model 4604,"108MP Camera, 4000mAh Battery, 5G",45,106430,4.5
4605,Asus Laptop Model 4605,"i7, 8GB RAM, 256GB SSD",44,69983,4.4
4606,Acer Laptop Model 4606,"Ryzen 5, 8GB RAM, 256GB SSD",24,67392,3.1
4607,Dell Mobile Model 4607,"108MP Camera, 5000mAh Battery, 5G",36,47821,3.9
4608,HP Smartwatch Model 4608,"Heart Rate, AMOLED Display",45,22153,3.5
4609,Apple Laptop Model 4609,"Ryzen 5, 8GB RAM, 1TB SSD",40,38758,3.6
4610,Dell Laptop Model 4610,"i5, 32GB RAM, 512GB SSD",50,39842,3.9
4611,HP Smartwatch Model 4611,"SpO2, LCD Display",21,117113,3.5
4612,Apple Mobile Model 4612,"64MP Camera, 6000mAh Battery, 5G",47,12328,3.2
4613,Asus Mobile Model 4613,"64MP Camera, 4000mAh Battery, 5G",32,103595,4.0
4614,Dell Mobile Model 4614,"108MP Camera, 4000mAh Battery, 5G",19,106189,3.2
4615,Asus Mobile Model 4615,"64MP Camera, 6000mAh Battery, 5G",43,24838,4.4
4616,OnePlus Smartwatch Model 4616,"GPS, AMOLED Display",40,17573,4.7
4617,Xiaomi Smartwatch Model 4617,"GPS, AMOLED Display",31,14935,3.3
4618,Acer Smartwatch Model 4618,"Heart Rate, LCD Display",38,85674,3.9
4619,HP Laptop Model 4619,"Ryzen 5, 16GB RAM, 256GB SSD",29,7146,3.3
4620,Lenovo Smartwatch Model 4620,"SpO2, LCD Display",36,43542,4.8
4621,OnePlus Mobile Model 4621,"50MP Camera, 6000mAh Battery, 5G",7,48220,4.5
4622,Apple Laptop Model 4622,"Ryzen 7, 8GB RAM, 256GB SSD",39,124602,4.4
4623,OnePlus Mobile Model 4623,"64MP Camera, 5000mAh Battery, 5G",20,75998,4.4
4624,Apple Laptop Model 4624,"i7, 16GB RAM, 256GB SSD",24,68532,4.0
4625,Dell Smartwatch Model 4625,"GPS, LCD Display",44,65863,4.0
4626,Xiaomi Smartwatch Model 4626,"SpO2, LCD Display",41,111169,4.3
4627,Xiaomi Laptop Model 4627,"Ryzen 7, 16GB RAM, 256GB SSD",12,109540,3.3
4628,Xiaomi Laptop Model 4628,"Ryzen 7, 32GB RAM, 1TB SSD",47,66880,4.5
4629,HP Smartwatch Model 4629,"SpO2, LCD Display",24,44303,4.1
4630,Asus Mobile Model 4630,"108MP Camera, 4000mAh Battery, 5G",36,9471,3.9
4631,HP Mobile Model 4631,"50MP Camera, 6000mAh Battery, 5G",7,42163,3.5
4632,Apple Mobile Model 4632,"64MP Camera, 5000mAh Battery, 5G",50,7202,3.4
4633,Asus Smartwatch Model 4633,"SpO2, LCD Display",13,37953,4.8
4634,OnePlus Laptop Model 4634,"Ryzen 5, 8GB RAM, 512GB SSD",48,15446,3.5
4635,Apple Laptop Model 4635,"Ryzen 7, 8GB RAM, 1TB SSD",42,73401,4.0
4636,OnePlus Smartwatch Model 4636,"GPS, LCD Display",20,85485,4.7
4637,Asus Laptop Model 4637,"i7, 16GB RAM, 512GB SSD",45,59193,4.0
4638,Xiaomi Mobile Model 4638,"50MP Camera, 4000mAh Battery, 5G",22,147274,3.4
4639,Lenovo Smartwatch Model 4639,"GPS, AMOLED Display",27,44357,3.5
4640,Asus Laptop Model 4640,"i5, 32GB RAM, 1TB SSD",5,57348,3.8
4641,Asus Laptop Model 4641,"Ryzen 5, 8GB RAM, 1TB SSD",22,52743,4.5
4642,Xiaomi Mobile Model 4642,"64MP Camera, 6000mAh Battery, 5G",23,21727,4.3
4643,Asus Laptop Model 4643,"i5, 8GB RAM, 256GB SSD",49,112514,4.3
4644,Asus Mobile Model 4644,"64MP Camera, 4000mAh Battery, 5G",17,65623,4.7
4645,Samsung Mobile Model 4645,"50MP Camera, 6000mAh Battery, 5G",10,141767,4.3
4646,Samsung Mobile Model 4646,"64MP Camera, 6000mAh Battery, 5G",24,71910,3.7
4647,Acer Mobile Model 4647,"108MP Camera, 6000mAh Battery, 5G",38,62781,3.3
4648,Sony Mobile Model 4648,"50MP Camera, 4000mAh Battery, 5G",22,115955,4.4
4649,HP Laptop Model 4649,"Ryzen 7, 16GB RAM, 512GB SSD",34,104466,4.5
4650,OnePlus Laptop Model 4650,"i7, 32GB RAM, 1TB SSD",41,34583,4.2
4651,Lenovo Mobile Model 4651,"64MP Camera, 6000mAh Battery, 5G",16,78419,3.1
4652,HP Laptop Model 4652,"Ryzen 5, 16GB RAM, 512GB SSD",34,139055,3.9
4653,Sony Mobile Model 4653,"108MP Camera, 4000mAh Battery, 5G",37,13946,3.5
4654,Acer Laptop Model 4654,"Ryzen 5, 16GB RAM, 512GB SSD",20,77316,4.9
4655,OnePlus Mobile Model 4655,"64MP Camera, 5000mAh Battery, 5G",18,111175,3.4
4656,Xiaomi Laptop Model 4656,"i5, 8GB RAM, 256GB SSD",36,13477,3.9
4657,Asus Mobile Model 4657,"64MP Camera, 4000mAh Battery, 5G",46,31758,4.1
4658,Asus Smartwatch Model 4658,"SpO2, LCD Display",41,139618,4.7
4659,Asus Smartwatch Model 4659,"GPS, LCD Display",49,97902,3.8
4660,Dell Smartwatch Model 4660,"SpO2, AMOLED Display",28,131644,3.8
4661,Acer Mobile Model 4661,"64MP Camera, 4000mAh Battery, 5G",9,142583,4.8
4662,Dell Smartwatch Model 4662,"GPS, AMOLED Display",35,73116,4.8
4663,Apple Smartwatch Model 4663,"SpO2, AMOLED Display",40,33104,3.3
4664,OnePlus Smartwatch Model 4664,"SpO2, LCD Display",33,44885,4.9
4665,HP Mobile Model 4665,"50MP Camera, 6000mAh Battery, 5G",43,77615,4.5
4666,Dell Mobile Model 4666,"108MP Camera, 4000mAh Battery, 5G",32,141136,3.0
4667,HP Laptop Model 4667,"Ryzen 7, 32GB RAM, 1TB SSD",41,126389,3.6
4668,Xiaomi Smartwatch Model 4668,"Heart Rate, LCD Display",49,68752,4.9
4669,Dell Mobile Model 4669,"108MP Camera, 5000mAh Battery, 5G",23,99351,3.9
4670,HP Smartwatch Model 4670,"Heart Rate, AMOLED Display",36,67443,3.0
4671,Lenovo Laptop Model 4671,"i7, 32GB RAM, 512GB SSD",18,7464,4.3
4672,Lenovo Smartwatch Model 4672,"SpO2, LCD Display",17,36070,3.0
4673,Sony Mobile Model 4673,"64MP Camera, 6000mAh Battery, 5G",50,131366,4.0
4674,Sony Laptop Model 4674,"i5, 32GB RAM, 256GB SSD",42,59389,4.5
4675,Dell Laptop Model 4675,"Ryzen 5, 32GB RAM, 256GB SSD",19,113558,4.8
4676,Lenovo Smartwatch Model 4676,"SpO2, LCD Display",35,71502,3.4
4677,Dell Laptop Model 4677,"i7, 32GB RAM, 512GB SSD",8,32331,3.8
4678,Sony Laptop Model 4678,"i5, 8GB RAM, 1TB SSD",45,44886,3.6
4679,Lenovo Smartwatch Model 4679,"SpO2, AMOLED Display",24,115943,3.0
4680,Dell Laptop Model 4680,"i7, 16GB RAM, 512GB SSD",47,98600,4.8
4681,Samsung Smartwatch Model 4681,"Heart Rate, AMOLED Display",17,91507,3.6
4682,Xiaomi Smartwatch Model 4682,"Heart Rate, AMOLED Display",29,100038,3.7
4683,Sony Laptop Model 4683,"i5, 8GB RAM, 512GB SSD",16,47992,3.9
4684,Asus Mobile Model 4684,"50MP Camera, 6000mAh Battery, 5G",46,25545,3.6
4685,OnePlus Mobile Model 4685,"108MP Camera, 5000mAh Battery, 5G",44,9314,3.7
4686,Acer Smartwatch Model 4686,"SpO2, AMOLED Display",46,107315,4.8
4687,OnePlus Laptop Model 4687,"i7, 16GB RAM, 256GB SSD",48,20159,4.4
4688,Xiaomi Laptop Model 4688,"i7, 8GB RAM, 512GB SSD",43,5703,4.6
4689,Asus Smartwatch Model 4689,"SpO2, LCD Display",15,57960,4.6
4690,Samsung Laptop Model 4690,"Ryzen 5, 16GB RAM, 512GB SSD",31,54693,5.0
4691,HP Laptop Model 4691,"i7, 32GB RAM, 512GB SSD",44,49223,3.7
4692,Asus Mobile Model 4692,"64MP Camera, 6000mAh Battery, 5G",36,78061,3.7
4693,Apple Mobile Model 4693,"108MP Camera, 4000mAh Battery, 5G",48,5464,3.1
4694,HP Laptop Model 4694,"Ryzen 7, 8GB RAM, 512GB SSD",8,97316,4.1
4695,Acer Laptop Model 4695,"Ryzen 7, 16GB RAM, 1TB SSD",17,17967,4.4
4696,Xiaomi Laptop Model 4696,"Ryzen 7, 16GB RAM, 256GB SSD",28,106700,3.9
4697,Dell Mobile Model 4697,"50MP Camera, 4000mAh Battery, 5G",12,52136,4.5
4698,Acer Laptop Model 4698,"i5, 32GB RAM, 256GB SSD",10,60234,4.7
4699,Asus Mobile Model 4699,"108MP Camera, 5000mAh Battery, 5G",27,79108,4.4
4700,Acer Mobile Model 4700,"64MP Camera, 6000mAh Battery, 5G",42,6117,4.1
4701,Samsung Laptop Model 4701,"Ryzen 7, 8GB RAM, 512GB SSD",36,124629,4.7
4702,OnePlus Smartwatch Model 4702,"SpO2, LCD Display",26,109735,4.0
4703,HP Laptop Model 4703,"i5, 16GB RAM, 256GB SSD",18,16548,4.5
4704,Apple Mobile Model 4704,"50MP Camera, 5000mAh Battery, 5G",11,22597,4.1
4705,Lenovo Mobile Model 4705,"50MP Camera, 6000mAh Battery, 5G",29,117278,4.8
4706,Dell Mobile Model 4706,"108MP Camera, 6000mAh Battery, 5G",17,10049,3.2
4707,HP Smartwatch Model 4707,"GPS, AMOLED Display",12,87112,3.1
4708,Acer Mobile Model 4708,"50MP Camera, 4000mAh Battery, 5G",25,120390,3.3
4709,Asus Smartwatch Model 4709,"SpO2, AMOLED Display",47,81414,4.1
4710,Acer Laptop Model 4710,"Ryzen 5, 8GB RAM, 512GB SSD",38,90837,3.9
4711,Samsung Smartwatch Model 4711,"Heart Rate, LCD Display",48,111644,3.7
4712,Asus Mobile Model 4712,"64MP Camera, 4000mAh Battery, 5G",47,57985,4.0
4713,Apple Mobile Model 4713,"108MP Camera, 5000mAh Battery, 5G",40,122910,4.0
4714,Acer Smartwatch Model 4714,"Heart Rate, AMOLED Display",19,42164,3.4
4715,Dell Laptop Model 4715,"i7, 16GB RAM, 1TB SSD",14,54047,3.9
4716,Sony Laptop Model 4716,"i7, 8GB RAM, 1TB SSD",38,137286,3.8
4717,Asus Mobile Model 4717,"108MP Camera, 5000mAh Battery, 5G",48,145423,4.3
4718,Samsung Mobile Model 4718,"50MP Camera, 4000mAh Battery, 5G",9,41355,3.9
4719,Asus Smartwatch Model 4719,"Heart Rate, LCD Display",30,64526,4.5
4720,Lenovo Smartwatch Model 4720,"GPS, LCD Display",48,78779,4.7
4721,Lenovo Mobile Model 4721,"50MP Camera, 4000mAh Battery, 5G",12,68866,4.1
4722,Acer Laptop Model 4722,"Ryzen 7, 32GB RAM, 256GB SSD",26,28770,4.0
4723,OnePlus Laptop Model 4723,"Ryzen 7, 8GB RAM, 512GB SSD",11,109638,4.5
4724,Asus Smartwatch Model 4724,"Heart Rate, LCD Display",32,15560,3.5
4725,OnePlus Mobile Model 4725,"50MP Camera, 5000mAh Battery, 5G",9,127226,3.3
4726,Asus Smartwatch Model 4726,"Heart Rate, LCD Display",33,33108,5.0
4727,Xiaomi Mobile Model 4727,"108MP Camera, 5000mAh Battery, 5G",25,137949,3.0
4728,Acer Mobile Model 4728,"108MP Camera, 4000mAh Battery, 5G",19,54184,4.5
4729,Xiaomi Mobile Model 4729,"50MP Camera, 4000mAh Battery, 5G",41,135479,4.9
4730,Samsung Smartwatch Model 4730,"GPS, AMOLED Display",10,146805,3.2
4731,Samsung Mobile Model 4731,"108MP Camera, 6000mAh Battery, 5G",37,37838,4.0
4732,Xiaomi Mobile Model 4732,"64MP Camera, 5000mAh Battery, 5G",7,129056,3.4
4733,Samsung Smartwatch Model 4733,"SpO2, AMOLED Display",32,44076,4.8
4734,HP Mobile Model 4734,"108MP Camera, 4000mAh Battery, 5G",6,103650,4.2
4735,Acer Mobile Model 4735,"64MP Camera, 5000mAh Battery, 5G",49,108181,4.3
4736,Xiaomi Mobile Model 4736,"108MP Camera, 5000mAh Battery, 5G",10,42621,3.8
4737,Lenovo Laptop Model 4737,"i5, 16GB RAM, 1TB SSD",47,137533,3.6
4738,Apple Mobile Model 4738,"108MP Camera, 4000mAh Battery, 5G",18,33056,3.1
4739,Xiaomi Smartwatch Model 4739,"SpO2, AMOLED Display",28,82579,3.4
4740,Lenovo Smartwatch Model 4740,"SpO2, AMOLED Display",33,45224,4.2
4741,Samsung Mobile Model 4741,"64MP Camera, 6000mAh Battery, 5G",45,64283,4.3
4742,HP Mobile Model 4742,"108MP Camera, 5000mAh Battery, 5G",7,145646,4.4
4743,Asus Laptop Model 4743,"Ryzen 5, 32GB RAM, 512GB SSD",9,59149,3.7
4744,Xiaomi Smartwatch Model 4744,"Heart Rate, LCD Display",30,124282,3.8
4745,Sony Smartwatch Model 4745,"Heart Rate, LCD Display",37,40003,4.4
4746,Samsung Mobile Model 4746,"64MP Camera, 6000mAh Battery, 5G",25,126419,4.8
4747,Apple Laptop Model 4747,"i5, 16GB RAM, 512GB SSD",23,12643,3.6
4748,OnePlus Mobile Model 4748,"50MP Camera, 4000mAh Battery, 5G",25,62087,3.3
4749,Asus Mobile Model 4749,"108MP Camera, 5000mAh Battery, 5G",31,20957,4.7
4750,Samsung Mobile Model 4750,"50MP Camera, 5000mAh Battery, 5G",15,134404,4.7
4751,Samsung Laptop Model 4751,"Ryzen 7, 8GB RAM, 1TB SSD",44,146100,3.6
4752,Xiaomi Mobile Model 4752,"64MP Camera, 5000mAh Battery, 5G",28,97037,3.7
4753,Acer Laptop Model 4753,"i5, 8GB RAM, 256GB SSD",17,149544,4.1
4754,OnePlus Mobile Model 4754,"50MP Camera, 6000mAh Battery, 5G",34,44550,4.4
4755,HP Mobile Model 4755,"64MP Camera, 6000mAh Battery, 5G",26,48779,3.9
4756,Lenovo Mobile Model 4756,"108MP Camera, 4000mAh Battery, 5G",42,80878,3.1
4757,Samsung Smartwatch Model 4757,"SpO2, AMOLED Display",43,125939,4.0
4758,Dell Laptop Model 4758,"i7, 8GB RAM, 256GB SSD",29,51184,3.8
4759,Lenovo Mobile Model 4759,"108MP Camera, 4000mAh Battery, 5G",50,103664,3.1
4760,Xiaomi Smartwatch Model 4760,"Heart Rate, LCD Display",30,29071,4.6
4761,Samsung Laptop Model 4761,"i7, 32GB RAM, 256GB SSD",48,62146,3.4
4762,Sony Mobile Model 4762,"64MP Camera, 5000mAh Battery, 5G",38,61866,4.7
4763,Sony Mobile Model 4763,"108MP Camera, 6000mAh Battery, 5G",38,10804,3.8
4764,Acer Smartwatch Model 4764,"GPS, AMOLED Display",49,11677,3.6
4765,OnePlus Laptop Model 4765,"i7, 16GB RAM, 1TB SSD",15,60556,4.9
4766,Apple Laptop Model 4766,"i5, 16GB RAM, 512GB SSD",20,132340,3.3
4767,HP Smartwatch Model 4767,"GPS, AMOLED Display",27,78572,4.7
4768,Xiaomi Smartwatch Model 4768,"Heart Rate, LCD Display",40,16022,4.8
4769,Lenovo Smartwatch Model 4769,"GPS, LCD Display",9,141088,4.5
4770,OnePlus Laptop Model 4770,"Ryzen 5, 8GB RAM, 256GB SSD",33,30855,3.3
4771,HP Smartwatch Model 4771,"Heart Rate, AMOLED Display",44,6480,4.9
4772,Samsung Mobile Model 4772,"108MP Camera, 6000mAh Battery, 5G",43,51290,4.7
4773,Sony Laptop Model 4773,"Ryzen 7, 16GB RAM, 256GB SSD",30,106894,3.7
4774,Lenovo Smartwatch Model 4774,"GPS, AMOLED Display",41,106614,3.0
4775,Dell Laptop Model 4775,"Ryzen 5, 32GB RAM, 512GB SSD",6,47746,3.6
4776,Sony Laptop Model 4776,"Ryzen 5, 8GB RAM, 512GB SSD",26,79284,4.3
4777,OnePlus Smartwatch Model 4777,"SpO2, LCD Display",23,68425,3.9
4778,Acer Mobile Model 4778,"50MP Camera, 5000mAh Battery, 5G",12,48224,4.7
4779,Xiaomi Laptop Model 4779,"Ryzen 5, 16GB RAM, 1TB SSD",6,144585,3.8
4780,Apple Mobile Model 4780,"64MP Camera, 4000mAh Battery, 5G",5,136021,4.6
4781,Dell Mobile Model 4781,"108MP Camera, 6000mAh Battery, 5G",7,9575,4.4
4782,HP Smartwatch Model 4782,"Heart Rate, LCD Display",22,28896,3.7
4783,Acer Smartwatch Model 4783,"Heart Rate, AMOLED Display",31,70091,3.4
4784,Asus Smartwatch Model 4784,"SpO2, AMOLED Display",7,89203,4.2
4785,Xiaomi Laptop Model 4785,"Ryzen 5, 32GB RAM, 256GB SSD",32,29475,3.5
4786,Xiaomi Laptop Model 4786,"Ryzen 5, 16GB RAM, 256GB SSD",40,36583,4.9
4787,OnePlus Mobile Model 4787,"50MP Camera, 6000mAh Battery, 5G",6,123526,3.3
4788,Asus Smartwatch Model 4788,"SpO2, AMOLED Display",25,95191,3.4
4789,Sony Mobile Model 4789,"108MP Camera, 5000mAh Battery, 5G",47,43106,4.4
4790,Xiaomi Smartwatch Model 4790,"SpO2, LCD Display",8,144344,3.3
4791,Dell Laptop Model 4791,"i7, 32GB RAM, 1TB SSD",9,60217,3.4
4792,Asus Mobile Model 4792,"108MP Camera, 5000mAh Battery, 5G",13,65606,4.1
4793,Sony Mobile Model 4793,"64MP Camera, 4000mAh Battery, 5G",49,22794,5.0
4794,HP Laptop Model 4794,"i5, 32GB RAM, 512GB SSD",26,108875,4.6
4795,Sony Smartwatch Model 4795,"GPS, LCD Display",14,102769,4.8
4796,Sony Mobile Model 4796,"50MP Camera, 6000mAh Battery, 5G",34,113747,3.1
4797,Lenovo Mobile Model 4797,"108MP Camera, 4000mAh Battery, 5G",27,115382,3.5
4798,Asus Smartwatch Model 4798,"Heart Rate, LCD Display",28,93891,4.4
4799,OnePlus Laptop Model 4799,"Ryzen 5, 8GB RAM, 256GB SSD",28,58409,3.4
4800,Sony Smartwatch Model 4800,"Heart Rate, LCD Display",11,137942,4.3
4801,Dell Smartwatch Model 4801,"Heart Rate, LCD Display",49,147664,4.3
4802,Xiaomi Smartwatch Model 4802,"Heart Rate, AMOLED Display",48,141351,4.0
4803,Apple Laptop Model 4803,"Ryzen 5, 8GB RAM, 256GB SSD",20,118083,3.4
4804,Samsung Smartwatch Model 4804,"Heart Rate, LCD Display",25,56073,4.5
4805,Xiaomi Laptop Model 4805,"i7, 16GB RAM, 512GB SSD",38,145988,5.0
4806,Apple Laptop Model 4806,"Ryzen 7, 16GB RAM, 1TB SSD",32,76550,4.8
4807,Sony Laptop Model 4807,"i5, 8GB RAM, 1TB SSD",48,86206,4.4
4808,Acer Mobile Model 4808,"64MP Camera, 6000mAh Battery, 5G",38,141086,4.4
4809,Samsung Mobile Model 4809,"108MP Camera, 4000mAh Battery, 5G",47,61383,4.1
4810,Asus Mobile Model 4810,"64MP Camera, 5000mAh Battery, 5G",16,123052,4.2
4811,Asus Mobile Model 4811,"50MP Camera, 4000mAh Battery, 5G",19,54479,3.4
4812,Dell Smartwatch Model 4812,"SpO2, AMOLED Display",44,101170,4.2
4813,Asus Mobile Model 4813,"108MP Camera, 4000mAh Battery, 5G",16,86459,4.5
4814,HP Mobile Model 4814,"64MP Camera, 4000mAh Battery, 5G",33,106445,3.2
4815,Asus Mobile Model 4815,"64MP Camera, 5000mAh Battery, 5G",18,68870,4.7
4816,HP Mobile Model 4816,"108MP Camera, 5000mAh Battery, 5G",48,52479,3.1
4817,Sony Smartwatch Model 4817,"Heart Rate, AMOLED Display",41,23488,4.4
4818,Samsung Mobile Model 4818,"64MP Camera, 6000mAh Battery, 5G",39,53546,3.9
4819,OnePlus Laptop Model 4819,"Ryzen 7, 32GB RAM, 256GB SSD",26,116163,3.2
4820,Asus Smartwatch Model 4820,"SpO2, AMOLED Display",18,81387,3.4
4821,Apple Mobile Model 4821,"108MP Camera, 6000mAh Battery, 5G",28,93292,4.7
4822,OnePlus Mobile Model 4822,"108MP Camera, 6000mAh Battery, 5G",24,93617,3.9
4823,HP Smartwatch Model 4823,"Heart Rate, LCD Display",23,22519,4.7
4824,Samsung Mobile Model 4824,"64MP Camera, 6000mAh Battery, 5G",41,80109,4.2
4825,Dell Mobile Model 4825,"64MP Camera, 4000mAh Battery, 5G",12,15370,4.6
4826,Apple Smartwatch Model 4826,"GPS, AMOLED Display",44,118581,4.9
4827,Dell Smartwatch Model 4827,"GPS, AMOLED Display",31,140671,3.8
4828,Apple Mobile Model 4828,"108MP Camera, 5000mAh Battery, 5G",22,20371,4.4
4829,Acer Mobile Model 4829,"108MP Camera, 4000mAh Battery, 5G",49,70497,4.6
4830,Dell Smartwatch Model 4830,"SpO2, AMOLED Display",48,56834,4.2
4831,Dell Laptop Model 4831,"i7, 16GB RAM, 512GB SSD",7,87323,3.4
4832,Asus Mobile Model 4832,"64MP Camera, 4000mAh Battery, 5G",19,21777,3.4
4833,HP Laptop Model 4833,"Ryzen 7, 16GB RAM, 256GB SSD",12,113962,3.2
4834,Samsung Smartwatch Model 4834,"SpO2, LCD Display",50,30916,4.9
4835,Lenovo Laptop Model 4835,"Ryzen 7, 16GB RAM, 256GB SSD",16,94739,3.7
4836,Lenovo Smartwatch Model 4836,"SpO2, LCD Display",32,13950,4.1
4837,HP Mobile Model 4837,"108MP Camera, 6000mAh Battery, 5G",47,81315,4.5
4838,Acer Laptop Model 4838,"i5, 16GB RAM, 512GB SSD",32,55430,3.0
4839,Asus Laptop Model 4839,"i7, 8GB RAM, 512GB SSD",42,71421,4.3
4840,Samsung Smartwatch Model 4840,"Heart Rate, LCD Display",21,31323,4.1
4841,Acer Smartwatch Model 4841,"Heart Rate, AMOLED Display",13,81431,3.8
4842,Sony Laptop Model 4842,"Ryzen 5, 16GB RAM, 512GB SSD",49,26981,3.2
4843,Dell Laptop Model 4843,"Ryzen 7, 32GB RAM, 256GB SSD",14,8555,3.4
4844,Dell Laptop Model 4844,"i5, 32GB RAM, 512GB SSD",47,77827,3.3
4845,Dell Laptop Model 4845,"i5, 16GB RAM, 256GB SSD",45,140337,3.3
4846,OnePlus Smartwatch Model 4846,"GPS, AMOLED Display",48,124226,3.1
4847,Apple Mobile Model 4847,"64MP Camera, 4000mAh Battery, 5G",40,72582,4.9
4848,Apple Smartwatch Model 4848,"Heart Rate, LCD Display",27,148741,4.1
4849,Acer Mobile Model 4849,"64MP Camera, 4000mAh Battery, 5G",24,41736,4.4
4850,HP Smartwatch Model 4850,"SpO2, AMOLED Display",6,5002,4.5
4851,Asus Mobile Model 4851,"108MP Camera, 4000mAh Battery, 5G",32,122336,4.9
4852,Xiaomi Laptop Model 4852,"i7, 8GB RAM, 256GB SSD",40,12289,3.1
4853,Acer Smartwatch Model 4853,"GPS, AMOLED Display",30,46944,3.6
4854,HP Smartwatch Model 4854,"Heart Rate, AMOLED Display",26,84896,3.1
4855,Acer Mobile Model 4855,"108MP Camera, 4000mAh Battery, 5G",19,91147,4.5
4856,Samsung Laptop Model 4856,"Ryzen 5, 16GB RAM, 1TB SSD",50,125016,4.4
4857,HP Mobile Model 4857,"50MP Camera, 4000mAh Battery, 5G",22,38379,4.8
4858,Sony Mobile Model 4858,"108MP Camera, 5000mAh Battery, 5G",21,144694,4.8
4859,Samsung Mobile Model 4859,"64MP Camera, 6000mAh Battery, 5G",27,27823,4.5
4860,Sony Smartwatch Model 4860,"Heart Rate, LCD Display",23,33323,3.2
4861,Acer Laptop Model 4861,"Ryzen 5, 32GB RAM, 1TB SSD",28,31799,4.6
4862,Xiaomi Laptop Model 4862,"Ryzen 7, 32GB RAM, 512GB SSD",48,71286,4.5
4863,Dell Laptop Model 4863,"Ryzen 7, 8GB RAM, 1TB SSD",15,138668,3.2
4864,HP Mobile Model 4864,"108MP Camera, 6000mAh Battery, 5G",18,100878,3.5
4865,Apple Smartwatch Model 4865,"SpO2, AMOLED Display",10,38193,4.1
4866,Dell Laptop Model 4866,"i5, 8GB RAM, 1TB SSD",25,118307,4.7
4867,Dell Mobile Model 4867,"64MP Camera, 6000mAh Battery, 5G",37,67828,3.7
4868,Sony Smartwatch Model 4868,"GPS, AMOLED Display",37,141059,4.8
4869,Sony Mobile Model 4869,"108MP Camera, 4000mAh Battery, 5G",6,111126,3.5
4870,Xiaomi Laptop Model 4870,"Ryzen 7, 8GB RAM, 256GB SSD",8,62932,5.0
4871,OnePlus Laptop Model 4871,"i5, 32GB RAM, 256GB SSD",34,16385,3.7
4872,Xiaomi Mobile Model 4872,"108MP Camera, 4000mAh Battery, 5G",48,110786,3.5
4873,OnePlus Smartwatch Model 4873,"Heart Rate, AMOLED Display",39,23782,3.3
4874,Samsung Smartwatch Model 4874,"GPS, LCD Display",9,87530,4.6
4875,Sony Smartwatch Model 4875,"SpO2, AMOLED Display",10,133945,3.9
4876,Asus Smartwatch Model 4876,"GPS, AMOLED Display",16,139392,4.6
4877,Xiaomi Smartwatch Model 4877,"GPS, AMOLED Display",41,49855,4.5
4878,HP Mobile Model 4878,"64MP Camera, 4000mAh Battery, 5G",47,55726,4.2
4879,Xiaomi Mobile Model 4879,"50MP Camera, 5000mAh Battery, 5G",5,122905,3.8
4880,Sony Laptop Model 4880,"Ryzen 5, 32GB RAM, 512GB SSD",9,62691,3.9
4881,Lenovo Laptop Model 4881,"Ryzen 7, 16GB RAM, 256GB SSD",25,32409,3.2
4882,Xiaomi Mobile Model 4882,"108MP Camera, 4000mAh Battery, 5G",46,90110,3.9
4883,Lenovo Smartwatch Model 4883,"Heart Rate, LCD Display",24,145204,3.3
4884,HP Mobile Model 4884,"64MP Camera, 5000mAh Battery, 5G",18,113871,4.4
4885,Dell Mobile Model 4885,"64MP Camera, 4000mAh Battery, 5G",31,146034,4.7
4886,Samsung Mobile Model 4886,"50MP Camera, 4000mAh Battery, 5G",7,36522,3.7
4887,Xiaomi Laptop Model 4887,"Ryzen 7, 8GB RAM, 512GB SSD",21,67740,4.1
4888,Xiaomi Mobile Model 4888,"64MP Camera, 6000mAh Battery, 5G",6,111191,3.7
4889,Lenovo Smartwatch Model 4889,"GPS, LCD Display",29,143690,3.9
4890,Xiaomi Laptop Model 4890,"Ryzen 5, 16GB RAM, 512GB SSD",7,29740,4.1
4891,Samsung Mobile Model 4891,"64MP Camera, 6000mAh Battery, 5G",11,106593,3.1
4892,Acer Laptop Model 4892,"Ryzen 5, 32GB RAM, 256GB SSD",39,112646,3.9
4893,OnePlus Laptop Model 4893,"i5, 8GB RAM, 512GB SSD",12,104485,4.7
4894,Asus Mobile Model 4894,"108MP Camera, 5000mAh Battery, 5G",34,106162,4.5
4895,Samsung Smartwatch Model 4895,"SpO2, AMOLED Display",38,25517,3.2
4896,Sony Laptop Model 4896,"i5, 8GB RAM, 1TB SSD",43,77498,3.6
4897,Xiaomi Mobile Model 4897,"50MP Camera, 5000mAh Battery, 5G",24,98763,4.9
4898,HP Laptop Model 4898,"Ryzen 7, 8GB RAM, 512GB SSD",49,52453,3.2
4899,Xiaomi Smartwatch Model 4899,"Heart Rate, AMOLED Display",9,7717,5.0
4900,Acer Mobile Model 4900,"108MP Camera, 5000mAh Battery, 5G",34,93406,4.4
4901,Samsung Mobile Model 4901,"50MP Camera, 4000mAh Battery, 5G",16,23472,4.3
4902,Asus Mobile Model 4902,"50MP Camera, 5000mAh Battery, 5G",7,138235,3.6
4903,Lenovo Mobile Model 4903,"108MP Camera, 6000mAh Battery, 5G",43,98090,3.9
4904,Apple Laptop Model 4904,"Ryzen 7, 8GB RAM, 1TB SSD",13,37986,3.7
4905,Asus Mobile Model 4905,"108MP Camera, 4000mAh Battery, 5G",22,25101,3.2
4906,Samsung Laptop Model 4906,"Ryzen 7, 32GB RAM, 256GB SSD",8,142855,4.7
4907,HP Smartwatch Model 4907,"SpO2, LCD Display",34,122722,3.8
4908,Lenovo Mobile Model 4908,"64MP Camera, 5000mAh Battery, 5G",40,136504,3.4
4909,Lenovo Smartwatch Model 4909,"Heart Rate, AMOLED Display",24,36477,3.9
4910,Asus Mobile Model 4910,"64MP Camera, 5000mAh Battery, 5G",50,68321,3.6
4911,Dell Laptop Model 4911,"i7, 8GB RAM, 1TB SSD",31,10361,4.7
4912,Dell Mobile Model 4912,"108MP Camera, 5000mAh Battery, 5G",20,60149,4.1
4913,Asus Smartwatch Model 4913,"SpO2, LCD Display",7,13765,4.7
4914,Sony Mobile Model 4914,"108MP Camera, 5000mAh Battery, 5G",44,104886,4.9
4915,Lenovo Smartwatch Model 4915,"GPS, AMOLED Display",47,51117,3.2
4916,OnePlus Laptop Model 4916,"i7, 8GB RAM, 1TB SSD",23,53597,3.9
4917,Lenovo Smartwatch Model 4917,"Heart Rate, AMOLED Display",46,10891,3.6
4918,Lenovo Mobile Model 4918,"108MP Camera, 5000mAh Battery, 5G",41,71640,4.1
4919,OnePlus Laptop Model 4919,"Ryzen 7, 32GB RAM, 512GB SSD",36,32367,4.2
4920,HP Smartwatch Model 4920,"GPS, LCD Display",7,134837,3.8
4921,Sony Laptop Model 4921,"i5, 8GB RAM, 512GB SSD",41,19556,3.2
4922,HP Mobile Model 4922,"50MP Camera, 4000mAh Battery, 5G",38,63672,3.3
4923,Acer Mobile Model 4923,"64MP Camera, 5000mAh Battery, 5G",50,21785,3.4
4924,Apple Smartwatch Model 4924,"GPS, LCD Display",45,8562,5.0
4925,Samsung Mobile Model 4925,"108MP Camera, 6000mAh Battery, 5G",13,89401,4.6
4926,Samsung Smartwatch Model 4926,"GPS, LCD Display",34,65493,4.6
4927,Acer Laptop Model 4927,"i5, 16GB RAM, 1TB SSD",36,24678,3.2
4928,Sony Smartwatch Model 4928,"GPS, LCD Display",6,37326,3.2
4929,HP Smartwatch Model 4929,"SpO2, AMOLED Display",8,7065,3.8
4930,HP Mobile Model 4930,"108MP Camera, 4000mAh Battery, 5G",31,20828,3.6
4931,Apple Smartwatch Model 4931,"SpO2, AMOLED Display",37,8024,3.8
4932,Acer Mobile Model 4932,"50MP Camera, 4000mAh Battery, 5G",12,122571,3.9
4933,Xiaomi Smartwatch Model 4933,"SpO2, LCD Display",21,87651,3.5
4934,Asus Smartwatch Model 4934,"Heart Rate, LCD Display",36,40210,3.1
4935,Sony Mobile Model 4935,"64MP Camera, 5000mAh Battery, 5G",16,106289,3.7
4936,HP Mobile Model 4936,"50MP Camera, 6000mAh Battery, 5G",12,43613,3.5
4937,Sony Smartwatch Model 4937,"SpO2, LCD Display",48,144320,4.6
4938,Lenovo Mobile Model 4938,"50MP Camera, 5000mAh Battery, 5G",30,99374,3.9
4939,OnePlus Mobile Model 4939,"64MP Camera, 4000mAh Battery, 5G",47,129252,3.8
4940,Xiaomi Smartwatch Model 4940,"GPS, AMOLED Display",9,10613,3.8
4941,Asus Smartwatch Model 4941,"SpO2, AMOLED Display",46,120001,4.5
4942,Lenovo Laptop Model 4942,"i7, 16GB RAM, 1TB SSD",8,72413,5.0
4943,Sony Mobile Model 4943,"64MP Camera, 5000mAh Battery, 5G",29,123203,5.0
4944,Sony Laptop Model 4944,"Ryzen 5, 16GB RAM, 256GB SSD",23,89204,4.4
4945,Dell Mobile Model 4945,"64MP Camera, 4000mAh Battery, 5G",33,87149,4.1
4946,Asus Mobile Model 4946,"64MP Camera, 6000mAh Battery, 5G",21,143344,4.0
4947,Acer Mobile Model 4947,"64MP Camera, 4000mAh Battery, 5G",35,11562,4.3
4948,Lenovo Mobile Model 4948,"50MP Camera, 5000mAh Battery, 5G",17,112214,3.4
4949,Sony Smartwatch Model 4949,"Heart Rate, AMOLED Display",40,110001,3.9
4950,Apple Smartwatch Model 4950,"GPS, AMOLED Display",24,15441,4.6
4951,Samsung Smartwatch Model 4951,"SpO2, AMOLED Display",38,99363,3.3
4952,Acer Smartwatch Model 4952,"GPS, LCD Display",10,136999,4.0
4953,Acer Smartwatch Model 4953,"SpO2, LCD Display",19,37329,4.3
4954,Dell Mobile Model 4954,"108MP Camera, 4000mAh Battery, 5G",50,118633,4.5
4955,OnePlus Mobile Model 4955,"50MP Camera, 4000mAh Battery, 5G",44,58215,3.1
4956,Asus Smartwatch Model 4956,"Heart Rate, LCD Display",31,127702,3.5
4957,Sony Mobile Model 4957,"64MP Camera, 5000mAh Battery, 5G",19,78914,3.6
4958,Apple Smartwatch Model 4958,"SpO2, LCD Display",27,72984,3.7
4959,Acer Smartwatch Model 4959,"SpO2, LCD Display",10,20253,4.8
4960,Samsung Smartwatch Model 4960,"GPS, LCD Display",28,14721,4.5
4961,Lenovo Laptop Model 4961,"Ryzen 5, 32GB RAM, 512GB SSD",42,105226,4.1
4962,Dell Mobile Model 4962,"64MP Camera, 5000mAh Battery, 5G",18,97033,4.0
4963,Asus Mobile Model 4963,"50MP Camera, 5000mAh Battery, 5G",27,85346,3.2
4964,Samsung Smartwatch Model 4964,"GPS, LCD Display",27,120209,3.7
4965,Dell Mobile Model 4965,"64MP Camera, 4000mAh Battery, 5G",46,69752,3.3
4966,Apple Mobile Model 4966,"108MP Camera, 6000mAh Battery, 5G",37,62620,4.2
4967,Apple Smartwatch Model 4967,"GPS, AMOLED Display",31,88690,4.9
4968,Dell Mobile Model 4968,"50MP Camera, 4000mAh Battery, 5G",22,100272,4.5
4969,Samsung Smartwatch Model 4969,"GPS, LCD Display",17,45817,3.1
4970,Lenovo Mobile Model 4970,"50MP Camera, 4000mAh Battery, 5G",8,96214,4.7
4971,Samsung Laptop Model 4971,"i7, 16GB RAM, 1TB SSD",17,37664,4.0
4972,Dell Smartwatch Model 4972,"GPS, LCD Display",38,39951,3.3
4973,Samsung Smartwatch Model 4973,"SpO2, AMOLED Display",41,28091,3.2
4974,Xiaomi Smartwatch Model 4974,"GPS, LCD Display",16,129576,3.1
4975,HP Mobile Model 4975,"108MP Camera, 6000mAh Battery, 5G",40,117379,3.5
4976,Samsung Mobile Model 4976,"50MP Camera, 5000mAh Battery, 5G",44,145069,4.6
4977,OnePlus Mobile Model 4977,"50MP Camera, 6000mAh Battery, 5G",41,27631,4.9
4978,Xiaomi Laptop Model 4978,"i5, 16GB RAM, 1TB SSD",5,8124,3.4
4979,Apple Smartwatch Model 4979,"SpO2, LCD Display",31,143808,3.5
4980,Apple Laptop Model 4980,"Ryzen 7, 16GB RAM, 512GB SSD",14,139195,4.8
4981,Samsung Laptop Model 4981,"Ryzen 5, 32GB RAM, 512GB SSD",5,114240,4.6
4982,Asus Mobile Model 4982,"50MP Camera, 6000mAh Battery, 5G",28,133295,4.1
4983,Samsung Smartwatch Model 4983,"GPS, LCD Display",7,87369,4.9
4984,Samsung Laptop Model 4984,"Ryzen 5, 16GB RAM, 1TB SSD",42,53436,5.0
4985,HP Laptop Model 4985,"i5, 32GB RAM, 256GB SSD",28,15179,4.2
4986,Asus Smartwatch Model 4986,"Heart Rate, AMOLED Display",15,50277,3.8
4987,Apple Laptop Model 4987,"Ryzen 7, 16GB RAM, 512GB SSD",39,144833,4.5
4988,OnePlus Mobile Model 4988,"50MP Camera, 4000mAh Battery, 5G",37,109601,3.6
4989,HP Mobile Model 4989,"64MP Camera, 4000mAh Battery, 5G",22,83715,4.8
4990,OnePlus Mobile Model 4990,"64MP Camera, 4000mAh Battery, 5G",31,54936,4.9
4991,Apple Laptop Model 4991,"i5, 32GB RAM, 512GB SSD",20,110144,4.0
4992,Asus Smartwatch Model 4992,"GPS, AMOLED Display",26,23975,3.2
4993,Sony Mobile Model 4993,"50MP Camera, 6000mAh Battery, 5G",17,118971,4.9
4994,Asus Mobile Model 4994,"50MP Camera, 5000mAh Battery, 5G",19,140615,4.6
4995,Samsung Mobile Model 4995,"50MP Camera, 4000mAh Battery, 5G",50,97154,4.6
4996,Lenovo Laptop Model 4996,"i5, 16GB RAM, 512GB SSD",44,20193,4.3
4997,Lenovo Mobile Model 4997,"108MP Camera, 4000mAh Battery, 5G",31,89693,4.0
4998,HP Laptop Model 4998,"Ryzen 5, 8GB RAM, 512GB SSD",11,122689,4.7
4999,Sony Mobile Model 4999,"64MP Camera, 6000mAh Battery, 5G",16,51142,4.2
5000,Apple Mobile Model 5000,"50MP Camera, 4000mAh Battery, 5G",40,97555,3.2
5001,Acer Mobile Model 5001,"108MP Camera, 6000mAh Battery, 5G",10,134574,4.6
5002,Dell Mobile Model 5002,"64MP Camera, 4000mAh Battery, 5G",23,13830,3.4
5003,Lenovo Laptop Model 5003,"i7, 32GB RAM, 1TB SSD",24,9300,3.5
5004,Dell Smartwatch Model 5004,"GPS, LCD Display",18,84013,4.7
5005,Dell Smartwatch Model 5005,"GPS, AMOLED Display",44,74416,3.8
5006,OnePlus Laptop Model 5006,"i5, 8GB RAM, 512GB SSD",27,87689,4.7
5007,HP Laptop Model 5007,"Ryzen 5, 32GB RAM, 256GB SSD",46,109632,3.4
5008,Acer Mobile Model 5008,"64MP Camera, 4000mAh Battery, 5G",41,66014,4.8
5009,Xiaomi Mobile Model 5009,"64MP Camera, 6000mAh Battery, 5G",36,12807,4.0
5010,Acer Laptop Model 5010,"Ryzen 7, 32GB RAM, 1TB SSD",19,146759,4.4
5011,Apple Smartwatch Model 5011,"GPS, LCD Display",13,11325,3.8
5012,Apple Smartwatch Model 5012,"Heart Rate, AMOLED Display",13,27714,4.7
5013,OnePlus Mobile Model 5013,"108MP Camera, 6000mAh Battery, 5G",20,115954,3.1
5014,Dell Mobile Model 5014,"50MP Camera, 5000mAh Battery, 5G",49,13876,3.2
5015,Asus Laptop Model 5015,"i7, 8GB RAM, 256GB SSD",49,14273,4.7
5016,Xiaomi Mobile Model 5016,"64MP Camera, 6000mAh Battery, 5G",47,123490,3.5
5017,Apple Laptop Model 5017,"Ryzen 5, 32GB RAM, 512GB SSD",28,104416,4.1
5018,Acer Smartwatch Model 5018,"Heart Rate, LCD Display",12,113174,3.8
5019,Samsung Mobile Model 5019,"50MP Camera, 6000mAh Battery, 5G",12,126581,3.6
5020,Acer Mobile Model 5020,"64MP Camera, 6000mAh Battery, 5G",42,117989,4.6
5021,Acer Smartwatch Model 5021,"SpO2, AMOLED Display",10,59956,3.4
5022,Xiaomi Smartwatch Model 5022,"GPS, LCD Display",11,14106,3.5
5023,Sony Smartwatch Model 5023,"Heart Rate, AMOLED Display",45,122618,3.0
5024,Lenovo Smartwatch Model 5024,"SpO2, AMOLED Display",8,96155,4.0
5025,OnePlus Mobile Model 5025,"64MP Camera, 5000mAh Battery, 5G",7,118948,4.7
5026,OnePlus Mobile Model 5026,"64MP Camera, 6000mAh Battery, 5G",25,131794,3.1
5027,Sony Smartwatch Model 5027,"SpO2, LCD Display",23,139372,4.1
5028,Acer Laptop Model 5028,"i5, 32GB RAM, 512GB SSD",22,81070,4.6
5029,Apple Laptop Model 5029,"Ryzen 5, 8GB RAM, 512GB SSD",44,65667,4.6
5030,Sony Smartwatch Model 5030,"Heart Rate, AMOLED Display",6,87690,3.6
5031,Apple Laptop Model 5031,"i5, 32GB RAM, 512GB SSD",36,93204,3.8
5032,Apple Laptop Model 5032,"Ryzen 5, 32GB RAM, 256GB SSD",44,116944,3.2
5033,HP Smartwatch Model 5033,"GPS, AMOLED Display",11,95567,3.8
5034,Lenovo Mobile Model 5034,"50MP Camera, 4000mAh Battery, 5G",15,24239,4.2
5035,Acer Laptop Model 5035,"i5, 32GB RAM, 256GB SSD",36,107455,3.2
5036,Sony Mobile Model 5036,"50MP Camera, 4000mAh Battery, 5G",6,99653,3.1
5037,Asus Mobile Model 5037,"64MP Camera, 4000mAh Battery, 5G",48,64718,3.0
5038,Samsung Laptop Model 5038,"Ryzen 7, 8GB RAM, 512GB SSD",46,38973,3.9
5039,Dell Laptop Model 5039,"i5, 32GB RAM, 256GB SSD",33,106281,3.2
5040,Samsung Smartwatch Model 5040,"Heart Rate, AMOLED Display",6,57915,4.0
5041,OnePlus Mobile Model 5041,"64MP Camera, 6000mAh Battery, 5G",12,46048,5.0
5042,Sony Smartwatch Model 5042,"GPS, LCD Display",34,125503,3.7
5043,HP Laptop Model 5043,"i5, 16GB RAM, 512GB SSD",37,93806,4.7
5044,Xiaomi Smartwatch Model 5044,"Heart Rate, AMOLED Display",42,67709,4.2
5045,Acer Laptop Model 5045,"i5, 32GB RAM, 512GB SSD",35,137696,4.4
5046,Acer Laptop Model 5046,"Ryzen 7, 32GB RAM, 512GB SSD",6,122178,3.7
5047,Apple Smartwatch Model 5047,"Heart Rate, AMOLED Display",25,38482,3.5
5048,OnePlus Mobile Model 5048,"50MP Camera, 6000mAh Battery, 5G",41,100204,4.2
5049,Samsung Laptop Model 5049,"i7, 8GB RAM, 512GB SSD",31,131723,3.1
5050,Acer Mobile Model 5050,"108MP Camera, 5000mAh Battery, 5G",28,12539,4.6
5051,HP Smartwatch Model 5051,"SpO2, AMOLED Display",29,135618,3.0
5052,Sony Mobile Model 5052,"50MP Camera, 4000mAh Battery, 5G",35,39812,3.1
5053,Asus Mobile Model 5053,"108MP Camera, 5000mAh Battery, 5G",9,58674,4.3
5054,Sony Laptop Model 5054,"i5, 16GB RAM, 512GB SSD",39,5928,4.9
5055,HP Smartwatch Model 5055,"Heart Rate, AMOLED Display",39,116299,3.6
5056,Lenovo Smartwatch Model 5056,"Heart Rate, LCD Display",9,56719,4.1
5057,Xiaomi Laptop Model 5057,"i7, 32GB RAM, 512GB SSD",18,39582,4.4
5058,Apple Mobile Model 5058,"64MP Camera, 6000mAh Battery, 5G",20,106409,3.3
5059,Samsung Mobile Model 5059,"108MP Camera, 6000mAh Battery, 5G",30,132891,3.7
5060,Apple Mobile Model 5060,"108MP Camera, 5000mAh Battery, 5G",23,139495,4.7
5061,Acer Mobile Model 5061,"64MP Camera, 4000mAh Battery, 5G",43,57155,3.4
5062,OnePlus Mobile Model 5062,"50MP Camera, 6000mAh Battery, 5G",15,43273,3.9
5063,Sony Laptop Model 5063,"i7, 16GB RAM, 512GB SSD",10,138813,3.1
5064,Acer Laptop Model 5064,"i7, 16GB RAM, 1TB SSD",38,66747,4.5
5065,Xiaomi Smartwatch Model 5065,"Heart Rate, LCD Display",12,59805,5.0
5066,Sony Laptop Model 5066,"i7, 16GB RAM, 1TB SSD",27,77137,4.6
5067,Lenovo Smartwatch Model 5067,"GPS, AMOLED Display",25,32646,3.2
5068,HP Mobile Model 5068,"64MP Camera, 5000mAh Battery, 5G",41,82683,4.8
5069,Apple Smartwatch Model 5069,"Heart Rate, LCD Display",10,51776,4.9
5070,HP Smartwatch Model 5070,"GPS, LCD Display",28,6401,4.0
5071,Asus Laptop Model 5071,"i7, 32GB RAM, 256GB SSD",48,15037,3.6
5072,OnePlus Mobile Model 5072,"108MP Camera, 5000mAh Battery, 5G",50,122153,4.1
5073,Dell Smartwatch Model 5073,"SpO2, AMOLED Display",35,14299,3.0
5074,OnePlus Smartwatch Model 5074,"GPS, LCD Display",19,76970,4.3
5075,Sony Laptop Model 5075,"Ryzen 7, 16GB RAM, 1TB SSD",18,42826,3.8
5076,Lenovo Smartwatch Model 5076,"Heart Rate, LCD Display",48,40634,3.4
5077,Samsung Laptop Model 5077,"Ryzen 7, 16GB RAM, 256GB SSD",15,6691,4.4
5078,Asus Laptop Model 5078,"i7, 32GB RAM, 1TB SSD",31,67627,4.9
5079,Apple Laptop Model 5079,"Ryzen 5, 16GB RAM, 512GB SSD",35,144495,4.8
5080,Sony Mobile Model 5080,"108MP Camera, 4000mAh Battery, 5G",23,85589,5.0
5081,Lenovo Smartwatch Model 5081,"SpO2, AMOLED Display",13,30772,3.7
5082,Sony Smartwatch Model 5082,"Heart Rate, AMOLED Display",9,55257,3.4
5083,OnePlus Smartwatch Model 5083,"GPS, LCD Display",26,131338,4.0
5084,HP Smartwatch Model 5084,"Heart Rate, AMOLED Display",32,36499,3.8
5085,Xiaomi Smartwatch Model 5085,"GPS, AMOLED Display",25,110353,3.6
5086,Apple Laptop Model 5086,"i7, 16GB RAM, 512GB SSD",11,21694,4.0
5087,Asus Laptop Model 5087,"i5, 16GB RAM, 512GB SSD",39,135987,3.5
5088,Dell Smartwatch Model 5088,"GPS, LCD Display",10,147810,4.2
5089,Samsung Laptop Model 5089,"i5, 32GB RAM, 1TB SSD",28,119442,3.2
5090,Acer Laptop Model 5090,"Ryzen 7, 16GB RAM, 1TB SSD",32,137856,4.9
5091,Apple Laptop Model 5091,"Ryzen 5, 8GB RAM, 512GB SSD",42,131187,3.7
5092,Lenovo Laptop Model 5092,"i7, 16GB RAM, 256GB SSD",43,81765,3.7
5093,Lenovo Mobile Model 5093,"108MP Camera, 4000mAh Battery, 5G",45,10050,4.9
5094,Asus Mobile Model 5094,"64MP Camera, 5000mAh Battery, 5G",31,99322,3.8
5095,Xiaomi Smartwatch Model 5095,"GPS, LCD Display",34,27455,4.4
5096,HP Smartwatch Model 5096,"Heart Rate, LCD Display",32,54744,4.8
5097,Apple Mobile Model 5097,"50MP Camera, 4000mAh Battery, 5G",18,123913,4.6
5098,Dell Laptop Model 5098,"i7, 32GB RAM, 1TB SSD",25,86965,3.0
5099,Asus Smartwatch Model 5099,"Heart Rate, LCD Display",26,43692,3.4
5100,Asus Smartwatch Model 5100,"Heart Rate, AMOLED Display",45,80712,4.9
5101,Xiaomi Laptop Model 5101,"Ryzen 7, 32GB RAM, 1TB SSD",49,8979,4.4
5102,Apple Laptop Model 5102,"Ryzen 7, 8GB RAM, 1TB SSD",31,92585,3.2
5103,Acer Smartwatch Model 5103,"Heart Rate, AMOLED Display",47,116439,3.7
5104,Samsung Mobile Model 5104,"50MP Camera, 6000mAh Battery, 5G",40,75826,3.2
5105,Samsung Mobile Model 5105,"50MP Camera, 5000mAh Battery, 5G",39,37616,4.2
5106,Sony Smartwatch Model 5106,"Heart Rate, AMOLED Display",34,86599,4.2
5107,Lenovo Laptop Model 5107,"i5, 32GB RAM, 512GB SSD",39,64613,4.8
5108,HP Mobile Model 5108,"50MP Camera, 6000mAh Battery, 5G",48,27799,4.1
5109,Dell Smartwatch Model 5109,"SpO2, AMOLED Display",37,47666,4.5
5110,HP Laptop Model 5110,"i5, 32GB RAM, 256GB SSD",39,135581,4.3
5111,Dell Laptop Model 5111,"Ryzen 5, 8GB RAM, 512GB SSD",28,10508,3.7
5112,Lenovo Mobile Model 5112,"64MP Camera, 5000mAh Battery, 5G",44,56165,4.6
5113,HP Laptop Model 5113,"i7, 8GB RAM, 512GB SSD",25,71161,4.4
5114,Asus Smartwatch Model 5114,"Heart Rate, LCD Display",24,11003,3.2
5115,HP Smartwatch Model 5115,"SpO2, LCD Display",14,37381,3.3
5116,Lenovo Mobile Model 5116,"50MP Camera, 5000mAh Battery, 5G",42,92927,3.5
5117,Lenovo Smartwatch Model 5117,"GPS, LCD Display",34,95729,4.9
5118,Xiaomi Laptop Model 5118,"Ryzen 7, 32GB RAM, 512GB SSD",15,80690,4.4
5119,Lenovo Laptop Model 5119,"i7, 8GB RAM, 256GB SSD",20,14326,4.2
5120,Acer Smartwatch Model 5120,"Heart Rate, LCD Display",32,75363,3.7
5121,Acer Laptop Model 5121,"i5, 8GB RAM, 1TB SSD",20,71003,3.4
5122,Xiaomi Smartwatch Model 5122,"GPS, AMOLED Display",47,49163,4.9
5123,HP Mobile Model 5123,"50MP Camera, 6000mAh Battery, 5G",18,113732,4.0
5124,Acer Mobile Model 5124,"50MP Camera, 6000mAh Battery, 5G",20,59160,3.2
5125,HP Smartwatch Model 5125,"Heart Rate, AMOLED Display",10,68114,4.8
5126,Apple Mobile Model 5126,"64MP Camera, 4000mAh Battery, 5G",20,23128,3.2
5127,Sony Mobile Model 5127,"108MP Camera, 5000mAh Battery, 5G",23,62605,5.0
5128,Sony Mobile Model 5128,"50MP Camera, 6000mAh Battery, 5G",38,44832,4.4
5129,Xiaomi Mobile Model 5129,"50MP Camera, 5000mAh Battery, 5G",43,80942,4.8
5130,Dell Laptop Model 5130,"Ryzen 5, 32GB RAM, 512GB SSD",35,18101,3.1
5131,HP Mobile Model 5131,"64MP Camera, 4000mAh Battery, 5G",42,34876,4.7
5132,Samsung Smartwatch Model 5132,"Heart Rate, LCD Display",29,28596,4.9
5133,Xiaomi Mobile Model 5133,"108MP Camera, 5000mAh Battery, 5G",34,89239,3.1
5134,Xiaomi Laptop Model 5134,"Ryzen 5, 16GB RAM, 1TB SSD",18,66682,4.8
5135,Dell Smartwatch Model 5135,"GPS, AMOLED Display",46,95203,4.8
5136,Acer Laptop Model 5136,"Ryzen 5, 32GB RAM, 256GB SSD",21,56152,4.0
5137,HP Laptop Model 5137,"Ryzen 7, 16GB RAM, 256GB SSD",8,49042,3.8
5138,OnePlus Mobile Model 5138,"50MP Camera, 4000mAh Battery, 5G",27,74465,4.0
5139,Xiaomi Mobile Model 5139,"64MP Camera, 6000mAh Battery, 5G",30,89291,3.3
5140,OnePlus Laptop Model 5140,"Ryzen 7, 8GB RAM, 256GB SSD",41,55652,3.3
5141,Acer Smartwatch Model 5141,"Heart Rate, AMOLED Display",27,100034,4.0
5142,OnePlus Laptop Model 5142,"Ryzen 5, 16GB RAM, 256GB SSD",10,112246,3.3
5143,Lenovo Mobile Model 5143,"50MP Camera, 4000mAh Battery, 5G",31,50779,3.8
5144,Apple Mobile Model 5144,"108MP Camera, 4000mAh Battery, 5G",25,143376,3.3
5145,Asus Laptop Model 5145,"Ryzen 5, 8GB RAM, 256GB SSD",45,74926,5.0
5146,Asus Smartwatch Model 5146,"SpO2, LCD Display",15,97859,4.0
5147,Xiaomi Smartwatch Model 5147,"Heart Rate, AMOLED Display",46,29055,4.7
5148,OnePlus Mobile Model 5148,"64MP Camera, 6000mAh Battery, 5G",31,68206,4.2
5149,Dell Mobile Model 5149,"108MP Camera, 4000mAh Battery, 5G",38,109092,4.8
5150,HP Laptop Model 5150,"i7, 8GB RAM, 256GB SSD",20,8952,4.3
5151,Samsung Mobile Model 5151,"108MP Camera, 6000mAh Battery, 5G",20,7317,4.5
5152,Apple Mobile Model 5152,"64MP Camera, 6000mAh Battery, 5G",29,53657,4.3
5153,Acer Laptop Model 5153,"i5, 8GB RAM, 512GB SSD",20,20211,4.2
5154,Xiaomi Mobile Model 5154,"108MP Camera, 4000mAh Battery, 5G",26,92341,3.3
5155,Apple Mobile Model 5155,"50MP Camera, 5000mAh Battery, 5G",26,121108,3.8
5156,Samsung Smartwatch Model 5156,"Heart Rate, LCD Display",34,55007,3.9
5157,Sony Mobile Model 5157,"108MP Camera, 4000mAh Battery, 5G",36,115039,4.3
5158,Lenovo Smartwatch Model 5158,"SpO2, LCD Display",34,71555,4.7
5159,Samsung Smartwatch Model 5159,"SpO2, LCD Display",47,30255,4.5
5160,OnePlus Smartwatch Model 5160,"SpO2, AMOLED Display",11,83049,3.1
5161,Acer Laptop Model 5161,"Ryzen 7, 16GB RAM, 1TB SSD",22,126724,4.0
5162,Lenovo Smartwatch Model 5162,"SpO2, LCD Display",24,56180,3.2
5163,Apple Mobile Model 5163,"50MP Camera, 4000mAh Battery, 5G",50,74012,4.0
5164,HP Smartwatch Model 5164,"SpO2, AMOLED Display",46,24711,3.3
5165,Samsung Mobile Model 5165,"50MP Camera, 6000mAh Battery, 5G",15,68048,3.5
5166,Asus Laptop Model 5166,"i7, 16GB RAM, 512GB SSD",9,35443,3.0
5167,Sony Laptop Model 5167,"Ryzen 5, 32GB RAM, 256GB SSD",30,30014,4.8
5168,Lenovo Mobile Model 5168,"64MP Camera, 5000mAh Battery, 5G",6,70362,4.4
5169,HP Smartwatch Model 5169,"SpO2, LCD Display",19,48943,3.8
5170,Sony Smartwatch Model 5170,"GPS, LCD Display",28,16062,4.2
5171,Xiaomi Smartwatch Model 5171,"SpO2, AMOLED Display",23,80496,4.2
5172,Sony Mobile Model 5172,"64MP Camera, 5000mAh Battery, 5G",37,140810,4.2
5173,Xiaomi Mobile Model 5173,"108MP Camera, 4000mAh Battery, 5G",29,9569,3.5
5174,Dell Laptop Model 5174,"Ryzen 5, 16GB RAM, 512GB SSD",45,149476,4.3
5175,Apple Laptop Model 5175,"i7, 32GB RAM, 512GB SSD",39,121718,4.2
5176,Asus Mobile Model 5176,"50MP Camera, 4000mAh Battery, 5G",26,16213,4.7
5177,Apple Laptop Model 5177,"i7, 32GB RAM, 512GB SSD",26,58351,3.9
5178,Sony Smartwatch Model 5178,"SpO2, AMOLED Display",43,145340,3.8
5179,Xiaomi Mobile Model 5179,"64MP Camera, 4000mAh Battery, 5G",45,75457,3.6
5180,Apple Smartwatch Model 5180,"SpO2, LCD Display",32,50737,4.2
5181,OnePlus Laptop Model 5181,"i7, 8GB RAM, 256GB SSD",14,8735,3.1
5182,OnePlus Laptop Model 5182,"Ryzen 5, 16GB RAM, 512GB SSD",8,90693,4.9
5183,Lenovo Smartwatch Model 5183,"SpO2, AMOLED Display",29,139499,3.2
5184,Acer Smartwatch Model 5184,"GPS, LCD Display",15,134723,3.9
5185,HP Smartwatch Model 5185,"SpO2, LCD Display",16,139467,3.4
5186,Samsung Smartwatch Model 5186,"GPS, LCD Display",45,82531,3.2
5187,Apple Mobile Model 5187,"108MP Camera, 4000mAh Battery, 5G",18,64352,3.4
5188,HP Mobile Model 5188,"64MP Camera, 6000mAh Battery, 5G",23,136410,4.1
5189,Samsung Smartwatch Model 5189,"SpO2, LCD Display",32,73340,4.2
5190,Asus Mobile Model 5190,"50MP Camera, 4000mAh Battery, 5G",10,86364,4.1
5191,Apple Laptop Model 5191,"i7, 16GB RAM, 512GB SSD",28,129856,3.1
5192,Dell Smartwatch Model 5192,"Heart Rate, LCD Display",37,73226,3.8
5193,Lenovo Laptop Model 5193,"i5, 32GB RAM, 1TB SSD",21,41785,3.1
5194,Xiaomi Laptop Model 5194,"Ryzen 5, 16GB RAM, 256GB SSD",32,79123,3.7
5195,Apple Smartwatch Model 5195,"Heart Rate, LCD Display",29,145875,3.3
5196,Acer Smartwatch Model 5196,"SpO2, AMOLED Display",25,52826,3.9
5197,Sony Laptop Model 5197,"i7, 16GB RAM, 512GB SSD",24,57111,3.3
5198,Xiaomi Mobile Model 5198,"64MP Camera, 5000mAh Battery, 5G",50,51347,3.3
5199,Apple Mobile Model 5199,"50MP Camera, 4000mAh Battery, 5G",10,102683,3.9
5200,Sony Mobile Model 5200,"108MP Camera, 5000mAh Battery, 5G",25,109983,3.1
5201,Lenovo Mobile Model 5201,"50MP Camera, 5000mAh Battery, 5G",39,41122,3.5
5202,Xiaomi Laptop Model 5202,"Ryzen 7, 8GB RAM, 256GB SSD",41,134355,3.1
5203,Sony Laptop Model 5203,"i7, 16GB RAM, 1TB SSD",10,116941,3.8
5204,OnePlus Smartwatch Model 5204,"GPS, LCD Display",12,132897,3.2
5205,Asus Mobile Model 5205,"50MP Camera, 5000mAh Battery, 5G",5,130265,4.5
5206,Xiaomi Mobile Model 5206,"50MP Camera, 4000mAh Battery, 5G",44,50111,3.5
5207,OnePlus Mobile Model 5207,"50MP Camera, 5000mAh Battery, 5G",29,112890,4.0
5208,Sony Smartwatch Model 5208,"Heart Rate, LCD Display",46,28536,4.5
5209,Lenovo Laptop Model 5209,"i7, 8GB RAM, 512GB SSD",31,50029,4.9
5210,Sony Smartwatch Model 5210,"Heart Rate, AMOLED Display",9,141813,4.2
5211,Asus Laptop Model 5211,"i5, 16GB RAM, 512GB SSD",34,144122,3.2
5212,Xiaomi Mobile Model 5212,"64MP Camera, 4000mAh Battery, 5G",13,101349,4.9
5213,Acer Laptop Model 5213,"i5, 8GB RAM, 256GB SSD",8,60561,4.4
5214,Asus Smartwatch Model 5214,"Heart Rate, LCD Display",13,33588,3.3
5215,Asus Mobile Model 5215,"64MP Camera, 5000mAh Battery, 5G",43,19036,4.3
5216,Apple Laptop Model 5216,"i5, 32GB RAM, 512GB SSD",24,25878,3.7
5217,OnePlus Mobile Model 5217,"64MP Camera, 5000mAh Battery, 5G",20,5833,3.8
5218,Sony Mobile Model 5218,"50MP Camera, 5000mAh Battery, 5G",47,44728,3.3
5219,Xiaomi Laptop Model 5219,"Ryzen 7, 16GB RAM, 512GB SSD",10,79960,4.6
5220,Sony Laptop Model 5220,"i7, 8GB RAM, 1TB SSD",46,34094,4.9
5221,Acer Mobile Model 5221,"108MP Camera, 4000mAh Battery, 5G",9,75275,4.6
5222,Dell Mobile Model 5222,"108MP Camera, 5000mAh Battery, 5G",21,28033,4.6
5223,Xiaomi Mobile Model 5223,"108MP Camera, 4000mAh Battery, 5G",18,6918,4.9
5224,HP Mobile Model 5224,"108MP Camera, 4000mAh Battery, 5G",40,58688,4.1
5225,Xiaomi Smartwatch Model 5225,"SpO2, LCD Display",47,81431,3.9
5226,Acer Smartwatch Model 5226,"Heart Rate, AMOLED Display",49,17092,4.2
5227,OnePlus Mobile Model 5227,"64MP Camera, 6000mAh Battery, 5G",21,14524,3.2
5228,Asus Laptop Model 5228,"Ryzen 7, 8GB RAM, 1TB SSD",25,13471,4.5
5229,Apple Laptop Model 5229,"i5, 8GB RAM, 256GB SSD",28,117048,4.8
5230,OnePlus Smartwatch Model 5230,"SpO2, LCD Display",45,14256,4.2
5231,Apple Smartwatch Model 5231,"GPS, LCD Display",13,28972,4.7
5232,Asus Mobile Model 5232,"50MP Camera, 4000mAh Battery, 5G",42,149648,4.1
5233,Samsung Mobile Model 5233,"64MP Camera, 5000mAh Battery, 5G",43,6485,4.1
5234,Asus Laptop Model 5234,"Ryzen 7, 32GB RAM, 512GB SSD",13,37581,3.9
5235,Lenovo Mobile Model 5235,"108MP Camera, 4000mAh Battery, 5G",33,45450,4.8
5236,Asus Mobile Model 5236,"64MP Camera, 5000mAh Battery, 5G",42,56890,4.4
5237,Dell Smartwatch Model 5237,"GPS, AMOLED Display",32,93579,3.1
5238,Apple Laptop Model 5238,"Ryzen 7, 32GB RAM, 512GB SSD",48,84678,4.2
5239,OnePlus Smartwatch Model 5239,"Heart Rate, LCD Display",48,94405,4.0
5240,Acer Mobile Model 5240,"64MP Camera, 6000mAh Battery, 5G",28,7415,4.5
5241,HP Smartwatch Model 5241,"Heart Rate, LCD Display",35,78694,4.5
5242,Acer Laptop Model 5242,"i5, 16GB RAM, 256GB SSD",33,140445,3.9
5243,Samsung Mobile Model 5243,"64MP Camera, 5000mAh Battery, 5G",6,52970,3.8
5244,Acer Smartwatch Model 5244,"SpO2, LCD Display",13,51394,4.5
5245,Samsung Mobile Model 5245,"64MP Camera, 5000mAh Battery, 5G",48,12435,4.5
5246,Samsung Smartwatch Model 5246,"SpO2, AMOLED Display",28,61857,3.4
5247,HP Laptop Model 5247,"Ryzen 7, 8GB RAM, 256GB SSD",43,134150,4.4
5248,Xiaomi Smartwatch Model 5248,"SpO2, LCD Display",39,91576,4.7
5249,Sony Laptop Model 5249,"i5, 8GB RAM, 1TB SSD",30,149603,4.1
5250,Acer Smartwatch Model 5250,"Heart Rate, AMOLED Display",20,103139,4.0
5251,Sony Laptop Model 5251,"Ryzen 7, 8GB RAM, 1TB SSD",12,82183,3.4
5252,Samsung Laptop Model 5252,"Ryzen 7, 16GB RAM, 1TB SSD",24,73920,4.0
5253,Lenovo Laptop Model 5253,"Ryzen 5, 32GB RAM, 512GB SSD",36,31978,4.2
5254,Lenovo Mobile Model 5254,"50MP Camera, 5000mAh Battery, 5G",28,19995,3.9
5255,Sony Smartwatch Model 5255,"Heart Rate, LCD Display",8,22433,3.6
5256,Sony Smartwatch Model 5256,"SpO2, AMOLED Display",28,109655,3.8
5257,Sony Mobile Model 5257,"50MP Camera, 4000mAh Battery, 5G",47,79427,4.5
5258,Lenovo Mobile Model 5258,"50MP Camera, 4000mAh Battery, 5G",48,20427,3.9
5259,HP Smartwatch Model 5259,"SpO2, AMOLED Display",14,112072,3.1
5260,Lenovo Laptop Model 5260,"i7, 8GB RAM, 1TB SSD",13,51711,4.8
5261,Sony Laptop Model 5261,"i5, 32GB RAM, 256GB SSD",29,66125,4.5
5262,OnePlus Laptop Model 5262,"i5, 8GB RAM, 512GB SSD",49,122802,5.0
5263,Xiaomi Laptop Model 5263,"Ryzen 5, 8GB RAM, 512GB SSD",17,99319,3.8
5264,Asus Mobile Model 5264,"64MP Camera, 5000mAh Battery, 5G",43,121299,3.3
5265,Samsung Mobile Model 5265,"108MP Camera, 5000mAh Battery, 5G",26,63018,4.5
5266,Samsung Mobile Model 5266,"64MP Camera, 4000mAh Battery, 5G",43,20170,4.1
5267,Sony Smartwatch Model 5267,"GPS, LCD Display",47,58560,3.1
5268,Xiaomi Mobile Model 5268,"50MP Camera, 5000mAh Battery, 5G",6,135340,4.1
5269,Asus Smartwatch Model 5269,"SpO2, LCD Display",44,84618,4.2
5270,Dell Smartwatch Model 5270,"Heart Rate, LCD Display",35,66260,4.0
5271,Apple Mobile Model 5271,"108MP Camera, 6000mAh Battery, 5G",44,65727,4.5
5272,Samsung Mobile Model 5272,"50MP Camera, 4000mAh Battery, 5G",15,87376,4.3
5273,Asus Laptop Model 5273,"i5, 16GB RAM, 1TB SSD",7,129027,4.3
5274,Apple Mobile Model 5274,"108MP Camera, 4000mAh Battery, 5G",27,83235,4.0
5275,OnePlus Smartwatch Model 5275,"GPS, AMOLED Display",24,5765,3.0
5276,OnePlus Smartwatch Model 5276,"GPS, LCD Display",12,46130,4.5
5277,Sony Mobile Model 5277,"50MP Camera, 5000mAh Battery, 5G",37,6141,4.1
5278,Samsung Smartwatch Model 5278,"GPS, AMOLED Display",29,50269,4.5
5279,Acer Laptop Model 5279,"i7, 8GB RAM, 1TB SSD",27,40670,3.8
5280,Lenovo Smartwatch Model 5280,"SpO2, LCD Display",49,88095,4.3
5281,Asus Laptop Model 5281,"Ryzen 7, 8GB RAM, 256GB SSD",15,122913,3.6
5282,Xiaomi Smartwatch Model 5282,"SpO2, AMOLED Display",8,108069,4.6
5283,Lenovo Smartwatch Model 5283,"GPS, LCD Display",9,145206,4.3
5284,Apple Smartwatch Model 5284,"SpO2, AMOLED Display",27,132180,3.2
5285,Dell Smartwatch Model 5285,"GPS, LCD Display",32,55765,4.0
5286,Apple Mobile Model 5286,"108MP Camera, 6000mAh Battery, 5G",13,27241,4.4
5287,HP Smartwatch Model 5287,"Heart Rate, LCD Display",32,134466,4.4
5288,OnePlus Laptop Model 5288,"i5, 32GB RAM, 512GB SSD",23,33534,3.3
5289,Samsung Mobile Model 5289,"50MP Camera, 6000mAh Battery, 5G",16,69843,3.2
5290,Apple Smartwatch Model 5290,"GPS, AMOLED Display",41,13732,4.9
5291,Lenovo Mobile Model 5291,"64MP Camera, 5000mAh Battery, 5G",34,43098,3.6
5292,Xiaomi Smartwatch Model 5292,"GPS, AMOLED Display",48,21202,3.3
5293,OnePlus Mobile Model 5293,"64MP Camera, 4000mAh Battery, 5G",13,71658,3.4
5294,Samsung Smartwatch Model 5294,"Heart Rate, LCD Display",42,114866,4.8
5295,Apple Laptop Model 5295,"Ryzen 7, 16GB RAM, 256GB SSD",42,91642,3.2
5296,Lenovo Mobile Model 5296,"50MP Camera, 4000mAh Battery, 5G",30,58886,4.1
5297,Sony Smartwatch Model 5297,"GPS, LCD Display",30,82231,4.8
5298,Sony Laptop Model 5298,"i7, 16GB RAM, 256GB SSD",33,114895,4.1
5299,Acer Mobile Model 5299,"50MP Camera, 4000mAh Battery, 5G",21,102608,4.6
5300,Samsung Smartwatch Model 5300,"SpO2, LCD Display",36,115720,3.2
5301,Acer Laptop Model 5301,"i5, 32GB RAM, 512GB SSD",5,33915,4.2
5302,Acer Smartwatch Model 5302,"GPS, LCD Display",13,104604,3.9
5303,Apple Laptop Model 5303,"Ryzen 7, 16GB RAM, 512GB SSD",40,64210,4.0
5304,Asus Smartwatch Model 5304,"SpO2, LCD Display",49,67582,4.5
5305,Lenovo Smartwatch Model 5305,"SpO2, AMOLED Display",28,105528,4.9
5306,Apple Mobile Model 5306,"50MP Camera, 5000mAh Battery, 5G",32,23636,4.0
5307,Sony Laptop Model 5307,"i5, 8GB RAM, 256GB SSD",39,40141,3.6
5308,Sony Smartwatch Model 5308,"GPS, LCD Display",28,47321,4.5
5309,Sony Laptop Model 5309,"Ryzen 7, 32GB RAM, 256GB SSD",14,130406,4.8
5310,Apple Smartwatch Model 5310,"SpO2, LCD Display",50,31167,4.9
5311,OnePlus Laptop Model 5311,"i5, 8GB RAM, 1TB SSD",24,7168,3.9
5312,Xiaomi Mobile Model 5312,"64MP Camera, 6000mAh Battery, 5G",26,108164,4.7
5313,HP Smartwatch Model 5313,"Heart Rate, LCD Display",21,125508,3.5
5314,Apple Mobile Model 5314,"50MP Camera, 5000mAh Battery, 5G",26,20935,4.0
5315,Acer Mobile Model 5315,"64MP Camera, 6000mAh Battery, 5G",38,13244,3.4
5316,Asus Smartwatch Model 5316,"GPS, LCD Display",17,63812,3.3
5317,Xiaomi Smartwatch Model 5317,"GPS, AMOLED Display",28,148326,4.7
5318,Samsung Mobile Model 5318,"64MP Camera, 4000mAh Battery, 5G",6,94841,4.4
5319,Apple Smartwatch Model 5319,"GPS, LCD Display",34,48031,3.7
5320,Apple Mobile Model 5320,"50MP Camera, 6000mAh Battery, 5G",6,125710,4.6
5321,Xiaomi Mobile Model 5321,"50MP Camera, 5000mAh Battery, 5G",7,48880,3.5
5322,Lenovo Mobile Model 5322,"64MP Camera, 6000mAh Battery, 5G",14,57351,3.5
5323,Asus Laptop Model 5323,"Ryzen 5, 8GB RAM, 256GB SSD",6,122290,3.9
5324,HP Laptop Model 5324,"Ryzen 5, 8GB RAM, 1TB SSD",39,128604,3.4
5325,Lenovo Laptop Model 5325,"i5, 16GB RAM, 256GB SSD",36,57627,4.0
5326,Acer Mobile Model 5326,"50MP Camera, 4000mAh Battery, 5G",19,73332,3.2
5327,Xiaomi Smartwatch Model 5327,"Heart Rate, LCD Display",50,101434,4.3
5328,Acer Laptop Model 5328,"i5, 16GB RAM, 256GB SSD",26,135962,4.8
5329,Asus Mobile Model 5329,"108MP Camera, 6000mAh Battery, 5G",46,117569,4.9
5330,HP Mobile Model 5330,"50MP Camera, 4000mAh Battery, 5G",6,20433,4.9
5331,Apple Laptop Model 5331,"Ryzen 5, 8GB RAM, 256GB SSD",45,24904,3.5
5332,Samsung Smartwatch Model 5332,"GPS, LCD Display",5,104434,3.0
5333,Lenovo Laptop Model 5333,"Ryzen 7, 8GB RAM, 256GB SSD",28,16295,3.9
5334,Sony Smartwatch Model 5334,"GPS, AMOLED Display",18,98918,3.2
5335,Samsung Laptop Model 5335,"Ryzen 5, 16GB RAM, 512GB SSD",18,90598,3.1
5336,OnePlus Smartwatch Model 5336,"SpO2, AMOLED Display",14,127521,3.7
5337,Xiaomi Laptop Model 5337,"Ryzen 7, 8GB RAM, 256GB SSD",30,84821,4.7
5338,Acer Smartwatch Model 5338,"Heart Rate, AMOLED Display",17,52000,3.9
5339,Acer Mobile Model 5339,"108MP Camera, 5000mAh Battery, 5G",5,73553,3.7
5340,Acer Mobile Model 5340,"108MP Camera, 5000mAh Battery, 5G",9,20638,4.8
5341,OnePlus Laptop Model 5341,"i7, 8GB RAM, 256GB SSD",14,94351,3.7
5342,Acer Mobile Model 5342,"108MP Camera, 6000mAh Battery, 5G",22,21847,3.2
5343,Lenovo Laptop Model 5343,"i5, 8GB RAM, 1TB SSD",21,85724,3.7
5344,Asus Mobile Model 5344,"64MP Camera, 6000mAh Battery, 5G",10,66566,4.2
5345,Lenovo Laptop Model 5345,"Ryzen 5, 8GB RAM, 256GB SSD",8,92426,3.4
5346,OnePlus Mobile Model 5346,"64MP Camera, 5000mAh Battery, 5G",19,87852,4.3
5347,Asus Laptop Model 5347,"i7, 32GB RAM, 512GB SSD",12,33077,4.4
5348,Dell Laptop Model 5348,"i5, 32GB RAM, 512GB SSD",47,98261,4.6
5349,HP Laptop Model 5349,"Ryzen 7, 8GB RAM, 256GB SSD",15,75582,3.8
5350,Acer Mobile Model 5350,"64MP Camera, 5000mAh Battery, 5G",16,135711,3.7
5351,OnePlus Laptop Model 5351,"i7, 8GB RAM, 256GB SSD",10,143398,4.0
5352,Apple Smartwatch Model 5352,"Heart Rate, LCD Display",6,117736,3.7
5353,HP Mobile Model 5353,"108MP Camera, 5000mAh Battery, 5G",27,135473,4.4
5354,OnePlus Smartwatch Model 5354,"GPS, LCD Display",31,100907,3.7
5355,Samsung Laptop Model 5355,"Ryzen 5, 8GB RAM, 256GB SSD",26,41146,3.7
5356,Dell Mobile Model 5356,"108MP Camera, 5000mAh Battery, 5G",31,137955,4.9
5357,Dell Mobile Model 5357,"50MP Camera, 6000mAh Battery, 5G",7,73282,3.4
5358,Asus Laptop Model 5358,"i5, 32GB RAM, 256GB SSD",15,51177,4.2
5359,HP Mobile Model 5359,"64MP Camera, 6000mAh Battery, 5G",35,47968,3.2
5360,Samsung Mobile Model 5360,"64MP Camera, 5000mAh Battery, 5G",8,38349,3.9
5361,Sony Laptop Model 5361,"i7, 16GB RAM, 512GB SSD",37,110420,4.0
5362,Xiaomi Mobile Model 5362,"50MP Camera, 6000mAh Battery, 5G",38,105504,4.1
5363,HP Smartwatch Model 5363,"SpO2, LCD Display",42,7577,4.6
5364,HP Smartwatch Model 5364,"SpO2, AMOLED Display",23,127715,3.7
5365,Asus Smartwatch Model 5365,"SpO2, LCD Display",20,50174,4.0
5366,Lenovo Mobile Model 5366,"108MP Camera, 6000mAh Battery, 5G",32,127465,3.6
5367,HP Smartwatch Model 5367,"GPS, LCD Display",50,110662,4.6
5368,Asus Laptop Model 5368,"Ryzen 7, 32GB RAM, 256GB SSD",50,108612,3.8
5369,Dell Laptop Model 5369,"i7, 32GB RAM, 512GB SSD",27,60672,3.1
5370,Acer Laptop Model 5370,"i5, 16GB RAM, 512GB SSD",21,35064,4.7
5371,Xiaomi Laptop Model 5371,"Ryzen 7, 8GB RAM, 256GB SSD",21,36342,4.0
5372,Asus Laptop Model 5372,"i5, 32GB RAM, 256GB SSD",29,71055,3.4
5373,Asus Mobile Model 5373,"64MP Camera, 5000mAh Battery, 5G",43,56834,4.6
5374,Xiaomi Mobile Model 5374,"50MP Camera, 5000mAh Battery, 5G",50,64478,3.1
5375,Dell Mobile Model 5375,"64MP Camera, 6000mAh Battery, 5G",24,60891,3.2
5376,Apple Smartwatch Model 5376,"SpO2, LCD Display",49,88128,4.5
5377,Asus Mobile Model 5377,"108MP Camera, 6000mAh Battery, 5G",27,22799,4.8
5378,Xiaomi Laptop Model 5378,"Ryzen 5, 8GB RAM, 256GB SSD",10,61874,4.1
5379,HP Laptop Model 5379,"Ryzen 5, 8GB RAM, 1TB SSD",12,5946,3.2
5380,Acer Laptop Model 5380,"Ryzen 5, 32GB RAM, 256GB SSD",35,126901,3.2
5381,Dell Smartwatch Model 5381,"SpO2, AMOLED Display",6,89314,3.8
5382,Sony Mobile Model 5382,"64MP Camera, 4000mAh Battery, 5G",5,15149,4.3
5383,Samsung Smartwatch Model 5383,"Heart Rate, AMOLED Display",15,107601,3.4
5384,Dell Laptop Model 5384,"Ryzen 5, 32GB RAM, 512GB SSD",11,105907,4.2
5385,Xiaomi Smartwatch Model 5385,"SpO2, AMOLED Display",26,42683,3.5
5386,HP Mobile Model 5386,"108MP Camera, 4000mAh Battery, 5G",33,143498,4.3
5387,Samsung Mobile Model 5387,"64MP Camera, 5000mAh Battery, 5G",33,100726,3.9
5388,Dell Mobile Model 5388,"50MP Camera, 4000mAh Battery, 5G",32,105958,4.6
5389,OnePlus Laptop Model 5389,"i5, 16GB RAM, 512GB SSD",35,107176,4.5
5390,Lenovo Mobile Model 5390,"50MP Camera, 4000mAh Battery, 5G",11,45926,4.3
5391,Acer Laptop Model 5391,"i5, 32GB RAM, 1TB SSD",27,81745,4.2
5392,OnePlus Laptop Model 5392,"i5, 32GB RAM, 1TB SSD",19,130448,3.2
5393,OnePlus Smartwatch Model 5393,"GPS, AMOLED Display",23,144835,4.9
5394,HP Laptop Model 5394,"Ryzen 5, 16GB RAM, 1TB SSD",46,20989,4.2
5395,Lenovo Laptop Model 5395,"Ryzen 7, 16GB RAM, 512GB SSD",44,29642,3.5
5396,Acer Mobile Model 5396,"108MP Camera, 6000mAh Battery, 5G",44,103587,3.0
5397,Dell Mobile Model 5397,"50MP Camera, 5000mAh Battery, 5G",11,41270,3.4
5398,Xiaomi Smartwatch Model 5398,"Heart Rate, LCD Display",6,121781,4.4
5399,Samsung Laptop Model 5399,"Ryzen 5, 32GB RAM, 1TB SSD",26,25054,3.1
5400,HP Mobile Model 5400,"64MP Camera, 6000mAh Battery, 5G",14,62510,3.3
5401,OnePlus Laptop Model 5401,"Ryzen 7, 8GB RAM, 1TB SSD",27,118601,4.2
5402,Xiaomi Laptop Model 5402,"i7, 16GB RAM, 1TB SSD",44,53531,4.2
5403,Sony Smartwatch Model 5403,"GPS, LCD Display",15,33745,3.5
5404,Asus Laptop Model 5404,"Ryzen 5, 8GB RAM, 1TB SSD",23,65453,3.7
5405,HP Mobile Model 5405,"50MP Camera, 5000mAh Battery, 5G",40,144589,3.6
5406,HP Smartwatch Model 5406,"Heart Rate, AMOLED Display",50,81143,3.2
5407,Lenovo Mobile Model 5407,"64MP Camera, 6000mAh Battery, 5G",27,10162,3.9
5408,Apple Mobile Model 5408,"108MP Camera, 6000mAh Battery, 5G",8,118476,4.1
5409,Dell Smartwatch Model 5409,"SpO2, AMOLED Display",18,17819,3.1
5410,Asus Laptop Model 5410,"i5, 16GB RAM, 1TB SSD",37,76714,4.9
5411,OnePlus Mobile Model 5411,"50MP Camera, 5000mAh Battery, 5G",14,101997,4.8
5412,Acer Smartwatch Model 5412,"GPS, AMOLED Display",23,140024,3.5
5413,Acer Smartwatch Model 5413,"SpO2, AMOLED Display",6,84910,3.0
5414,OnePlus Mobile Model 5414,"64MP Camera, 5000mAh Battery, 5G",18,15187,5.0
5415,Xiaomi Mobile Model 5415,"50MP Camera, 6000mAh Battery, 5G",48,111429,3.6
5416,Xiaomi Mobile Model 5416,"108MP Camera, 6000mAh Battery, 5G",9,145675,4.4
5417,Sony Mobile Model 5417,"108MP Camera, 6000mAh Battery, 5G",21,112314,3.5
5418,Dell Mobile Model 5418,"64MP Camera, 5000mAh Battery, 5G",15,94667,4.0
5419,Acer Laptop Model 5419,"i7, 8GB RAM, 1TB SSD",25,88046,3.2
5420,OnePlus Smartwatch Model 5420,"SpO2, AMOLED Display",48,74066,3.4
5421,OnePlus Laptop Model 5421,"i5, 8GB RAM, 1TB SSD",48,33054,3.9
5422,OnePlus Smartwatch Model 5422,"SpO2, LCD Display",41,58232,4.4
5423,Dell Laptop Model 5423,"i5, 16GB RAM, 512GB SSD",21,72375,4.7
5424,Apple Smartwatch Model 5424,"Heart Rate, LCD Display",44,23933,4.4
5425,Lenovo Laptop Model 5425,"Ryzen 7, 8GB RAM, 256GB SSD",38,78020,4.7
5426,OnePlus Smartwatch Model 5426,"GPS, AMOLED Display",31,60605,4.4
5427,Apple Smartwatch Model 5427,"Heart Rate, LCD Display",49,8469,3.2
5428,OnePlus Laptop Model 5428,"i7, 32GB RAM, 256GB SSD",8,57783,3.3
5429,Xiaomi Smartwatch Model 5429,"GPS, AMOLED Display",28,104237,3.3
5430,HP Smartwatch Model 5430,"GPS, AMOLED Display",26,51617,4.2
5431,Lenovo Mobile Model 5431,"64MP Camera, 4000mAh Battery, 5G",16,145241,3.5
5432,Dell Mobile Model 5432,"50MP Camera, 6000mAh Battery, 5G",23,20845,3.4
5433,Dell Smartwatch Model 5433,"SpO2, LCD Display",13,16254,3.1
5434,Sony Smartwatch Model 5434,"Heart Rate, LCD Display",8,43562,3.4
5435,HP Laptop Model 5435,"Ryzen 5, 8GB RAM, 512GB SSD",41,72124,4.9
5436,Xiaomi Laptop Model 5436,"i7, 8GB RAM, 256GB SSD",24,29320,4.4
5437,HP Mobile Model 5437,"108MP Camera, 6000mAh Battery, 5G",17,84896,3.9
5438,Asus Laptop Model 5438,"Ryzen 7, 32GB RAM, 256GB SSD",31,28413,3.3
5439,HP Smartwatch Model 5439,"SpO2, LCD Display",8,138682,3.5
5440,Xiaomi Laptop Model 5440,"i5, 32GB RAM, 1TB SSD",49,57010,3.3
5441,HP Mobile Model 5441,"108MP Camera, 4000mAh Battery, 5G",50,131547,4.8
5442,Apple Laptop Model 5442,"i5, 32GB RAM, 256GB SSD",34,144514,3.9
5443,Xiaomi Mobile Model 5443,"50MP Camera, 5000mAh Battery, 5G",33,16113,5.0
5444,Xiaomi Laptop Model 5444,"i5, 8GB RAM, 1TB SSD",22,40809,4.2
5445,Asus Mobile Model 5445,"64MP Camera, 6000mAh Battery, 5G",10,128838,3.9
5446,Samsung Smartwatch Model 5446,"SpO2, LCD Display",49,112567,4.0
5447,Apple Mobile Model 5447,"64MP Camera, 4000mAh Battery, 5G",13,75916,3.3
5448,Xiaomi Laptop Model 5448,"Ryzen 5, 32GB RAM, 512GB SSD",34,146067,3.4
5449,Apple Smartwatch Model 5449,"GPS, LCD Display",11,77342,4.2
5450,Dell Laptop Model 5450,"Ryzen 5, 8GB RAM, 1TB SSD",22,139800,4.9
5451,Dell Laptop Model 5451,"Ryzen 5, 32GB RAM, 512GB SSD",47,5243,3.1
5452,Acer Smartwatch Model 5452,"Heart Rate, LCD Display",23,50745,5.0
5453,Dell Mobile Model 5453,"64MP Camera, 5000mAh Battery, 5G",25,71364,3.5
5454,Samsung Laptop Model 5454,"i5, 32GB RAM, 512GB SSD",32,23019,3.0
5455,Apple Laptop Model 5455,"Ryzen 5, 8GB RAM, 1TB SSD",27,7139,4.0
5456,Samsung Mobile Model 5456,"108MP Camera, 4000mAh Battery, 5G",32,87906,4.0
5457,OnePlus Mobile Model 5457,"50MP Camera, 5000mAh Battery, 5G",11,57650,4.9
5458,Sony Mobile Model 5458,"108MP Camera, 4000mAh Battery, 5G",5,55850,4.7
5459,Lenovo Smartwatch Model 5459,"GPS, LCD Display",6,74114,3.9
5460,HP Laptop Model 5460,"Ryzen 5, 16GB RAM, 512GB SSD",35,119994,4.0
5461,Lenovo Mobile Model 5461,"108MP Camera, 5000mAh Battery, 5G",44,59017,3.3
5462,Lenovo Mobile Model 5462,"64MP Camera, 4000mAh Battery, 5G",24,140169,4.8
5463,Sony Smartwatch Model 5463,"SpO2, LCD Display",32,77406,3.3
5464,Samsung Smartwatch Model 5464,"Heart Rate, AMOLED Display",25,55167,3.3
5465,Samsung Smartwatch Model 5465,"GPS, LCD Display",28,7353,3.4
5466,Asus Mobile Model 5466,"108MP Camera, 5000mAh Battery, 5G",42,12660,4.9
5467,OnePlus Mobile Model 5467,"50MP Camera, 4000mAh Battery, 5G",45,98381,3.1
5468,Asus Smartwatch Model 5468,"Heart Rate, LCD Display",17,88290,4.6
5469,Xiaomi Mobile Model 5469,"50MP Camera, 6000mAh Battery, 5G",46,49093,4.6
5470,Acer Mobile Model 5470,"50MP Camera, 5000mAh Battery, 5G",10,135578,3.5
5471,HP Mobile Model 5471,"64MP Camera, 5000mAh Battery, 5G",34,145691,5.0
5472,Asus Laptop Model 5472,"Ryzen 5, 32GB RAM, 1TB SSD",29,116466,4.9
5473,Acer Laptop Model 5473,"Ryzen 7, 16GB RAM, 1TB SSD",41,130062,4.0
5474,Asus Smartwatch Model 5474,"SpO2, AMOLED Display",22,91307,4.5
5475,Asus Mobile Model 5475,"50MP Camera, 4000mAh Battery, 5G",14,139195,4.8
5476,Acer Laptop Model 5476,"Ryzen 7, 32GB RAM, 1TB SSD",48,91973,5.0
5477,Acer Mobile Model 5477,"108MP Camera, 5000mAh Battery, 5G",35,128726,3.8
5478,Samsung Laptop Model 5478,"Ryzen 5, 32GB RAM, 512GB SSD",27,38103,4.0
5479,Asus Laptop Model 5479,"Ryzen 5, 32GB RAM, 256GB SSD",32,27984,3.8
5480,Acer Laptop Model 5480,"Ryzen 5, 32GB RAM, 256GB SSD",16,107693,3.9
5481,Xiaomi Smartwatch Model 5481,"SpO2, LCD Display",43,73854,4.5
5482,OnePlus Smartwatch Model 5482,"GPS, LCD Display",8,132775,3.6
5483,Acer Laptop Model 5483,"Ryzen 7, 32GB RAM, 1TB SSD",34,47174,3.0
5484,Asus Smartwatch Model 5484,"GPS, AMOLED Display",46,33398,3.7
5485,HP Smartwatch Model 5485,"Heart Rate, LCD Display",14,9791,3.8
5486,Dell Laptop Model 5486,"Ryzen 5, 16GB RAM, 1TB SSD",45,118927,4.8
5487,Lenovo Mobile Model 5487,"64MP Camera, 4000mAh Battery, 5G",22,57167,3.2
5488,Asus Smartwatch Model 5488,"GPS, AMOLED Display",10,124610,4.0
5489,Samsung Mobile Model 5489,"108MP Camera, 4000mAh Battery, 5G",44,97714,5.0
5490,Acer Laptop Model 5490,"i7, 16GB RAM, 256GB SSD",27,31364,3.5
5491,Asus Smartwatch Model 5491,"GPS, LCD Display",43,62881,4.9
5492,Dell Mobile Model 5492,"50MP Camera, 5000mAh Battery, 5G",43,60829,3.6
5493,OnePlus Mobile Model 5493,"64MP Camera, 6000mAh Battery, 5G",21,94335,3.4
5494,Acer Smartwatch Model 5494,"SpO2, LCD Display",42,62337,4.0
5495,Lenovo Smartwatch Model 5495,"SpO2, AMOLED Display",27,119259,3.7
5496,Acer Laptop Model 5496,"i5, 32GB RAM, 512GB SSD",42,79517,4.6
5497,Apple Laptop Model 5497,"i5, 16GB RAM, 512GB SSD",19,126737,4.0
5498,Asus Smartwatch Model 5498,"Heart Rate, AMOLED Display",30,95633,4.8
5499,Dell Smartwatch Model 5499,"GPS, AMOLED Display",13,90466,4.5
5500,Lenovo Smartwatch Model 5500,"Heart Rate, LCD Display",36,19685,3.0
5501,HP Smartwatch Model 5501,"SpO2, AMOLED Display",44,124977,5.0
5502,Samsung Smartwatch Model 5502,"GPS, AMOLED Display",41,26418,4.5
5503,Sony Laptop Model 5503,"i7, 8GB RAM, 1TB SSD",34,149879,4.0
5504,Xiaomi Laptop Model 5504,"i5, 32GB RAM, 512GB SSD",44,97913,3.1
5505,Dell Laptop Model 5505,"i7, 16GB RAM, 256GB SSD",39,5805,4.8
5506,OnePlus Mobile Model 5506,"64MP Camera, 5000mAh Battery, 5G",15,89890,3.5
5507,Apple Smartwatch Model 5507,"Heart Rate, AMOLED Display",8,121262,3.2
5508,Acer Mobile Model 5508,"108MP Camera, 6000mAh Battery, 5G",20,149799,4.4
5509,Xiaomi Laptop Model 5509,"Ryzen 5, 32GB RAM, 512GB SSD",16,45834,4.5
5510,Dell Smartwatch Model 5510,"GPS, AMOLED Display",16,149627,4.8
5511,Samsung Laptop Model 5511,"i5, 16GB RAM, 512GB SSD",14,71353,3.9
5512,Apple Mobile Model 5512,"50MP Camera, 5000mAh Battery, 5G",42,79817,3.7
5513,OnePlus Smartwatch Model 5513,"GPS, AMOLED Display",47,121396,4.8
5514,HP Laptop Model 5514,"Ryzen 5, 32GB RAM, 512GB SSD",7,148370,3.7
5515,Xiaomi Mobile Model 5515,"50MP Camera, 5000mAh Battery, 5G",49,67709,4.9
5516,Acer Smartwatch Model 5516,"GPS, AMOLED Display",49,47960,3.0
5517,Acer Laptop Model 5517,"Ryzen 5, 32GB RAM, 1TB SSD",8,82346,4.9
5518,Xiaomi Mobile Model 5518,"108MP Camera, 5000mAh Battery, 5G",28,36364,4.7
5519,Lenovo Laptop Model 5519,"i5, 8GB RAM, 1TB SSD",14,113720,4.3
5520,Sony Laptop Model 5520,"i7, 16GB RAM, 1TB SSD",40,83466,3.5
5521,Lenovo Mobile Model 5521,"50MP Camera, 6000mAh Battery, 5G",36,56079,3.7
5522,Apple Mobile Model 5522,"108MP Camera, 5000mAh Battery, 5G",38,86828,4.1
5523,Acer Mobile Model 5523,"108MP Camera, 6000mAh Battery, 5G",28,137937,4.7
5524,Dell Laptop Model 5524,"i5, 8GB RAM, 1TB SSD",13,84151,4.4
5525,Dell Laptop Model 5525,"Ryzen 7, 8GB RAM, 512GB SSD",33,97677,4.7
5526,Acer Laptop Model 5526,"i5, 32GB RAM, 1TB SSD",21,126694,3.3
5527,HP Mobile Model 5527,"64MP Camera, 4000mAh Battery, 5G",24,23607,3.5
5528,Xiaomi Smartwatch Model 5528,"SpO2, LCD Display",24,5362,3.2
5529,Acer Smartwatch Model 5529,"GPS, LCD Display",26,145376,4.0
5530,Xiaomi Mobile Model 5530,"64MP Camera, 6000mAh Battery, 5G",39,126253,3.9
5531,Apple Mobile Model 5531,"108MP Camera, 5000mAh Battery, 5G",42,109918,3.1
5532,Sony Laptop Model 5532,"Ryzen 5, 32GB RAM, 512GB SSD",45,107002,3.9
5533,Sony Laptop Model 5533,"Ryzen 5, 32GB RAM, 512GB SSD",18,28973,4.5
5534,Acer Mobile Model 5534,"64MP Camera, 6000mAh Battery, 5G",36,62548,4.2
5535,Xiaomi Laptop Model 5535,"i5, 8GB RAM, 1TB SSD",39,12714,3.2
5536,Lenovo Smartwatch Model 5536,"SpO2, AMOLED Display",18,26387,4.8
5537,Dell Mobile Model 5537,"108MP Camera, 5000mAh Battery, 5G",21,52506,4.0
5538,Asus Mobile Model 5538,"64MP Camera, 4000mAh Battery, 5G",43,20807,3.3
5539,Samsung Laptop Model 5539,"Ryzen 5, 16GB RAM, 256GB SSD",49,5796,4.9
5540,Xiaomi Mobile Model 5540,"108MP Camera, 6000mAh Battery, 5G",47,136052,4.5
5541,HP Mobile Model 5541,"50MP Camera, 4000mAh Battery, 5G",22,11287,3.2
5542,Sony Smartwatch Model 5542,"Heart Rate, AMOLED Display",31,14529,4.0
5543,Apple Mobile Model 5543,"64MP Camera, 6000mAh Battery, 5G",24,83512,3.4
5544,HP Laptop Model 5544,"i7, 8GB RAM, 256GB SSD",22,27287,3.3
5545,Asus Laptop Model 5545,"i5, 16GB RAM, 1TB SSD",47,26929,4.5
5546,Asus Mobile Model 5546,"108MP Camera, 6000mAh Battery, 5G",36,42314,3.6
5547,Sony Mobile Model 5547,"108MP Camera, 6000mAh Battery, 5G",5,100996,3.8
5548,Xiaomi Mobile Model 5548,"108MP Camera, 4000mAh Battery, 5G",18,22047,4.2
5549,Lenovo Smartwatch Model 5549,"Heart Rate, AMOLED Display",19,134535,4.0
5550,OnePlus Laptop Model 5550,"Ryzen 7, 16GB RAM, 1TB SSD",50,125843,4.5
5551,Acer Mobile Model 5551,"50MP Camera, 4000mAh Battery, 5G",6,47316,3.7
5552,Dell Smartwatch Model 5552,"GPS, LCD Display",21,32450,4.3
5553,OnePlus Laptop Model 5553,"Ryzen 5, 16GB RAM, 256GB SSD",36,119044,4.0
5554,Sony Mobile Model 5554,"64MP Camera, 5000mAh Battery, 5G",36,14939,4.5
5555,Asus Mobile Model 5555,"108MP Camera, 5000mAh Battery, 5G",13,133162,3.5
5556,Asus Smartwatch Model 5556,"Heart Rate, AMOLED Display",31,47686,4.3
5557,Lenovo Mobile Model 5557,"50MP Camera, 6000mAh Battery, 5G",20,91020,3.5
5558,Samsung Mobile Model 5558,"64MP Camera, 6000mAh Battery, 5G",43,9956,3.9
5559,OnePlus Laptop Model 5559,"Ryzen 7, 8GB RAM, 1TB SSD",39,101812,4.0
5560,Apple Smartwatch Model 5560,"SpO2, AMOLED Display",7,93343,4.3
5561,HP Smartwatch Model 5561,"SpO2, LCD Display",49,65473,4.3
5562,HP Smartwatch Model 5562,"SpO2, AMOLED Display",29,50562,3.3
5563,Acer Smartwatch Model 5563,"Heart Rate, AMOLED Display",35,85632,4.6
5564,Apple Mobile Model 5564,"64MP Camera, 6000mAh Battery, 5G",20,75286,4.4
5565,Dell Smartwatch Model 5565,"SpO2, AMOLED Display",25,15112,4.4
5566,HP Laptop Model 5566,"i7, 16GB RAM, 512GB SSD",20,75657,4.8
5567,Dell Smartwatch Model 5567,"SpO2, LCD Display",33,48810,4.9
5568,Xiaomi Mobile Model 5568,"64MP Camera, 4000mAh Battery, 5G",5,49871,3.2
5569,Apple Mobile Model 5569,"64MP Camera, 5000mAh Battery, 5G",31,48449,4.2
5570,Dell Laptop Model 5570,"i7, 32GB RAM, 256GB SSD",29,76226,3.8
5571,Acer Mobile Model 5571,"108MP Camera, 6000mAh Battery, 5G",37,34669,4.6
5572,Dell Mobile Model 5572,"108MP Camera, 4000mAh Battery, 5G",41,14678,3.2
5573,Asus Mobile Model 5573,"64MP Camera, 5000mAh Battery, 5G",27,11419,4.3
5574,Xiaomi Smartwatch Model 5574,"GPS, AMOLED Display",21,99414,4.9
5575,Lenovo Laptop Model 5575,"Ryzen 7, 32GB RAM, 1TB SSD",29,127161,4.2
5576,Dell Mobile Model 5576,"64MP Camera, 4000mAh Battery, 5G",9,143464,4.8
5577,Dell Smartwatch Model 5577,"SpO2, LCD Display",26,13110,4.2
5578,Dell Mobile Model 5578,"64MP Camera, 6000mAh Battery, 5G",50,14150,3.4
5579,Apple Mobile Model 5579,"64MP Camera, 4000mAh Battery, 5G",30,25086,3.8
5580,Dell Mobile Model 5580,"108MP Camera, 6000mAh Battery, 5G",26,83119,3.0
5581,Xiaomi Laptop Model 5581,"i7, 32GB RAM, 512GB SSD",49,73312,4.6
5582,Lenovo Laptop Model 5582,"i7, 32GB RAM, 256GB SSD",14,95930,4.2
5583,Lenovo Smartwatch Model 5583,"Heart Rate, AMOLED Display",47,66315,4.1
5584,Acer Smartwatch Model 5584,"Heart Rate, AMOLED Display",39,35809,4.5
5585,Sony Smartwatch Model 5585,"GPS, LCD Display",8,72579,4.8
5586,Acer Laptop Model 5586,"Ryzen 7, 8GB RAM, 1TB SSD",12,94369,3.1
5587,HP Mobile Model 5587,"64MP Camera, 6000mAh Battery, 5G",50,73663,3.3
5588,Lenovo Mobile Model 5588,"108MP Camera, 6000mAh Battery, 5G",34,131548,5.0
5589,Dell Laptop Model 5589,"Ryzen 5, 16GB RAM, 512GB SSD",42,65967,4.7
5590,Samsung Laptop Model 5590,"i5, 16GB RAM, 256GB SSD",22,77582,3.3
5591,OnePlus Laptop Model 5591,"i7, 32GB RAM, 512GB SSD",19,99136,3.2
5592,Lenovo Laptop Model 5592,"i5, 32GB RAM, 1TB SSD",9,136488,3.3
5593,Asus Laptop Model 5593,"i5, 32GB RAM, 512GB SSD",48,132617,3.3
5594,Lenovo Smartwatch Model 5594,"Heart Rate, LCD Display",17,137240,3.4
5595,Samsung Laptop Model 5595,"i5, 32GB RAM, 1TB SSD",36,99939,3.6
5596,Dell Laptop Model 5596,"i5, 32GB RAM, 1TB SSD",30,107541,3.6
5597,Acer Smartwatch Model 5597,"SpO2, LCD Display",17,135356,4.0
5598,Asus Smartwatch Model 5598,"GPS, AMOLED Display",21,101245,3.6
5599,OnePlus Smartwatch Model 5599,"SpO2, LCD Display",24,53533,3.0
5600,Samsung Mobile Model 5600,"50MP Camera, 5000mAh Battery, 5G",26,65274,4.5
5601,Dell Smartwatch Model 5601,"GPS, AMOLED Display",47,108776,3.2
5602,Xiaomi Smartwatch Model 5602,"Heart Rate, AMOLED Display",9,129171,3.1
5603,Sony Laptop Model 5603,"i5, 32GB RAM, 256GB SSD",40,8057,4.1
5604,Asus Laptop Model 5604,"Ryzen 5, 32GB RAM, 512GB SSD",50,131823,3.9
5605,Dell Smartwatch Model 5605,"GPS, LCD Display",38,68877,3.1
5606,Apple Smartwatch Model 5606,"SpO2, LCD Display",11,20964,4.9
5607,Xiaomi Laptop Model 5607,"Ryzen 5, 32GB RAM, 512GB SSD",27,53740,3.8
5608,HP Mobile Model 5608,"108MP Camera, 6000mAh Battery, 5G",31,115745,3.8
5609,OnePlus Mobile Model 5609,"64MP Camera, 4000mAh Battery, 5G",37,11067,4.3
5610,OnePlus Laptop Model 5610,"i7, 8GB RAM, 1TB SSD",50,69983,4.2
5611,Acer Smartwatch Model 5611,"GPS, AMOLED Display",15,61099,4.7
5612,Acer Smartwatch Model 5612,"Heart Rate, AMOLED Display",6,61214,4.1
5613,Lenovo Mobile Model 5613,"50MP Camera, 4000mAh Battery, 5G",34,105715,4.6
5614,Apple Mobile Model 5614,"50MP Camera, 6000mAh Battery, 5G",17,33311,3.6
5615,Xiaomi Mobile Model 5615,"50MP Camera, 4000mAh Battery, 5G",31,29120,4.3
5616,HP Mobile Model 5616,"108MP Camera, 5000mAh Battery, 5G",42,131109,4.3
5617,OnePlus Smartwatch Model 5617,"GPS, LCD Display",37,119526,3.8
5618,HP Laptop Model 5618,"i7, 16GB RAM, 256GB SSD",21,77943,3.7
5619,OnePlus Mobile Model 5619,"50MP Camera, 6000mAh Battery, 5G",46,142339,3.6
5620,Lenovo Laptop Model 5620,"Ryzen 5, 8GB RAM, 512GB SSD",50,14952,3.4
5621,Lenovo Smartwatch Model 5621,"Heart Rate, AMOLED Display",25,136830,4.2
5622,Xiaomi Laptop Model 5622,"Ryzen 7, 32GB RAM, 1TB SSD",23,31195,4.0
5623,Sony Mobile Model 5623,"64MP Camera, 5000mAh Battery, 5G",44,123674,3.8
5624,Apple Smartwatch Model 5624,"Heart Rate, LCD Display",23,136610,4.8
5625,Asus Laptop Model 5625,"Ryzen 5, 8GB RAM, 512GB SSD",38,63644,4.0
5626,Acer Mobile Model 5626,"50MP Camera, 4000mAh Battery, 5G",37,8543,4.6
5627,Asus Smartwatch Model 5627,"Heart Rate, LCD Display",27,31933,4.4
5628,Samsung Laptop Model 5628,"i5, 32GB RAM, 1TB SSD",26,102956,4.2
5629,Acer Mobile Model 5629,"108MP Camera, 5000mAh Battery, 5G",45,124475,4.5
5630,OnePlus Laptop Model 5630,"i7, 32GB RAM, 1TB SSD",23,9229,3.4
5631,Dell Smartwatch Model 5631,"Heart Rate, AMOLED Display",43,31214,3.9
5632,Acer Mobile Model 5632,"50MP Camera, 6000mAh Battery, 5G",6,9473,3.2
5633,HP Mobile Model 5633,"64MP Camera, 6000mAh Battery, 5G",23,93029,4.8
5634,Xiaomi Smartwatch Model 5634,"SpO2, AMOLED Display",18,64803,4.2
5635,Apple Smartwatch Model 5635,"GPS, AMOLED Display",17,86562,3.5
5636,Apple Smartwatch Model 5636,"GPS, LCD Display",50,71778,4.7
5637,Sony Smartwatch Model 5637,"GPS, LCD Display",36,58928,3.4
5638,Dell Smartwatch Model 5638,"GPS, AMOLED Display",6,137270,4.9
5639,Dell Laptop Model 5639,"i5, 16GB RAM, 1TB SSD",25,16238,4.5
5640,Dell Mobile Model 5640,"64MP Camera, 5000mAh Battery, 5G",21,147008,5.0
5641,HP Laptop Model 5641,"i7, 8GB RAM, 1TB SSD",5,124718,4.2
5642,Dell Mobile Model 5642,"50MP Camera, 6000mAh Battery, 5G",28,68324,4.6
5643,Acer Mobile Model 5643,"64MP Camera, 5000mAh Battery, 5G",38,135580,3.4
5644,OnePlus Smartwatch Model 5644,"GPS, AMOLED Display",18,101073,4.8
5645,OnePlus Mobile Model 5645,"50MP Camera, 4000mAh Battery, 5G",11,111791,4.9
5646,Apple Mobile Model 5646,"64MP Camera, 4000mAh Battery, 5G",45,114412,3.4
5647,OnePlus Mobile Model 5647,"108MP Camera, 4000mAh Battery, 5G",34,76427,4.8
5648,Asus Smartwatch Model 5648,"Heart Rate, LCD Display",17,76981,3.8
5649,Xiaomi Mobile Model 5649,"108MP Camera, 5000mAh Battery, 5G",16,22943,4.4
5650,Acer Smartwatch Model 5650,"Heart Rate, AMOLED Display",7,54241,4.8
5651,OnePlus Mobile Model 5651,"64MP Camera, 6000mAh Battery, 5G",15,68030,3.6
5652,Dell Smartwatch Model 5652,"Heart Rate, LCD Display",18,66428,4.3
5653,Asus Mobile Model 5653,"108MP Camera, 5000mAh Battery, 5G",33,55170,3.0
5654,Xiaomi Laptop Model 5654,"Ryzen 5, 8GB RAM, 1TB SSD",8,107170,4.8
5655,Sony Smartwatch Model 5655,"GPS, AMOLED Display",41,80351,3.5
5656,Xiaomi Laptop Model 5656,"i5, 16GB RAM, 512GB SSD",22,22259,3.5
5657,Samsung Smartwatch Model 5657,"GPS, AMOLED Display",31,24771,4.3
5658,Apple Laptop Model 5658,"Ryzen 7, 16GB RAM, 1TB SSD",19,71996,4.6
5659,HP Laptop Model 5659,"i5, 16GB RAM, 256GB SSD",28,60143,4.2
5660,Asus Laptop Model 5660,"i5, 16GB RAM, 512GB SSD",23,42647,3.8
5661,Acer Mobile Model 5661,"50MP Camera, 6000mAh Battery, 5G",36,27179,4.5
5662,Sony Laptop Model 5662,"i7, 8GB RAM, 512GB SSD",17,62623,3.4
5663,Acer Mobile Model 5663,"50MP Camera, 5000mAh Battery, 5G",16,147872,3.5
5664,Acer Smartwatch Model 5664,"SpO2, AMOLED Display",38,42753,4.0
5665,Asus Smartwatch Model 5665,"Heart Rate, LCD Display",50,141478,3.6
5666,OnePlus Mobile Model 5666,"50MP Camera, 6000mAh Battery, 5G",13,29735,4.0
5667,Lenovo Mobile Model 5667,"64MP Camera, 4000mAh Battery, 5G",44,48691,4.0
5668,Apple Mobile Model 5668,"64MP Camera, 6000mAh Battery, 5G",30,149073,3.6
5669,Dell Laptop Model 5669,"Ryzen 7, 16GB RAM, 256GB SSD",21,24199,4.4
5670,Lenovo Laptop Model 5670,"Ryzen 5, 16GB RAM, 256GB SSD",8,68982,4.8
5671,HP Laptop Model 5671,"i7, 16GB RAM, 512GB SSD",34,27975,4.4
5672,Lenovo Laptop Model 5672,"i5, 32GB RAM, 256GB SSD",50,11553,3.0
5673,Xiaomi Laptop Model 5673,"Ryzen 5, 32GB RAM, 256GB SSD",47,52213,4.1
5674,Apple Mobile Model 5674,"108MP Camera, 5000mAh Battery, 5G",10,133455,3.6
5675,Asus Laptop Model 5675,"Ryzen 5, 16GB RAM, 256GB SSD",43,40803,3.1
5676,Apple Smartwatch Model 5676,"SpO2, AMOLED Display",30,130790,4.0
5677,Dell Mobile Model 5677,"50MP Camera, 6000mAh Battery, 5G",30,95016,4.3
5678,Asus Smartwatch Model 5678,"SpO2, LCD Display",48,29857,3.1
5679,Xiaomi Laptop Model 5679,"Ryzen 5, 32GB RAM, 1TB SSD",27,98202,3.6
5680,Asus Mobile Model 5680,"108MP Camera, 4000mAh Battery, 5G",20,131973,5.0
5681,Apple Mobile Model 5681,"50MP Camera, 6000mAh Battery, 5G",24,109556,3.9
5682,Xiaomi Mobile Model 5682,"108MP Camera, 6000mAh Battery, 5G",44,147954,3.1
5683,Dell Mobile Model 5683,"108MP Camera, 5000mAh Battery, 5G",35,113695,3.4
5684,OnePlus Mobile Model 5684,"108MP Camera, 5000mAh Battery, 5G",8,143428,3.2
5685,Acer Mobile Model 5685,"50MP Camera, 4000mAh Battery, 5G",8,31081,4.5
5686,Sony Smartwatch Model 5686,"SpO2, LCD Display",31,45504,3.2
5687,Xiaomi Laptop Model 5687,"i7, 32GB RAM, 512GB SSD",39,44752,4.2
5688,Xiaomi Laptop Model 5688,"i5, 16GB RAM, 256GB SSD",33,149753,3.5
5689,Apple Laptop Model 5689,"Ryzen 5, 8GB RAM, 1TB SSD",26,61173,4.6
5690,Acer Smartwatch Model 5690,"Heart Rate, LCD Display",20,13449,4.2
5691,OnePlus Mobile Model 5691,"50MP Camera, 6000mAh Battery, 5G",43,39540,3.3
5692,Xiaomi Smartwatch Model 5692,"GPS, LCD Display",15,37581,4.1
5693,Samsung Laptop Model 5693,"Ryzen 5, 32GB RAM, 256GB SSD",31,69408,4.0
5694,Samsung Smartwatch Model 5694,"SpO2, AMOLED Display",12,101332,3.0
5695,Dell Smartwatch Model 5695,"GPS, LCD Display",25,145111,3.8
5696,Samsung Smartwatch Model 5696,"Heart Rate, LCD Display",26,104674,3.3
5697,Samsung Laptop Model 5697,"Ryzen 5, 8GB RAM, 1TB SSD",39,82885,4.8
5698,Dell Mobile Model 5698,"64MP Camera, 6000mAh Battery, 5G",17,130817,4.7
5699,Asus Mobile Model 5699,"50MP Camera, 6000mAh Battery, 5G",30,144533,4.4
5700,HP Mobile Model 5700,"50MP Camera, 5000mAh Battery, 5G",11,138019,3.0
5701,HP Laptop Model 5701,"Ryzen 5, 8GB RAM, 256GB SSD",38,99930,3.1
5702,Dell Smartwatch Model 5702,"Heart Rate, AMOLED Display",33,86989,3.1
5703,Samsung Laptop Model 5703,"Ryzen 5, 32GB RAM, 256GB SSD",19,59090,3.9
5704,Sony Laptop Model 5704,"i7, 16GB RAM, 256GB SSD",25,73875,4.1
5705,Xiaomi Laptop Model 5705,"i5, 16GB RAM, 1TB SSD",33,67679,5.0
5706,Dell Laptop Model 5706,"i5, 16GB RAM, 512GB SSD",40,39540,4.2
5707,Sony Smartwatch Model 5707,"GPS, LCD Display",49,76098,4.4
5708,Asus Laptop Model 5708,"i7, 32GB RAM, 512GB SSD",14,50330,4.0
5709,Sony Smartwatch Model 5709,"Heart Rate, AMOLED Display",37,149679,4.9
5710,OnePlus Mobile Model 5710,"64MP Camera, 6000mAh Battery, 5G",25,25028,3.2
5711,Samsung Smartwatch Model 5711,"GPS, LCD Display",20,129976,3.4
5712,HP Mobile Model 5712,"64MP Camera, 6000mAh Battery, 5G",28,129807,4.4
5713,Asus Laptop Model 5713,"i5, 16GB RAM, 1TB SSD",24,87041,5.0
5714,Apple Smartwatch Model 5714,"SpO2, LCD Display",5,135540,5.0
5715,OnePlus Laptop Model 5715,"i5, 8GB RAM, 1TB SSD",26,93823,4.5
5716,Lenovo Mobile Model 5716,"64MP Camera, 4000mAh Battery, 5G",19,40981,3.1
5717,Samsung Smartwatch Model 5717,"Heart Rate, AMOLED Display",49,63525,4.1
5718,Xiaomi Mobile Model 5718,"50MP Camera, 6000mAh Battery, 5G",43,33717,3.5
5719,Xiaomi Laptop Model 5719,"i7, 16GB RAM, 1TB SSD",6,87474,4.2
5720,HP Laptop Model 5720,"Ryzen 5, 16GB RAM, 256GB SSD",26,132068,3.4
5721,Lenovo Mobile Model 5721,"108MP Camera, 4000mAh Battery, 5G",40,99569,4.8
5722,Sony Laptop Model 5722,"i5, 8GB RAM, 256GB SSD",11,122492,4.2
5723,Dell Mobile Model 5723,"64MP Camera, 5000mAh Battery, 5G",12,115960,4.2
5724,Xiaomi Laptop Model 5724,"Ryzen 7, 32GB RAM, 256GB SSD",15,75889,3.8
5725,Apple Smartwatch Model 5725,"Heart Rate, LCD Display",43,12605,4.4
5726,Acer Mobile Model 5726,"108MP Camera, 6000mAh Battery, 5G",46,9548,4.4
5727,Acer Mobile Model 5727,"108MP Camera, 4000mAh Battery, 5G",9,7171,3.7
5728,OnePlus Laptop Model 5728,"i5, 8GB RAM, 512GB SSD",15,104651,3.9
5729,OnePlus Smartwatch Model 5729,"Heart Rate, AMOLED Display",39,74084,4.9
5730,Xiaomi Laptop Model 5730,"Ryzen 7, 8GB RAM, 1TB SSD",35,88067,4.9
5731,OnePlus Smartwatch Model 5731,"Heart Rate, LCD Display",39,74499,3.3
5732,OnePlus Laptop Model 5732,"i5, 8GB RAM, 256GB SSD",45,49813,3.6
5733,Sony Mobile Model 5733,"64MP Camera, 6000mAh Battery, 5G",40,81015,3.9
5734,Dell Smartwatch Model 5734,"GPS, AMOLED Display",20,69270,3.5
5735,Lenovo Smartwatch Model 5735,"SpO2, LCD Display",44,59793,4.4
5736,Dell Laptop Model 5736,"i5, 8GB RAM, 512GB SSD",16,112370,4.2
5737,Dell Mobile Model 5737,"64MP Camera, 6000mAh Battery, 5G",20,148227,4.7
5738,OnePlus Smartwatch Model 5738,"Heart Rate, AMOLED Display",21,75087,3.3
5739,Lenovo Laptop Model 5739,"i7, 8GB RAM, 256GB SSD",12,131185,4.9
5740,Sony Mobile Model 5740,"64MP Camera, 5000mAh Battery, 5G",35,53340,4.2
5741,OnePlus Smartwatch Model 5741,"GPS, AMOLED Display",48,25722,4.0
5742,OnePlus Laptop Model 5742,"i5, 16GB RAM, 256GB SSD",37,137179,3.7
5743,Lenovo Laptop Model 5743,"Ryzen 5, 8GB RAM, 1TB SSD",31,16595,4.7
5744,Acer Mobile Model 5744,"108MP Camera, 4000mAh Battery, 5G",17,102820,4.9
5745,Apple Mobile Model 5745,"64MP Camera, 6000mAh Battery, 5G",30,137187,3.5
5746,HP Smartwatch Model 5746,"SpO2, LCD Display",42,67747,3.0
5747,Lenovo Laptop Model 5747,"i5, 16GB RAM, 256GB SSD",20,13206,3.8
5748,Samsung Laptop Model 5748,"i7, 16GB RAM, 1TB SSD",49,72311,3.4
5749,Lenovo Laptop Model 5749,"Ryzen 5, 8GB RAM, 1TB SSD",46,108702,3.8
5750,Lenovo Laptop Model 5750,"i7, 16GB RAM, 256GB SSD",27,26922,4.1
5751,Xiaomi Smartwatch Model 5751,"Heart Rate, LCD Display",28,122598,3.2
5752,Asus Laptop Model 5752,"Ryzen 7, 32GB RAM, 256GB SSD",37,93495,5.0
5753,Sony Mobile Model 5753,"64MP Camera, 5000mAh Battery, 5G",24,50765,4.9
5754,Samsung Smartwatch Model 5754,"SpO2, LCD Display",6,49558,4.2
5755,Acer Smartwatch Model 5755,"SpO2, AMOLED Display",38,72932,4.8
5756,Xiaomi Smartwatch Model 5756,"GPS, LCD Display",16,13914,3.5
5757,Samsung Smartwatch Model 5757,"Heart Rate, AMOLED Display",31,136691,3.8
5758,Asus Laptop Model 5758,"i5, 16GB RAM, 1TB SSD",36,130860,4.4
5759,Sony Smartwatch Model 5759,"GPS, LCD Display",34,110904,4.2
5760,HP Smartwatch Model 5760,"GPS, LCD Display",47,44783,4.2
5761,Dell Laptop Model 5761,"i7, 16GB RAM, 1TB SSD",50,139467,3.2
5762,Sony Smartwatch Model 5762,"SpO2, LCD Display",10,77579,3.4
5763,OnePlus Smartwatch Model 5763,"SpO2, AMOLED Display",25,57600,3.3
5764,Dell Laptop Model 5764,"Ryzen 5, 8GB RAM, 1TB SSD",13,141195,4.4
5765,OnePlus Laptop Model 5765,"i7, 8GB RAM, 1TB SSD",24,45422,4.8
5766,Lenovo Laptop Model 5766,"Ryzen 7, 16GB RAM, 1TB SSD",31,89861,4.0
5767,Acer Smartwatch Model 5767,"Heart Rate, AMOLED Display",13,37817,3.9
5768,Dell Laptop Model 5768,"Ryzen 5, 16GB RAM, 1TB SSD",49,22768,4.0
5769,HP Laptop Model 5769,"i5, 16GB RAM, 1TB SSD",36,37083,4.1
5770,Lenovo Smartwatch Model 5770,"Heart Rate, AMOLED Display",5,132972,3.2
5771,Samsung Laptop Model 5771,"Ryzen 7, 8GB RAM, 1TB SSD",50,30455,4.1
5772,Samsung Mobile Model 5772,"108MP Camera, 5000mAh Battery, 5G",30,37667,3.6
5773,HP Smartwatch Model 5773,"SpO2, LCD Display",24,131615,4.6
5774,Dell Laptop Model 5774,"Ryzen 5, 32GB RAM, 512GB SSD",35,24304,3.2
5775,Acer Laptop Model 5775,"Ryzen 7, 16GB RAM, 512GB SSD",38,16444,3.7
5776,Apple Laptop Model 5776,"Ryzen 5, 8GB RAM, 512GB SSD",24,101226,3.1
5777,Lenovo Laptop Model 5777,"i5, 16GB RAM, 512GB SSD",8,71330,3.4
5778,Sony Smartwatch Model 5778,"Heart Rate, AMOLED Display",41,108737,4.2
5779,Xiaomi Mobile Model 5779,"50MP Camera, 6000mAh Battery, 5G",37,17824,4.1
5780,HP Mobile Model 5780,"50MP Camera, 6000mAh Battery, 5G",44,61766,3.2
5781,Asus Mobile Model 5781,"108MP Camera, 6000mAh Battery, 5G",13,9936,4.5
5782,Sony Smartwatch Model 5782,"GPS, LCD Display",36,35195,3.9
5783,Sony Laptop Model 5783,"i5, 32GB RAM, 512GB SSD",13,28074,4.4
5784,Acer Laptop Model 5784,"i7, 16GB RAM, 512GB SSD",39,144459,4.4
5785,Sony Smartwatch Model 5785,"Heart Rate, AMOLED Display",48,46204,3.1
5786,Lenovo Mobile Model 5786,"50MP Camera, 6000mAh Battery, 5G",36,87209,4.0
5787,Samsung Smartwatch Model 5787,"SpO2, AMOLED Display",6,23181,4.1
5788,Sony Laptop Model 5788,"Ryzen 7, 8GB RAM, 256GB SSD",12,107614,3.7
5789,Asus Mobile Model 5789,"50MP Camera, 4000mAh Battery, 5G",25,71960,4.5
5790,Samsung Smartwatch Model 5790,"Heart Rate, AMOLED Display",31,142009,4.1
5791,Asus Smartwatch Model 5791,"SpO2, LCD Display",23,99459,3.5
5792,Samsung Smartwatch Model 5792,"SpO2, LCD Display",40,43646,3.3
5793,Samsung Smartwatch Model 5793,"GPS, AMOLED Display",29,63285,4.0
5794,Dell Mobile Model 5794,"64MP Camera, 4000mAh Battery, 5G",9,49581,3.2
5795,Sony Smartwatch Model 5795,"Heart Rate, AMOLED Display",5,103797,4.1
5796,Sony Laptop Model 5796,"i5, 8GB RAM, 512GB SSD",16,23204,4.1
5797,Xiaomi Laptop Model 5797,"Ryzen 7, 16GB RAM, 512GB SSD",30,6536,4.2
5798,Dell Smartwatch Model 5798,"SpO2, LCD Display",48,49630,3.1
5799,Xiaomi Mobile Model 5799,"64MP Camera, 5000mAh Battery, 5G",25,83988,4.8
5800,Lenovo Laptop Model 5800,"i5, 16GB RAM, 512GB SSD",50,32197,4.6
5801,OnePlus Mobile Model 5801,"108MP Camera, 5000mAh Battery, 5G",42,10339,3.1
5802,Sony Smartwatch Model 5802,"Heart Rate, LCD Display",5,90437,3.2
5803,Apple Smartwatch Model 5803,"SpO2, LCD Display",15,53988,3.6
5804,Sony Smartwatch Model 5804,"Heart Rate, LCD Display",16,122385,3.2
5805,Samsung Smartwatch Model 5805,"GPS, LCD Display",24,8140,3.7
5806,Acer Laptop Model 5806,"i5, 32GB RAM, 1TB SSD",5,97915,3.6
5807,OnePlus Laptop Model 5807,"i5, 8GB RAM, 256GB SSD",7,131879,3.5
5808,Acer Smartwatch Model 5808,"GPS, LCD Display",34,128814,3.7
5809,Xiaomi Laptop Model 5809,"Ryzen 5, 8GB RAM, 1TB SSD",19,64775,3.5
5810,Xiaomi Smartwatch Model 5810,"SpO2, LCD Display",17,38154,4.8
5811,OnePlus Smartwatch Model 5811,"SpO2, AMOLED Display",35,112665,3.7
5812,HP Mobile Model 5812,"64MP Camera, 5000mAh Battery, 5G",41,92165,4.1
5813,Lenovo Laptop Model 5813,"i7, 16GB RAM, 256GB SSD",10,111761,3.6
5814,OnePlus Laptop Model 5814,"Ryzen 7, 16GB RAM, 1TB SSD",29,131268,3.4
5815,Asus Laptop Model 5815,"i7, 32GB RAM, 1TB SSD",27,76456,3.5
5816,Apple Laptop Model 5816,"Ryzen 7, 16GB RAM, 256GB SSD",16,107626,3.3
5817,Sony Smartwatch Model 5817,"SpO2, LCD Display",35,132878,3.0
5818,Apple Mobile Model 5818,"50MP Camera, 6000mAh Battery, 5G",35,7405,3.9
5819,Acer Smartwatch Model 5819,"SpO2, LCD Display",25,131396,4.0
5820,Xiaomi Smartwatch Model 5820,"SpO2, AMOLED Display",29,96625,4.3
5821,OnePlus Mobile Model 5821,"108MP Camera, 6000mAh Battery, 5G",46,112280,3.6
5822,Asus Laptop Model 5822,"i5, 8GB RAM, 512GB SSD",45,110590,3.0
5823,Dell Smartwatch Model 5823,"SpO2, AMOLED Display",38,73068,4.4
5824,Acer Smartwatch Model 5824,"Heart Rate, LCD Display",34,105330,3.2
5825,Xiaomi Smartwatch Model 5825,"GPS, LCD Display",40,11323,3.3
5826,OnePlus Smartwatch Model 5826,"GPS, AMOLED Display",31,115820,4.1
5827,Sony Mobile Model 5827,"108MP Camera, 4000mAh Battery, 5G",49,30785,3.6
5828,Asus Mobile Model 5828,"50MP Camera, 5000mAh Battery, 5G",26,136349,4.4
5829,HP Laptop Model 5829,"Ryzen 7, 32GB RAM, 512GB SSD",37,63809,4.7
5830,Dell Mobile Model 5830,"108MP Camera, 6000mAh Battery, 5G",42,127421,3.2
5831,Xiaomi Mobile Model 5831,"64MP Camera, 5000mAh Battery, 5G",21,111415,3.9
5832,Asus Smartwatch Model 5832,"Heart Rate, LCD Display",6,32299,3.0
5833,Asus Laptop Model 5833,"Ryzen 5, 8GB RAM, 1TB SSD",29,87214,5.0
5834,Dell Smartwatch Model 5834,"GPS, AMOLED Display",39,127215,3.4
5835,Lenovo Laptop Model 5835,"i7, 8GB RAM, 1TB SSD",5,20065,4.9
5836,Acer Laptop Model 5836,"i7, 32GB RAM, 512GB SSD",48,110500,4.8
5837,HP Laptop Model 5837,"i5, 16GB RAM, 512GB SSD",36,99326,4.5
5838,Xiaomi Mobile Model 5838,"108MP Camera, 4000mAh Battery, 5G",17,78202,4.4
5839,Lenovo Smartwatch Model 5839,"Heart Rate, AMOLED Display",42,50411,3.8
5840,Apple Laptop Model 5840,"i5, 8GB RAM, 512GB SSD",28,45891,4.4
5841,Asus Laptop Model 5841,"i5, 8GB RAM, 256GB SSD",22,135700,3.5
5842,Lenovo Mobile Model 5842,"50MP Camera, 6000mAh Battery, 5G",22,75863,4.6
5843,Apple Mobile Model 5843,"50MP Camera, 6000mAh Battery, 5G",27,51467,3.6
5844,Acer Smartwatch Model 5844,"SpO2, AMOLED Display",7,38301,3.5
5845,Asus Laptop Model 5845,"Ryzen 7, 8GB RAM, 512GB SSD",8,53974,3.1
5846,Dell Laptop Model 5846,"i5, 8GB RAM, 1TB SSD",16,82044,4.7
5847,Sony Laptop Model 5847,"i5, 32GB RAM, 512GB SSD",48,95340,4.5
5848,HP Smartwatch Model 5848,"Heart Rate, LCD Display",33,48041,4.9
5849,Apple Mobile Model 5849,"108MP Camera, 6000mAh Battery, 5G",37,107882,3.1
5850,OnePlus Mobile Model 5850,"64MP Camera, 5000mAh Battery, 5G",19,57681,3.3
5851,Lenovo Smartwatch Model 5851,"SpO2, LCD Display",32,41179,4.7
5852,Sony Smartwatch Model 5852,"GPS, LCD Display",23,124275,4.0
5853,Asus Smartwatch Model 5853,"GPS, LCD Display",11,37744,3.8
5854,Apple Laptop Model 5854,"Ryzen 5, 32GB RAM, 1TB SSD",9,53723,4.5
5855,Xiaomi Laptop Model 5855,"i7, 32GB RAM, 512GB SSD",28,45901,3.4
5856,OnePlus Mobile Model 5856,"50MP Camera, 4000mAh Battery, 5G",47,105837,4.4
5857,HP Smartwatch Model 5857,"GPS, LCD Display",38,39340,3.5
5858,Samsung Laptop Model 5858,"Ryzen 7, 16GB RAM, 256GB SSD",20,80267,4.8
5859,OnePlus Smartwatch Model 5859,"Heart Rate, AMOLED Display",19,85893,4.0
5860,Sony Laptop Model 5860,"i5, 8GB RAM, 512GB SSD",33,71067,3.6
5861,Dell Mobile Model 5861,"64MP Camera, 6000mAh Battery, 5G",21,85517,3.0
5862,Dell Mobile Model 5862,"108MP Camera, 4000mAh Battery, 5G",21,49675,4.4
5863,Samsung Laptop Model 5863,"i5, 16GB RAM, 512GB SSD",28,105762,3.8
5864,OnePlus Smartwatch Model 5864,"GPS, AMOLED Display",27,78533,3.3
5865,OnePlus Laptop Model 5865,"Ryzen 5, 32GB RAM, 1TB SSD",26,56126,4.4
5866,Apple Smartwatch Model 5866,"GPS, AMOLED Display",23,101199,4.1
5867,Xiaomi Laptop Model 5867,"i5, 8GB RAM, 512GB SSD",16,5294,4.7
5868,Dell Mobile Model 5868,"108MP Camera, 4000mAh Battery, 5G",13,119667,3.4
5869,Xiaomi Mobile Model 5869,"50MP Camera, 5000mAh Battery, 5G",36,31557,3.7
5870,Acer Smartwatch Model 5870,"Heart Rate, AMOLED Display",33,32181,3.7
5871,Asus Laptop Model 5871,"Ryzen 5, 8GB RAM, 512GB SSD",50,131861,4.9
5872,Sony Mobile Model 5872,"64MP Camera, 6000mAh Battery, 5G",21,80596,3.5
5873,Dell Mobile Model 5873,"64MP Camera, 5000mAh Battery, 5G",33,99940,4.2
5874,HP Mobile Model 5874,"50MP Camera, 5000mAh Battery, 5G",5,33777,3.0
5875,Samsung Mobile Model 5875,"50MP Camera, 5000mAh Battery, 5G",30,48216,3.1
5876,Dell Mobile Model 5876,"64MP Camera, 5000mAh Battery, 5G",18,21788,4.7
5877,Lenovo Laptop Model 5877,"i7, 32GB RAM, 1TB SSD",7,42997,4.2
5878,Apple Laptop Model 5878,"i7, 16GB RAM, 256GB SSD",17,59712,4.2
5879,Xiaomi Smartwatch Model 5879,"Heart Rate, AMOLED Display",5,31000,4.9
5880,Dell Mobile Model 5880,"64MP Camera, 6000mAh Battery, 5G",5,55384,3.7
5881,Lenovo Mobile Model 5881,"108MP Camera, 5000mAh Battery, 5G",28,100914,4.3
5882,Xiaomi Mobile Model 5882,"50MP Camera, 5000mAh Battery, 5G",31,9847,4.1
5883,Xiaomi Laptop Model 5883,"Ryzen 5, 8GB RAM, 512GB SSD",29,51721,3.5
5884,OnePlus Laptop Model 5884,"i7, 32GB RAM, 256GB SSD",15,148806,3.9
5885,Dell Laptop Model 5885,"i7, 32GB RAM, 1TB SSD",24,85762,3.7
5886,HP Smartwatch Model 5886,"GPS, AMOLED Display",11,42990,3.9
5887,Xiaomi Mobile Model 5887,"108MP Camera, 4000mAh Battery, 5G",28,132213,4.0
5888,OnePlus Mobile Model 5888,"64MP Camera, 6000mAh Battery, 5G",9,38612,3.5
5889,Apple Mobile Model 5889,"64MP Camera, 5000mAh Battery, 5G",21,29419,3.3
5890,Apple Mobile Model 5890,"64MP Camera, 6000mAh Battery, 5G",42,116954,3.6
5891,Samsung Mobile Model 5891,"64MP Camera, 5000mAh Battery, 5G",36,34400,4.4
5892,Samsung Smartwatch Model 5892,"SpO2, AMOLED Display",14,115415,3.5
5893,Samsung Mobile Model 5893,"108MP Camera, 5000mAh Battery, 5G",46,122247,4.4
5894,Acer Mobile Model 5894,"64MP Camera, 6000mAh Battery, 5G",8,62248,4.3
5895,Samsung Laptop Model 5895,"i7, 16GB RAM, 1TB SSD",49,109239,3.5
5896,Apple Smartwatch Model 5896,"GPS, AMOLED Display",7,143461,3.9
5897,Lenovo Smartwatch Model 5897,"GPS, LCD Display",50,54462,4.2
5898,Samsung Smartwatch Model 5898,"GPS, AMOLED Display",10,111822,4.2
5899,Xiaomi Smartwatch Model 5899,"SpO2, AMOLED Display",29,147105,3.4
5900,Samsung Mobile Model 5900,"108MP Camera, 4000mAh Battery, 5G",8,31514,3.8
5901,OnePlus Smartwatch Model 5901,"SpO2, AMOLED Display",23,6742,4.4
5902,Apple Laptop Model 5902,"i5, 8GB RAM, 256GB SSD",18,97733,4.2
5903,Samsung Laptop Model 5903,"Ryzen 7, 8GB RAM, 512GB SSD",27,101122,4.6
5904,Sony Laptop Model 5904,"Ryzen 7, 32GB RAM, 256GB SSD",34,35882,3.1
5905,Acer Laptop Model 5905,"Ryzen 7, 8GB RAM, 1TB SSD",17,75424,4.8
5906,Sony Smartwatch Model 5906,"Heart Rate, LCD Display",47,78777,3.3
5907,Dell Laptop Model 5907,"Ryzen 5, 8GB RAM, 1TB SSD",44,13349,3.2
5908,HP Mobile Model 5908,"64MP Camera, 6000mAh Battery, 5G",26,37625,4.4
5909,Asus Smartwatch Model 5909,"GPS, AMOLED Display",27,17330,3.8
5910,Asus Laptop Model 5910,"i5, 32GB RAM, 256GB SSD",8,61479,3.4
5911,Asus Mobile Model 5911,"50MP Camera, 4000mAh Battery, 5G",9,87604,3.4
5912,Samsung Mobile Model 5912,"64MP Camera, 5000mAh Battery, 5G",12,36075,3.1
5913,Acer Smartwatch Model 5913,"GPS, AMOLED Display",34,77399,4.0
5914,Acer Mobile Model 5914,"64MP Camera, 5000mAh Battery, 5G",48,21889,3.0
5915,Apple Mobile Model 5915,"50MP Camera, 6000mAh Battery, 5G",21,78330,4.2
5916,Acer Laptop Model 5916,"Ryzen 5, 32GB RAM, 512GB SSD",40,97638,3.3
5917,Xiaomi Smartwatch Model 5917,"Heart Rate, LCD Display",20,11008,4.6
5918,Lenovo Laptop Model 5918,"Ryzen 7, 32GB RAM, 256GB SSD",33,118770,4.0
5919,Sony Laptop Model 5919,"Ryzen 7, 8GB RAM, 256GB SSD",41,24190,4.8
5920,Xiaomi Mobile Model 5920,"50MP Camera, 4000mAh Battery, 5G",7,50975,3.2
5921,Dell Laptop Model 5921,"i5, 8GB RAM, 1TB SSD",15,147918,4.6
5922,Apple Mobile Model 5922,"64MP Camera, 6000mAh Battery, 5G",18,76364,3.3
5923,OnePlus Mobile Model 5923,"64MP Camera, 6000mAh Battery, 5G",14,144918,4.3
5924,Apple Laptop Model 5924,"Ryzen 5, 8GB RAM, 512GB SSD",46,86732,3.6
5925,Dell Laptop Model 5925,"Ryzen 7, 8GB RAM, 1TB SSD",37,22255,3.7
5926,Lenovo Laptop Model 5926,"Ryzen 7, 16GB RAM, 512GB SSD",47,102712,3.0
5927,Samsung Smartwatch Model 5927,"GPS, AMOLED Display",48,12741,4.3
5928,Asus Smartwatch Model 5928,"SpO2, AMOLED Display",25,112030,4.7
5929,Samsung Laptop Model 5929,"Ryzen 5, 32GB RAM, 1TB SSD",27,122214,4.6
5930,Apple Mobile Model 5930,"50MP Camera, 4000mAh Battery, 5G",26,81623,3.9
5931,Xiaomi Smartwatch Model 5931,"SpO2, AMOLED Display",45,71439,3.2
5932,Dell Smartwatch Model 5932,"GPS, LCD Display",31,37009,4.1
5933,Xiaomi Smartwatch Model 5933,"Heart Rate, LCD Display",33,128613,4.6
5934,Apple Mobile Model 5934,"108MP Camera, 5000mAh Battery, 5G",44,42155,4.4
5935,Apple Smartwatch Model 5935,"GPS, AMOLED Display",45,103048,3.1
5936,Asus Mobile Model 5936,"108MP Camera, 4000mAh Battery, 5G",30,132621,4.7
5937,Apple Laptop Model 5937,"Ryzen 5, 8GB RAM, 512GB SSD",45,130690,3.0
5938,Acer Smartwatch Model 5938,"Heart Rate, LCD Display",50,28283,3.1
5939,Apple Laptop Model 5939,"i7, 16GB RAM, 512GB SSD",24,72360,3.2
5940,Samsung Smartwatch Model 5940,"SpO2, LCD Display",18,127666,3.0
5941,Dell Smartwatch Model 5941,"GPS, LCD Display",48,41852,4.6
5942,Xiaomi Mobile Model 5942,"64MP Camera, 6000mAh Battery, 5G",33,13941,4.9
5943,Apple Smartwatch Model 5943,"Heart Rate, AMOLED Display",32,93196,3.4
5944,Sony Mobile Model 5944,"64MP Camera, 4000mAh Battery, 5G",13,135813,4.1
5945,Acer Smartwatch Model 5945,"SpO2, AMOLED Display",32,60116,4.0
5946,Apple Mobile Model 5946,"108MP Camera, 6000mAh Battery, 5G",32,55620,3.4
5947,Asus Laptop Model 5947,"i7, 16GB RAM, 1TB SSD",24,146156,4.8
5948,OnePlus Laptop Model 5948,"Ryzen 7, 16GB RAM, 1TB SSD",40,57057,3.2
5949,Dell Mobile Model 5949,"50MP Camera, 5000mAh Battery, 5G",16,39585,4.6
5950,Apple Laptop Model 5950,"i7, 32GB RAM, 512GB SSD",48,60819,4.7
5951,OnePlus Mobile Model 5951,"108MP Camera, 6000mAh Battery, 5G",7,49466,3.5
5952,OnePlus Mobile Model 5952,"64MP Camera, 6000mAh Battery, 5G",42,28769,4.1
5953,Lenovo Laptop Model 5953,"Ryzen 5, 8GB RAM, 1TB SSD",34,22104,4.1
5954,Dell Mobile Model 5954,"64MP Camera, 4000mAh Battery, 5G",31,22446,3.5
5955,Samsung Mobile Model 5955,"50MP Camera, 6000mAh Battery, 5G",38,123144,4.3
5956,HP Smartwatch Model 5956,"SpO2, LCD Display",21,128068,3.9
5957,Asus Mobile Model 5957,"64MP Camera, 5000mAh Battery, 5G",36,128625,4.3
5958,Acer Mobile Model 5958,"50MP Camera, 5000mAh Battery, 5G",45,71200,3.3
5959,Dell Smartwatch Model 5959,"GPS, AMOLED Display",39,65304,3.8
5960,Lenovo Mobile Model 5960,"64MP Camera, 6000mAh Battery, 5G",24,85466,3.8
5961,Samsung Smartwatch Model 5961,"SpO2, AMOLED Display",47,25299,4.2
5962,Xiaomi Smartwatch Model 5962,"GPS, LCD Display",39,115563,3.8
5963,Sony Smartwatch Model 5963,"Heart Rate, AMOLED Display",36,79332,4.2
5964,Acer Mobile Model 5964,"50MP Camera, 6000mAh Battery, 5G",45,137449,3.7
5965,Dell Laptop Model 5965,"i7, 16GB RAM, 512GB SSD",15,147514,4.9
5966,Sony Mobile Model 5966,"50MP Camera, 5000mAh Battery, 5G",5,139185,4.6
5967,Sony Laptop Model 5967,"Ryzen 5, 32GB RAM, 512GB SSD",29,79016,3.9
5968,OnePlus Mobile Model 5968,"64MP Camera, 6000mAh Battery, 5G",13,82047,4.7
5969,Apple Mobile Model 5969,"108MP Camera, 5000mAh Battery, 5G",9,38219,3.9
5970,Apple Mobile Model 5970,"108MP Camera, 6000mAh Battery, 5G",30,134242,4.8
5971,Apple Laptop Model 5971,"Ryzen 5, 32GB RAM, 256GB SSD",46,127760,4.1
5972,HP Mobile Model 5972,"50MP Camera, 5000mAh Battery, 5G",26,113111,3.3
5973,Lenovo Smartwatch Model 5973,"Heart Rate, AMOLED Display",16,53104,3.8
5974,Sony Smartwatch Model 5974,"SpO2, LCD Display",34,67882,3.9
5975,Samsung Mobile Model 5975,"64MP Camera, 4000mAh Battery, 5G",31,104734,3.2
5976,Sony Laptop Model 5976,"Ryzen 5, 16GB RAM, 512GB SSD",6,125386,3.4
5977,OnePlus Laptop Model 5977,"i5, 16GB RAM, 256GB SSD",37,25409,3.6
5978,Samsung Laptop Model 5978,"i7, 16GB RAM, 256GB SSD",43,31310,4.3
5979,Acer Laptop Model 5979,"Ryzen 5, 32GB RAM, 1TB SSD",7,73276,4.2
5980,Asus Laptop Model 5980,"i7, 8GB RAM, 1TB SSD",29,135118,3.7
5981,Acer Smartwatch Model 5981,"SpO2, AMOLED Display",26,36513,3.6
5982,Asus Laptop Model 5982,"Ryzen 7, 16GB RAM, 256GB SSD",46,34036,3.1
5983,Dell Smartwatch Model 5983,"Heart Rate, LCD Display",42,12181,3.6
5984,Sony Laptop Model 5984,"Ryzen 7, 8GB RAM, 512GB SSD",24,131589,4.5
5985,OnePlus Laptop Model 5985,"Ryzen 5, 16GB RAM, 256GB SSD",34,72170,3.3
5986,Dell Mobile Model 5986,"50MP Camera, 4000mAh Battery, 5G",36,84152,4.7
5987,Dell Mobile Model 5987,"50MP Camera, 5000mAh Battery, 5G",41,135241,5.0
5988,Sony Mobile Model 5988,"108MP Camera, 4000mAh Battery, 5G",49,61493,3.3
5989,Acer Smartwatch Model 5989,"Heart Rate, LCD Display",24,129450,4.9
5990,OnePlus Laptop Model 5990,"i7, 8GB RAM, 1TB SSD",46,60882,3.8
5991,HP Mobile Model 5991,"108MP Camera, 6000mAh Battery, 5G",11,9775,4.3
5992,Acer Smartwatch Model 5992,"SpO2, AMOLED Display",14,83981,3.3
5993,Sony Smartwatch Model 5993,"SpO2, LCD Display",11,101930,4.4
5994,Samsung Mobile Model 5994,"64MP Camera, 4000mAh Battery, 5G",35,137190,3.4
5995,Acer Mobile Model 5995,"108MP Camera, 5000mAh Battery, 5G",43,46378,4.2
5996,Sony Laptop Model 5996,"Ryzen 7, 32GB RAM, 512GB SSD",50,147837,4.1
5997,OnePlus Laptop Model 5997,"Ryzen 7, 32GB RAM, 256GB SSD",44,10899,3.9
5998,Samsung Smartwatch Model 5998,"Heart Rate, AMOLED Display",46,31017,4.2
5999,OnePlus Laptop Model 5999,"i5, 32GB RAM, 512GB SSD",26,59945,4.9
6000,Apple Mobile Model 6000,"50MP Camera, 6000mAh Battery, 5G",34,132456,4.1
6001,Sony Laptop Model 6001,"i7, 16GB RAM, 256GB SSD",19,115748,3.1
6002,Acer Laptop Model 6002,"i7, 8GB RAM, 1TB SSD",22,144493,4.2
6003,Xiaomi Laptop Model 6003,"Ryzen 7, 8GB RAM, 256GB SSD",28,94201,3.3
6004,Samsung Smartwatch Model 6004,"GPS, AMOLED Display",34,12457,4.2
6005,OnePlus Mobile Model 6005,"50MP Camera, 6000mAh Battery, 5G",19,129648,3.7
6006,Dell Laptop Model 6006,"i5, 16GB RAM, 512GB SSD",14,95611,4.8
6007,HP Smartwatch Model 6007,"GPS, LCD Display",19,107509,4.7
6008,Dell Mobile Model 6008,"64MP Camera, 5000mAh Battery, 5G",6,8449,4.5
6009,Xiaomi Smartwatch Model 6009,"SpO2, AMOLED Display",46,67761,3.7
6010,Apple Mobile Model 6010,"50MP Camera, 6000mAh Battery, 5G",49,27863,3.8
6011,Xiaomi Mobile Model 6011,"108MP Camera, 6000mAh Battery, 5G",18,14722,3.7
6012,Sony Mobile Model 6012,"50MP Camera, 5000mAh Battery, 5G",49,65339,3.5
6013,HP Smartwatch Model 6013,"GPS, AMOLED Display",17,40728,4.0
6014,Lenovo Laptop Model 6014,"Ryzen 7, 8GB RAM, 512GB SSD",21,46991,3.0
6015,HP Mobile Model 6015,"108MP Camera, 5000mAh Battery, 5G",20,73009,4.3
6016,Apple Laptop Model 6016,"i7, 8GB RAM, 256GB SSD",32,58414,5.0
6017,Dell Smartwatch Model 6017,"Heart Rate, AMOLED Display",17,130304,3.6
6018,Lenovo Mobile Model 6018,"64MP Camera, 4000mAh Battery, 5G",41,31002,3.4
6019,OnePlus Smartwatch Model 6019,"GPS, LCD Display",15,148299,4.4
6020,Lenovo Laptop Model 6020,"i7, 16GB RAM, 1TB SSD",37,118902,3.1
6021,Dell Laptop Model 6021,"Ryzen 7, 32GB RAM, 1TB SSD",41,69657,3.2
6022,Xiaomi Mobile Model 6022,"50MP Camera, 5000mAh Battery, 5G",37,69683,3.1
6023,Lenovo Laptop Model 6023,"i5, 16GB RAM, 1TB SSD",16,36986,3.7
6024,OnePlus Mobile Model 6024,"50MP Camera, 5000mAh Battery, 5G",25,54152,4.0
6025,Lenovo Laptop Model 6025,"i7, 8GB RAM, 256GB SSD",20,65491,4.1
6026,Samsung Laptop Model 6026,"i7, 16GB RAM, 512GB SSD",45,33616,4.6
6027,OnePlus Smartwatch Model 6027,"Heart Rate, AMOLED Display",10,9018,4.5
6028,OnePlus Mobile Model 6028,"50MP Camera, 6000mAh Battery, 5G",11,103631,3.6
6029,Asus Laptop Model 6029,"i7, 16GB RAM, 512GB SSD",23,125461,4.5
6030,Asus Smartwatch Model 6030,"GPS, LCD Display",38,111656,3.5
6031,OnePlus Laptop Model 6031,"Ryzen 5, 8GB RAM, 512GB SSD",35,86346,4.4
6032,Xiaomi Mobile Model 6032,"64MP Camera, 5000mAh Battery, 5G",14,35004,4.2
6033,Sony Laptop Model 6033,"Ryzen 7, 8GB RAM, 1TB SSD",28,37264,3.2
6034,Sony Mobile Model 6034,"64MP Camera, 4000mAh Battery, 5G",38,117983,4.0
6035,Sony Mobile Model 6035,"108MP Camera, 5000mAh Battery, 5G",41,145550,4.4
6036,OnePlus Smartwatch Model 6036,"GPS, LCD Display",19,134372,4.1
6037,Lenovo Mobile Model 6037,"64MP Camera, 4000mAh Battery, 5G",13,115962,3.5
6038,Xiaomi Laptop Model 6038,"Ryzen 5, 8GB RAM, 256GB SSD",8,111180,3.7
6039,Asus Smartwatch Model 6039,"GPS, AMOLED Display",36,122001,3.5
6040,OnePlus Laptop Model 6040,"i7, 8GB RAM, 256GB SSD",27,107519,4.2
6041,Acer Laptop Model 6041,"Ryzen 5, 16GB RAM, 256GB SSD",47,139003,4.0
6042,Lenovo Mobile Model 6042,"108MP Camera, 4000mAh Battery, 5G",20,57783,3.1
6043,Samsung Laptop Model 6043,"i7, 32GB RAM, 256GB SSD",24,135927,5.0
6044,OnePlus Smartwatch Model 6044,"GPS, AMOLED Display",21,115732,3.5
6045,Acer Laptop Model 6045,"Ryzen 5, 16GB RAM, 512GB SSD",34,113534,4.6
6046,Acer Mobile Model 6046,"64MP Camera, 4000mAh Battery, 5G",31,108159,3.3
6047,Samsung Mobile Model 6047,"50MP Camera, 5000mAh Battery, 5G",14,12042,4.6
6048,Sony Mobile Model 6048,"50MP Camera, 4000mAh Battery, 5G",24,65013,4.1
6049,Apple Laptop Model 6049,"i7, 8GB RAM, 256GB SSD",19,82424,4.5
6050,Apple Laptop Model 6050,"Ryzen 7, 8GB RAM, 512GB SSD",47,59088,4.0
6051,Asus Laptop Model 6051,"i7, 8GB RAM, 1TB SSD",18,6034,4.0
6052,HP Mobile Model 6052,"50MP Camera, 6000mAh Battery, 5G",7,23572,3.3
6053,Dell Laptop Model 6053,"Ryzen 5, 32GB RAM, 1TB SSD",29,104597,3.8
6054,Acer Smartwatch Model 6054,"Heart Rate, AMOLED Display",48,44610,4.4
6055,Xiaomi Laptop Model 6055,"Ryzen 7, 16GB RAM, 1TB SSD",29,87645,3.0
6056,Lenovo Mobile Model 6056,"64MP Camera, 5000mAh Battery, 5G",32,141696,4.3
6057,Asus Mobile Model 6057,"108MP Camera, 4000mAh Battery, 5G",22,67180,4.5
6058,Asus Mobile Model 6058,"50MP Camera, 4000mAh Battery, 5G",36,119673,3.3
6059,Acer Laptop Model 6059,"Ryzen 5, 16GB RAM, 512GB SSD",7,87507,4.1
6060,HP Smartwatch Model 6060,"GPS, LCD Display",23,87555,3.5
6061,Asus Mobile Model 6061,"108MP Camera, 6000mAh Battery, 5G",32,22560,3.1
6062,Dell Laptop Model 6062,"i7, 8GB RAM, 256GB SSD",39,23734,4.3
6063,Acer Laptop Model 6063,"i7, 8GB RAM, 1TB SSD",11,69952,4.7
6064,Dell Laptop Model 6064,"i5, 32GB RAM, 512GB SSD",23,108268,3.6
6065,Dell Mobile Model 6065,"108MP Camera, 5000mAh Battery, 5G",28,10558,3.5
6066,Sony Mobile Model 6066,"50MP Camera, 4000mAh Battery, 5G",7,41049,3.6
6067,Dell Smartwatch Model 6067,"Heart Rate, LCD Display",23,123760,4.5
6068,OnePlus Mobile Model 6068,"108MP Camera, 4000mAh Battery, 5G",20,143689,4.1
6069,Acer Laptop Model 6069,"i7, 32GB RAM, 1TB SSD",30,130740,3.8
6070,Lenovo Mobile Model 6070,"50MP Camera, 5000mAh Battery, 5G",44,22880,4.9
6071,Xiaomi Laptop Model 6071,"Ryzen 5, 32GB RAM, 256GB SSD",36,49167,3.4
6072,Xiaomi Mobile Model 6072,"108MP Camera, 4000mAh Battery, 5G",5,103062,4.8
6073,Samsung Smartwatch Model 6073,"Heart Rate, AMOLED Display",30,39959,4.1
6074,Dell Laptop Model 6074,"Ryzen 5, 8GB RAM, 256GB SSD",38,24868,4.9
6075,OnePlus Smartwatch Model 6075,"Heart Rate, AMOLED Display",6,64507,3.5
6076,OnePlus Laptop Model 6076,"i7, 32GB RAM, 512GB SSD",15,38226,4.3
6077,Lenovo Mobile Model 6077,"64MP Camera, 4000mAh Battery, 5G",42,23764,3.1
6078,Xiaomi Mobile Model 6078,"64MP Camera, 6000mAh Battery, 5G",38,103662,4.3
6079,Acer Smartwatch Model 6079,"GPS, LCD Display",6,15726,3.5
6080,Dell Smartwatch Model 6080,"Heart Rate, AMOLED Display",17,59631,4.0
6081,Lenovo Laptop Model 6081,"Ryzen 5, 32GB RAM, 512GB SSD",18,103306,4.0
6082,Samsung Smartwatch Model 6082,"Heart Rate, AMOLED Display",5,146130,3.5
6083,Xiaomi Smartwatch Model 6083,"GPS, LCD Display",48,20887,4.5
6084,Acer Mobile Model 6084,"64MP Camera, 6000mAh Battery, 5G",22,51280,3.6
6085,Dell Laptop Model 6085,"Ryzen 7, 8GB RAM, 256GB SSD",41,37203,4.3
6086,Asus Mobile Model 6086,"108MP Camera, 6000mAh Battery, 5G",49,91141,4.9
6087,Xiaomi Smartwatch Model 6087,"Heart Rate, LCD Display",49,75153,4.3
6088,Lenovo Laptop Model 6088,"Ryzen 5, 32GB RAM, 1TB SSD",18,33295,4.9
6089,Acer Laptop Model 6089,"i5, 16GB RAM, 1TB SSD",16,19704,3.9
6090,Dell Laptop Model 6090,"i7, 32GB RAM, 256GB SSD",21,69095,4.6
6091,HP Mobile Model 6091,"50MP Camera, 6000mAh Battery, 5G",9,141170,3.9
6092,HP Smartwatch Model 6092,"GPS, AMOLED Display",34,143501,3.9
6093,OnePlus Smartwatch Model 6093,"Heart Rate, AMOLED Display",23,148973,4.0
6094,Sony Smartwatch Model 6094,"GPS, AMOLED Display",5,81385,3.7
6095,Sony Laptop Model 6095,"Ryzen 7, 8GB RAM, 256GB SSD",32,34895,3.7
6096,OnePlus Laptop Model 6096,"i5, 8GB RAM, 1TB SSD",35,127992,4.3
6097,Dell Smartwatch Model 6097,"GPS, LCD Display",28,16759,3.2
6098,Sony Mobile Model 6098,"108MP Camera, 4000mAh Battery, 5G",27,18284,4.1
6099,Samsung Mobile Model 6099,"50MP Camera, 5000mAh Battery, 5G",41,77735,3.3
6100,Sony Mobile Model 6100,"50MP Camera, 6000mAh Battery, 5G",6,105170,4.6
6101,Lenovo Smartwatch Model 6101,"GPS, LCD Display",13,46559,4.9
6102,Xiaomi Mobile Model 6102,"50MP Camera, 6000mAh Battery, 5G",24,79148,4.6
6103,Lenovo Mobile Model 6103,"50MP Camera, 4000mAh Battery, 5G",48,72524,4.6
6104,OnePlus Mobile Model 6104,"50MP Camera, 5000mAh Battery, 5G",8,128426,4.4
6105,Acer Laptop Model 6105,"Ryzen 5, 32GB RAM, 256GB SSD",22,135251,3.4
6106,Dell Smartwatch Model 6106,"SpO2, AMOLED Display",46,123986,3.2
6107,Sony Mobile Model 6107,"108MP Camera, 4000mAh Battery, 5G",50,87869,3.9
6108,Apple Smartwatch Model 6108,"GPS, AMOLED Display",50,112616,4.5
6109,Xiaomi Laptop Model 6109,"Ryzen 7, 32GB RAM, 1TB SSD",48,78859,3.3
6110,Apple Mobile Model 6110,"64MP Camera, 4000mAh Battery, 5G",12,116168,4.6
6111,Xiaomi Laptop Model 6111,"Ryzen 5, 16GB RAM, 512GB SSD",49,13127,4.4
6112,Apple Mobile Model 6112,"64MP Camera, 4000mAh Battery, 5G",16,21427,3.0
6113,HP Laptop Model 6113,"i5, 32GB RAM, 256GB SSD",12,11538,4.3
6114,OnePlus Laptop Model 6114,"Ryzen 5, 32GB RAM, 256GB SSD",46,51953,4.1
6115,OnePlus Laptop Model 6115,"Ryzen 7, 8GB RAM, 512GB SSD",39,114151,4.3
6116,HP Laptop Model 6116,"i7, 16GB RAM, 512GB SSD",7,126431,4.3
6117,Sony Laptop Model 6117,"Ryzen 7, 8GB RAM, 512GB SSD",21,20060,3.6
6118,Asus Laptop Model 6118,"i7, 32GB RAM, 256GB SSD",19,80940,4.5
6119,Dell Smartwatch Model 6119,"SpO2, AMOLED Display",8,92598,4.4
6120,Samsung Mobile Model 6120,"108MP Camera, 5000mAh Battery, 5G",20,104703,3.7
6121,Dell Smartwatch Model 6121,"Heart Rate, LCD Display",18,149366,4.2
6122,Sony Mobile Model 6122,"108MP Camera, 5000mAh Battery, 5G",39,106366,4.4
6123,Lenovo Mobile Model 6123,"108MP Camera, 5000mAh Battery, 5G",31,143389,3.3
6124,HP Mobile Model 6124,"64MP Camera, 4000mAh Battery, 5G",48,7875,4.6
6125,Sony Mobile Model 6125,"50MP Camera, 6000mAh Battery, 5G",30,9072,4.1
6126,Acer Mobile Model 6126,"50MP Camera, 6000mAh Battery, 5G",28,148691,4.8
6127,Asus Smartwatch Model 6127,"SpO2, LCD Display",23,97437,3.3
6128,Xiaomi Smartwatch Model 6128,"SpO2, AMOLED Display",47,87591,4.3
6129,Dell Mobile Model 6129,"108MP Camera, 4000mAh Battery, 5G",9,130857,3.2
6130,HP Smartwatch Model 6130,"GPS, LCD Display",14,77708,4.3
6131,Sony Smartwatch Model 6131,"Heart Rate, AMOLED Display",49,79602,4.5
6132,Apple Laptop Model 6132,"Ryzen 5, 8GB RAM, 256GB SSD",8,21005,3.3
6133,Sony Smartwatch Model 6133,"Heart Rate, LCD Display",32,115557,4.9
6134,Xiaomi Mobile Model 6134,"64MP Camera, 4000mAh Battery, 5G",12,17684,3.0
6135,Lenovo Laptop Model 6135,"i5, 16GB RAM, 256GB SSD",38,74017,3.9
6136,Apple Laptop Model 6136,"Ryzen 5, 16GB RAM, 512GB SSD",9,110802,4.1
6137,Acer Laptop Model 6137,"i5, 8GB RAM, 1TB SSD",24,100712,3.1
6138,Samsung Laptop Model 6138,"i7, 32GB RAM, 1TB SSD",30,47486,4.2
6139,HP Mobile Model 6139,"64MP Camera, 6000mAh Battery, 5G",27,111459,4.7
6140,HP Mobile Model 6140,"50MP Camera, 4000mAh Battery, 5G",43,130813,3.8
6141,Lenovo Laptop Model 6141,"i7, 32GB RAM, 1TB SSD",32,63353,4.9
6142,HP Laptop Model 6142,"i7, 16GB RAM, 512GB SSD",22,60443,3.9
6143,Sony Laptop Model 6143,"Ryzen 7, 16GB RAM, 1TB SSD",41,32610,3.3
6144,Dell Laptop Model 6144,"i7, 8GB RAM, 1TB SSD",20,17108,4.6
6145,Xiaomi Smartwatch Model 6145,"Heart Rate, LCD Display",16,148647,3.6
6146,Lenovo Laptop Model 6146,"i5, 8GB RAM, 1TB SSD",40,127268,4.6
6147,Lenovo Mobile Model 6147,"108MP Camera, 5000mAh Battery, 5G",7,59995,3.8
6148,Sony Mobile Model 6148,"64MP Camera, 4000mAh Battery, 5G",37,99639,3.1
6149,Lenovo Mobile Model 6149,"50MP Camera, 6000mAh Battery, 5G",17,120900,3.5
6150,Apple Smartwatch Model 6150,"SpO2, AMOLED Display",15,30371,4.1
6151,Lenovo Smartwatch Model 6151,"GPS, AMOLED Display",42,31305,3.1
6152,Apple Mobile Model 6152,"108MP Camera, 5000mAh Battery, 5G",19,91046,4.6
6153,Sony Laptop Model 6153,"i5, 8GB RAM, 1TB SSD",20,24793,4.9
6154,Lenovo Smartwatch Model 6154,"SpO2, LCD Display",49,123093,3.8
6155,Xiaomi Smartwatch Model 6155,"Heart Rate, AMOLED Display",21,35144,4.9
6156,OnePlus Smartwatch Model 6156,"GPS, AMOLED Display",24,9339,4.9
6157,Sony Smartwatch Model 6157,"SpO2, LCD Display",46,8724,4.0
6158,Asus Smartwatch Model 6158,"SpO2, AMOLED Display",37,51289,3.9
6159,Acer Smartwatch Model 6159,"GPS, LCD Display",38,42860,3.2
6160,HP Laptop Model 6160,"i7, 16GB RAM, 512GB SSD",26,59577,4.5
6161,Lenovo Smartwatch Model 6161,"SpO2, LCD Display",15,141414,3.6
6162,Apple Smartwatch Model 6162,"SpO2, LCD Display",29,116205,4.4
6163,Sony Mobile Model 6163,"64MP Camera, 5000mAh Battery, 5G",50,140204,3.5
6164,Xiaomi Laptop Model 6164,"Ryzen 5, 32GB RAM, 256GB SSD",23,8842,3.8
6165,Asus Laptop Model 6165,"Ryzen 7, 32GB RAM, 1TB SSD",16,66043,4.8
6166,Lenovo Smartwatch Model 6166,"GPS, LCD Display",9,17028,4.1
6167,Sony Laptop Model 6167,"Ryzen 5, 32GB RAM, 512GB SSD",41,122839,4.3
6168,Xiaomi Smartwatch Model 6168,"Heart Rate, LCD Display",26,82983,3.3
6169,Samsung Laptop Model 6169,"Ryzen 5, 8GB RAM, 256GB SSD",26,58151,3.2
6170,Xiaomi Smartwatch Model 6170,"GPS, AMOLED Display",32,11481,4.0
6171,Dell Laptop Model 6171,"i7, 16GB RAM, 1TB SSD",44,29413,3.6
6172,OnePlus Mobile Model 6172,"108MP Camera, 6000mAh Battery, 5G",40,7186,3.5
6173,Dell Mobile Model 6173,"50MP Camera, 6000mAh Battery, 5G",45,85664,4.6
6174,Dell Smartwatch Model 6174,"SpO2, LCD Display",25,43977,4.1
6175,Xiaomi Laptop Model 6175,"Ryzen 5, 32GB RAM, 1TB SSD",37,59059,3.9
6176,HP Laptop Model 6176,"Ryzen 5, 16GB RAM, 512GB SSD",25,112311,3.4
6177,Samsung Smartwatch Model 6177,"SpO2, LCD Display",41,138949,4.1
6178,Sony Laptop Model 6178,"i7, 8GB RAM, 1TB SSD",43,136065,3.4
6179,Apple Mobile Model 6179,"108MP Camera, 4000mAh Battery, 5G",12,142473,3.3
6180,Acer Mobile Model 6180,"108MP Camera, 6000mAh Battery, 5G",19,108803,4.7
6181,Apple Mobile Model 6181,"64MP Camera, 4000mAh Battery, 5G",48,97027,3.3
6182,Lenovo Smartwatch Model 6182,"GPS, LCD Display",49,135625,4.2
6183,Dell Laptop Model 6183,"Ryzen 7, 8GB RAM, 512GB SSD",19,48673,4.8
6184,Sony Mobile Model 6184,"64MP Camera, 5000mAh Battery, 5G",48,55811,4.4
6185,Xiaomi Mobile Model 6185,"64MP Camera, 5000mAh Battery, 5G",5,14478,5.0
6186,OnePlus Mobile Model 6186,"108MP Camera, 4000mAh Battery, 5G",48,54119,4.3
6187,Samsung Smartwatch Model 6187,"Heart Rate, AMOLED Display",15,148334,4.8
6188,Lenovo Mobile Model 6188,"108MP Camera, 5000mAh Battery, 5G",11,110984,4.4
6189,Apple Mobile Model 6189,"64MP Camera, 6000mAh Battery, 5G",17,76360,3.0
6190,Asus Smartwatch Model 6190,"Heart Rate, AMOLED Display",44,40664,4.2
6191,Apple Smartwatch Model 6191,"Heart Rate, LCD Display",42,86904,3.2
6192,Apple Laptop Model 6192,"Ryzen 7, 8GB RAM, 1TB SSD",34,126732,3.4
6193,OnePlus Laptop Model 6193,"i7, 8GB RAM, 256GB SSD",14,25066,3.5
6194,Samsung Smartwatch Model 6194,"Heart Rate, LCD Display",26,83303,4.2
6195,Acer Laptop Model 6195,"Ryzen 5, 16GB RAM, 256GB SSD",23,118358,3.0
6196,Samsung Mobile Model 6196,"108MP Camera, 6000mAh Battery, 5G",35,17243,3.6
6197,Acer Smartwatch Model 6197,"GPS, LCD Display",40,90608,4.6
6198,Asus Mobile Model 6198,"108MP Camera, 5000mAh Battery, 5G",16,16657,4.5
6199,OnePlus Laptop Model 6199,"Ryzen 7, 16GB RAM, 512GB SSD",49,65066,3.1
6200,OnePlus Smartwatch Model 6200,"Heart Rate, AMOLED Display",43,145673,3.4
6201,Apple Smartwatch Model 6201,"SpO2, AMOLED Display",49,5861,3.8
6202,Lenovo Mobile Model 6202,"50MP Camera, 4000mAh Battery, 5G",47,54858,4.8
6203,Xiaomi Mobile Model 6203,"50MP Camera, 4000mAh Battery, 5G",43,136967,3.8
6204,HP Mobile Model 6204,"108MP Camera, 6000mAh Battery, 5G",30,86181,3.1
6205,Dell Smartwatch Model 6205,"Heart Rate, AMOLED Display",17,120862,4.1
6206,HP Laptop Model 6206,"Ryzen 5, 16GB RAM, 256GB SSD",7,33414,3.1
6207,Apple Mobile Model 6207,"50MP Camera, 5000mAh Battery, 5G",42,30322,4.6
6208,Xiaomi Mobile Model 6208,"64MP Camera, 6000mAh Battery, 5G",27,129188,3.1
6209,HP Laptop Model 6209,"Ryzen 7, 8GB RAM, 1TB SSD",20,84699,4.3
6210,Sony Mobile Model 6210,"64MP Camera, 4000mAh Battery, 5G",49,89146,3.5
6211,OnePlus Smartwatch Model 6211,"Heart Rate, LCD Display",45,65343,4.6
6212,OnePlus Laptop Model 6212,"i5, 32GB RAM, 256GB SSD",12,127074,3.6
6213,Acer Smartwatch Model 6213,"SpO2, AMOLED Display",24,96776,4.2
6214,Samsung Laptop Model 6214,"i5, 32GB RAM, 512GB SSD",23,145266,3.5
6215,HP Laptop Model 6215,"Ryzen 7, 16GB RAM, 512GB SSD",5,49723,5.0
6216,Xiaomi Laptop Model 6216,"Ryzen 5, 8GB RAM, 256GB SSD",29,45331,3.3
6217,Dell Smartwatch Model 6217,"SpO2, AMOLED Display",35,58298,4.1
6218,Lenovo Laptop Model 6218,"Ryzen 7, 16GB RAM, 1TB SSD",14,113498,3.4
6219,Dell Laptop Model 6219,"Ryzen 7, 32GB RAM, 1TB SSD",41,81718,3.4
6220,Lenovo Smartwatch Model 6220,"GPS, LCD Display",32,96445,4.8
6221,Asus Laptop Model 6221,"i7, 8GB RAM, 1TB SSD",41,95899,4.6
6222,Acer Mobile Model 6222,"64MP Camera, 4000mAh Battery, 5G",20,70454,5.0
6223,Xiaomi Mobile Model 6223,"50MP Camera, 5000mAh Battery, 5G",20,45931,4.8
6224,Lenovo Mobile Model 6224,"50MP Camera, 4000mAh Battery, 5G",46,97660,4.2
6225,OnePlus Mobile Model 6225,"50MP Camera, 4000mAh Battery, 5G",49,121116,4.3
6226,Apple Smartwatch Model 6226,"GPS, AMOLED Display",21,12416,4.8
6227,OnePlus Mobile Model 6227,"64MP Camera, 4000mAh Battery, 5G",22,88620,3.2
6228,Apple Smartwatch Model 6228,"GPS, AMOLED Display",31,19993,4.1
6229,Sony Laptop Model 6229,"i7, 32GB RAM, 512GB SSD",15,14237,3.8
6230,Acer Mobile Model 6230,"64MP Camera, 5000mAh Battery, 5G",38,27371,4.0
6231,Xiaomi Mobile Model 6231,"108MP Camera, 5000mAh Battery, 5G",50,81026,3.8
6232,Dell Laptop Model 6232,"Ryzen 5, 32GB RAM, 1TB SSD",8,17045,4.5
6233,Asus Laptop Model 6233,"i7, 16GB RAM, 512GB SSD",22,46711,4.1
6234,Dell Mobile Model 6234,"50MP Camera, 5000mAh Battery, 5G",6,47440,4.9
6235,HP Smartwatch Model 6235,"GPS, LCD Display",14,10468,3.5
6236,Xiaomi Smartwatch Model 6236,"SpO2, LCD Display",31,138085,3.8
6237,HP Smartwatch Model 6237,"GPS, LCD Display",5,58967,4.4
6238,Sony Mobile Model 6238,"108MP Camera, 6000mAh Battery, 5G",43,39133,4.0
6239,Samsung Mobile Model 6239,"64MP Camera, 5000mAh Battery, 5G",23,138717,3.5
6240,HP Laptop Model 6240,"i7, 32GB RAM, 1TB SSD",36,65071,4.2
6241,Acer Mobile Model 6241,"108MP Camera, 6000mAh Battery, 5G",36,21539,3.8
6242,Lenovo Mobile Model 6242,"50MP Camera, 6000mAh Battery, 5G",38,108876,4.3
6243,Asus Smartwatch Model 6243,"Heart Rate, LCD Display",50,88103,4.7
6244,HP Mobile Model 6244,"50MP Camera, 6000mAh Battery, 5G",9,112421,4.1
6245,Sony Laptop Model 6245,"Ryzen 5, 32GB RAM, 512GB SSD",26,117183,3.7
6246,Lenovo Mobile Model 6246,"50MP Camera, 5000mAh Battery, 5G",14,89617,4.6
6247,Sony Mobile Model 6247,"64MP Camera, 4000mAh Battery, 5G",7,29659,4.3
6248,Sony Laptop Model 6248,"i7, 16GB RAM, 512GB SSD",31,63491,4.3
6249,Dell Mobile Model 6249,"64MP Camera, 5000mAh Battery, 5G",8,136385,4.1
6250,Samsung Laptop Model 6250,"i5, 8GB RAM, 512GB SSD",15,146295,3.7
6251,Lenovo Mobile Model 6251,"50MP Camera, 6000mAh Battery, 5G",30,37472,4.7
6252,Samsung Mobile Model 6252,"50MP Camera, 6000mAh Battery, 5G",30,21370,3.8
6253,Lenovo Smartwatch Model 6253,"SpO2, LCD Display",15,64921,3.2
6254,Asus Smartwatch Model 6254,"SpO2, LCD Display",40,80715,4.3
6255,Sony Smartwatch Model 6255,"SpO2, AMOLED Display",17,31158,4.0
6256,Samsung Smartwatch Model 6256,"SpO2, AMOLED Display",43,143018,4.4
6257,Sony Smartwatch Model 6257,"SpO2, LCD Display",46,115140,3.1
6258,OnePlus Mobile Model 6258,"50MP Camera, 4000mAh Battery, 5G",46,88893,3.6
6259,Dell Mobile Model 6259,"108MP Camera, 5000mAh Battery, 5G",20,106442,4.5
6260,Samsung Smartwatch Model 6260,"Heart Rate, LCD Display",5,116108,3.4
6261,Dell Smartwatch Model 6261,"SpO2, AMOLED Display",23,85593,3.0
6262,Xiaomi Mobile Model 6262,"108MP Camera, 6000mAh Battery, 5G",27,33310,3.5
6263,Dell Smartwatch Model 6263,"Heart Rate, LCD Display",40,71777,3.6
6264,Samsung Laptop Model 6264,"Ryzen 7, 32GB RAM, 512GB SSD",12,6478,3.0
6265,Lenovo Laptop Model 6265,"i7, 8GB RAM, 1TB SSD",6,109097,3.6
6266,Dell Laptop Model 6266,"i7, 32GB RAM, 1TB SSD",19,32008,4.0
6267,Acer Mobile Model 6267,"50MP Camera, 5000mAh Battery, 5G",12,143681,4.2
6268,Sony Laptop Model 6268,"Ryzen 5, 16GB RAM, 1TB SSD",11,149721,4.7
6269,Acer Laptop Model 6269,"i5, 32GB RAM, 512GB SSD",30,125423,3.0
6270,Apple Laptop Model 6270,"Ryzen 5, 16GB RAM, 512GB SSD",22,42076,3.6
6271,Dell Mobile Model 6271,"64MP Camera, 5000mAh Battery, 5G",30,98489,4.4
6272,Dell Smartwatch Model 6272,"SpO2, LCD Display",37,108827,4.8
6273,OnePlus Laptop Model 6273,"Ryzen 7, 8GB RAM, 512GB SSD",8,133963,4.5
6274,Asus Mobile Model 6274,"108MP Camera, 6000mAh Battery, 5G",46,130870,3.0
6275,Xiaomi Mobile Model 6275,"108MP Camera, 6000mAh Battery, 5G",38,38865,4.3
6276,Acer Laptop Model 6276,"i5, 8GB RAM, 256GB SSD",38,140114,4.9
6277,OnePlus Laptop Model 6277,"i7, 8GB RAM, 256GB SSD",32,60690,4.8
6278,Lenovo Laptop Model 6278,"Ryzen 5, 16GB RAM, 512GB SSD",15,62221,3.9
6279,Xiaomi Laptop Model 6279,"i7, 16GB RAM, 256GB SSD",38,49099,3.6
6280,Samsung Mobile Model 6280,"50MP Camera, 5000mAh Battery, 5G",32,78355,3.7
6281,Lenovo Laptop Model 6281,"Ryzen 7, 8GB RAM, 1TB SSD",12,106802,4.8
6282,Samsung Mobile Model 6282,"108MP Camera, 4000mAh Battery, 5G",49,85249,5.0
6283,HP Smartwatch Model 6283,"GPS, AMOLED Display",36,106922,4.6
6284,HP Smartwatch Model 6284,"GPS, AMOLED Display",17,113259,4.0
6285,Samsung Mobile Model 6285,"64MP Camera, 4000mAh Battery, 5G",23,20754,4.6
6286,Sony Mobile Model 6286,"50MP Camera, 4000mAh Battery, 5G",9,20106,3.1
6287,Asus Smartwatch Model 6287,"GPS, AMOLED Display",33,55102,4.4
6288,Lenovo Mobile Model 6288,"64MP Camera, 4000mAh Battery, 5G",30,139438,3.1
6289,Asus Laptop Model 6289,"Ryzen 7, 8GB RAM, 512GB SSD",48,79731,3.2
6290,Dell Mobile Model 6290,"108MP Camera, 5000mAh Battery, 5G",43,112136,4.5
6291,Xiaomi Smartwatch Model 6291,"GPS, AMOLED Display",12,85606,3.2
6292,Apple Smartwatch Model 6292,"Heart Rate, AMOLED Display",37,107526,4.8
6293,OnePlus Laptop Model 6293,"i5, 16GB RAM, 512GB SSD",30,47874,3.1
6294,Samsung Laptop Model 6294,"i5, 32GB RAM, 256GB SSD",37,83131,4.7
6295,OnePlus Laptop Model 6295,"i5, 8GB RAM, 512GB SSD",25,30265,3.2
6296,Asus Mobile Model 6296,"50MP Camera, 4000mAh Battery, 5G",7,53265,3.8
6297,Asus Smartwatch Model 6297,"Heart Rate, AMOLED Display",36,9571,4.3
6298,Xiaomi Laptop Model 6298,"i5, 8GB RAM, 512GB SSD",47,61530,3.4
6299,Samsung Smartwatch Model 6299,"GPS, AMOLED Display",24,17676,4.0
6300,Asus Laptop Model 6300,"Ryzen 7, 16GB RAM, 512GB SSD",12,53181,4.4
6301,Acer Laptop Model 6301,"i7, 8GB RAM, 1TB SSD",28,80999,4.6
6302,Xiaomi Smartwatch Model 6302,"GPS, AMOLED Display",13,138508,4.3
6303,Asus Smartwatch Model 6303,"SpO2, LCD Display",18,54089,3.4
6304,Apple Laptop Model 6304,"i5, 32GB RAM, 256GB SSD",19,40736,4.2
6305,Apple Mobile Model 6305,"50MP Camera, 4000mAh Battery, 5G",48,25893,4.6
6306,Acer Mobile Model 6306,"64MP Camera, 4000mAh Battery, 5G",30,74643,3.5
6307,Xiaomi Laptop Model 6307,"Ryzen 5, 8GB RAM, 512GB SSD",11,67098,3.3
6308,Xiaomi Smartwatch Model 6308,"GPS, LCD Display",15,35823,4.8
6309,Lenovo Smartwatch Model 6309,"GPS, LCD Display",12,104623,4.0
6310,Apple Laptop Model 6310,"i7, 32GB RAM, 256GB SSD",37,74851,4.6
6311,OnePlus Smartwatch Model 6311,"Heart Rate, LCD Display",9,124062,3.9
6312,Dell Mobile Model 6312,"108MP Camera, 5000mAh Battery, 5G",47,108567,4.0
6313,Asus Smartwatch Model 6313,"SpO2, AMOLED Display",28,144047,4.1
6314,Acer Mobile Model 6314,"50MP Camera, 5000mAh Battery, 5G",5,78181,4.8
6315,Xiaomi Laptop Model 6315,"i7, 32GB RAM, 1TB SSD",13,140794,4.3
6316,Lenovo Laptop Model 6316,"Ryzen 5, 16GB RAM, 1TB SSD",10,74908,4.4
6317,Acer Smartwatch Model 6317,"Heart Rate, AMOLED Display",31,63908,4.5
6318,Apple Smartwatch Model 6318,"GPS, AMOLED Display",36,149091,4.1
6319,Xiaomi Laptop Model 6319,"i7, 32GB RAM, 512GB SSD",9,12045,4.8
6320,Apple Smartwatch Model 6320,"GPS, LCD Display",33,138538,3.7
6321,Sony Mobile Model 6321,"108MP Camera, 4000mAh Battery, 5G",11,42161,4.7
6322,Xiaomi Laptop Model 6322,"Ryzen 5, 16GB RAM, 1TB SSD",5,134221,3.4
6323,Acer Laptop Model 6323,"Ryzen 7, 16GB RAM, 512GB SSD",49,125052,4.3
6324,Acer Smartwatch Model 6324,"SpO2, AMOLED Display",42,25189,4.8
6325,Xiaomi Mobile Model 6325,"50MP Camera, 4000mAh Battery, 5G",25,39349,4.9
6326,Xiaomi Mobile Model 6326,"108MP Camera, 4000mAh Battery, 5G",25,145931,3.9
6327,Asus Mobile Model 6327,"108MP Camera, 5000mAh Battery, 5G",9,142479,4.4
6328,Lenovo Smartwatch Model 6328,"GPS, AMOLED Display",38,34148,4.3
6329,Apple Mobile Model 6329,"50MP Camera, 4000mAh Battery, 5G",11,128229,3.8
6330,Dell Mobile Model 6330,"108MP Camera, 4000mAh Battery, 5G",48,49603,4.1
6331,Lenovo Mobile Model 6331,"50MP Camera, 5000mAh Battery, 5G",14,98269,4.6
6332,Apple Mobile Model 6332,"50MP Camera, 6000mAh Battery, 5G",15,144615,3.6
6333,Sony Mobile Model 6333,"64MP Camera, 5000mAh Battery, 5G",13,94382,3.7
6334,Dell Smartwatch Model 6334,"SpO2, AMOLED Display",28,55924,3.9
6335,Lenovo Laptop Model 6335,"Ryzen 5, 16GB RAM, 256GB SSD",9,117609,4.3
6336,Lenovo Mobile Model 6336,"108MP Camera, 4000mAh Battery, 5G",20,87994,3.9
6337,HP Smartwatch Model 6337,"Heart Rate, AMOLED Display",18,32810,4.6
6338,Sony Mobile Model 6338,"108MP Camera, 4000mAh Battery, 5G",21,124780,3.3
6339,OnePlus Laptop Model 6339,"i7, 32GB RAM, 512GB SSD",48,124213,3.7
6340,Samsung Laptop Model 6340,"i5, 16GB RAM, 512GB SSD",16,40814,3.5
6341,Dell Laptop Model 6341,"i5, 32GB RAM, 256GB SSD",44,125309,4.2
6342,Acer Mobile Model 6342,"64MP Camera, 5000mAh Battery, 5G",7,39284,3.2
6343,Lenovo Smartwatch Model 6343,"Heart Rate, LCD Display",35,127284,3.2
6344,Apple Laptop Model 6344,"Ryzen 7, 16GB RAM, 256GB SSD",39,90759,4.4
6345,Lenovo Laptop Model 6345,"i5, 32GB RAM, 256GB SSD",50,93778,4.2
6346,Lenovo Laptop Model 6346,"Ryzen 7, 8GB RAM, 1TB SSD",26,93076,4.2
6347,Samsung Smartwatch Model 6347,"GPS, AMOLED Display",14,110254,4.2
6348,Dell Mobile Model 6348,"64MP Camera, 5000mAh Battery, 5G",24,40889,4.8
6349,Samsung Mobile Model 6349,"108MP Camera, 4000mAh Battery, 5G",32,124549,4.1
6350,Asus Laptop Model 6350,"Ryzen 7, 8GB RAM, 256GB SSD",48,36496,4.6
6351,Sony Laptop Model 6351,"Ryzen 7, 32GB RAM, 1TB SSD",39,87305,4.6
6352,Dell Laptop Model 6352,"Ryzen 7, 8GB RAM, 1TB SSD",12,67324,3.5
6353,Asus Laptop Model 6353,"i7, 32GB RAM, 256GB SSD",32,19942,3.7
6354,Acer Smartwatch Model 6354,"SpO2, LCD Display",31,60175,4.6
6355,Acer Laptop Model 6355,"Ryzen 7, 16GB RAM, 256GB SSD",32,87483,4.4
6356,HP Smartwatch Model 6356,"SpO2, LCD Display",25,25474,4.6
6357,Dell Mobile Model 6357,"108MP Camera, 5000mAh Battery, 5G",46,90358,4.6
6358,HP Mobile Model 6358,"108MP Camera, 6000mAh Battery, 5G",43,98663,3.1
6359,Acer Mobile Model 6359,"108MP Camera, 4000mAh Battery, 5G",31,62854,4.5
6360,Asus Smartwatch Model 6360,"Heart Rate, LCD Display",34,51633,4.9
6361,Samsung Laptop Model 6361,"Ryzen 5, 32GB RAM, 256GB SSD",15,131712,4.3
6362,Asus Laptop Model 6362,"i5, 16GB RAM, 512GB SSD",16,33778,4.3
6363,Asus Mobile Model 6363,"50MP Camera, 5000mAh Battery, 5G",41,86873,3.5
6364,Asus Laptop Model 6364,"i7, 8GB RAM, 1TB SSD",21,109892,4.8
6365,Dell Laptop Model 6365,"i5, 32GB RAM, 512GB SSD",39,96279,3.9
6366,Sony Smartwatch Model 6366,"SpO2, AMOLED Display",17,148455,3.7
6367,Asus Smartwatch Model 6367,"Heart Rate, LCD Display",16,85693,4.6
6368,Samsung Laptop Model 6368,"Ryzen 5, 32GB RAM, 256GB SSD",23,13684,4.2
6369,Samsung Laptop Model 6369,"Ryzen 5, 16GB RAM, 256GB SSD",13,107770,4.1
6370,Lenovo Mobile Model 6370,"64MP Camera, 5000mAh Battery, 5G",48,30207,4.7
6371,Xiaomi Mobile Model 6371,"108MP Camera, 5000mAh Battery, 5G",11,92284,4.4
6372,Acer Laptop Model 6372,"i7, 16GB RAM, 1TB SSD",34,143661,4.0
6373,HP Smartwatch Model 6373,"GPS, AMOLED Display",20,134263,3.8
6374,Lenovo Mobile Model 6374,"50MP Camera, 6000mAh Battery, 5G",43,134913,4.5
6375,Acer Mobile Model 6375,"108MP Camera, 6000mAh Battery, 5G",30,139255,3.4
6376,Asus Smartwatch Model 6376,"Heart Rate, LCD Display",37,70388,4.6
6377,Lenovo Smartwatch Model 6377,"Heart Rate, LCD Display",36,94967,4.6
6378,Xiaomi Laptop Model 6378,"i7, 32GB RAM, 256GB SSD",37,94146,3.5
6379,Lenovo Laptop Model 6379,"i5, 8GB RAM, 1TB SSD",8,103690,4.5
6380,HP Smartwatch Model 6380,"GPS, AMOLED Display",24,136182,3.6
6381,Dell Mobile Model 6381,"50MP Camera, 4000mAh Battery, 5G",6,63869,4.7
6382,Sony Laptop Model 6382,"Ryzen 7, 32GB RAM, 1TB SSD",36,73094,4.4
6383,OnePlus Smartwatch Model 6383,"Heart Rate, AMOLED Display",20,111688,4.1
6384,OnePlus Laptop Model 6384,"i5, 8GB RAM, 256GB SSD",31,26242,4.1
6385,Sony Smartwatch Model 6385,"SpO2, AMOLED Display",44,145382,4.4
6386,Samsung Mobile Model 6386,"64MP Camera, 4000mAh Battery, 5G",26,25362,3.5
6387,Asus Mobile Model 6387,"50MP Camera, 6000mAh Battery, 5G",18,26131,3.2
6388,Asus Laptop Model 6388,"i7, 8GB RAM, 1TB SSD",32,35471,4.2
6389,Dell Mobile Model 6389,"50MP Camera, 6000mAh Battery, 5G",13,104995,3.7
6390,HP Mobile Model 6390,"108MP Camera, 5000mAh Battery, 5G",17,93442,3.7
6391,Samsung Smartwatch Model 6391,"GPS, AMOLED Display",46,142206,3.0
6392,Sony Laptop Model 6392,"i5, 32GB RAM, 512GB SSD",41,14763,4.1
6393,Asus Smartwatch Model 6393,"SpO2, LCD Display",13,9590,3.4
6394,Apple Smartwatch Model 6394,"SpO2, LCD Display",13,96726,4.7
6395,OnePlus Laptop Model 6395,"i5, 16GB RAM, 1TB SSD",9,12546,4.1
6396,OnePlus Smartwatch Model 6396,"SpO2, LCD Display",31,113807,4.8
6397,Lenovo Laptop Model 6397,"Ryzen 5, 32GB RAM, 512GB SSD",11,106408,3.8
6398,Sony Mobile Model 6398,"108MP Camera, 5000mAh Battery, 5G",13,33861,4.8
6399,Acer Mobile Model 6399,"50MP Camera, 5000mAh Battery, 5G",28,13773,4.7
6400,Dell Mobile Model 6400,"50MP Camera, 5000mAh Battery, 5G",23,107916,4.4
6401,Dell Mobile Model 6401,"64MP Camera, 4000mAh Battery, 5G",12,84189,3.1
6402,OnePlus Smartwatch Model 6402,"Heart Rate, LCD Display",21,145730,3.9
6403,Sony Smartwatch Model 6403,"SpO2, LCD Display",28,11714,4.5
6404,Dell Smartwatch Model 6404,"SpO2, AMOLED Display",5,97615,5.0
6405,Xiaomi Smartwatch Model 6405,"Heart Rate, LCD Display",22,75931,4.2
6406,Lenovo Laptop Model 6406,"Ryzen 7, 16GB RAM, 256GB SSD",9,25135,3.7
6407,Samsung Smartwatch Model 6407,"SpO2, AMOLED Display",24,109603,3.4
6408,OnePlus Mobile Model 6408,"50MP Camera, 6000mAh Battery, 5G",26,91192,4.7
6409,Samsung Mobile Model 6409,"50MP Camera, 6000mAh Battery, 5G",18,27986,4.7
6410,Lenovo Smartwatch Model 6410,"GPS, AMOLED Display",5,93054,4.0
6411,Acer Mobile Model 6411,"108MP Camera, 4000mAh Battery, 5G",16,99877,4.9
6412,Asus Mobile Model 6412,"64MP Camera, 5000mAh Battery, 5G",20,118214,4.9
6413,OnePlus Laptop Model 6413,"Ryzen 7, 32GB RAM, 256GB SSD",39,103720,3.5
6414,Lenovo Laptop Model 6414,"i7, 16GB RAM, 256GB SSD",42,69127,3.1
6415,Samsung Laptop Model 6415,"Ryzen 7, 32GB RAM, 256GB SSD",27,20147,4.6
6416,Apple Laptop Model 6416,"Ryzen 5, 16GB RAM, 1TB SSD",36,22952,3.4
6417,Dell Smartwatch Model 6417,"GPS, LCD Display",8,68301,3.1
6418,Xiaomi Laptop Model 6418,"Ryzen 7, 32GB RAM, 256GB SSD",13,45114,4.8
6419,Dell Laptop Model 6419,"Ryzen 5, 16GB RAM, 512GB SSD",6,9671,3.9
6420,HP Mobile Model 6420,"108MP Camera, 6000mAh Battery, 5G",46,68598,4.1
6421,Asus Smartwatch Model 6421,"SpO2, LCD Display",39,45688,3.8
6422,Apple Mobile Model 6422,"64MP Camera, 5000mAh Battery, 5G",18,40845,4.4
6423,OnePlus Smartwatch Model 6423,"SpO2, AMOLED Display",25,51637,3.3
6424,OnePlus Smartwatch Model 6424,"Heart Rate, AMOLED Display",20,72938,3.4
6425,Apple Laptop Model 6425,"i7, 16GB RAM, 256GB SSD",49,140815,4.4
6426,Asus Mobile Model 6426,"50MP Camera, 6000mAh Battery, 5G",35,138390,4.7
6427,Dell Mobile Model 6427,"50MP Camera, 6000mAh Battery, 5G",11,104213,3.1
6428,Lenovo Mobile Model 6428,"108MP Camera, 4000mAh Battery, 5G",14,64541,5.0
6429,Xiaomi Laptop Model 6429,"i7, 8GB RAM, 256GB SSD",44,26003,5.0
6430,Xiaomi Smartwatch Model 6430,"SpO2, LCD Display",39,94437,3.3
6431,Dell Mobile Model 6431,"108MP Camera, 5000mAh Battery, 5G",45,26629,3.8
6432,HP Laptop Model 6432,"Ryzen 7, 32GB RAM, 1TB SSD",15,138398,4.4
6433,Asus Laptop Model 6433,"i7, 8GB RAM, 1TB SSD",15,32731,4.9
6434,Dell Mobile Model 6434,"50MP Camera, 4000mAh Battery, 5G",19,96273,4.8
6435,Acer Laptop Model 6435,"i5, 8GB RAM, 256GB SSD",20,138981,3.5
6436,Apple Laptop Model 6436,"i7, 16GB RAM, 1TB SSD",40,58376,3.3
6437,Xiaomi Mobile Model 6437,"50MP Camera, 5000mAh Battery, 5G",15,37111,4.7
6438,Lenovo Laptop Model 6438,"i7, 32GB RAM, 1TB SSD",46,134085,3.9
6439,OnePlus Mobile Model 6439,"50MP Camera, 4000mAh Battery, 5G",33,19545,4.6
6440,Xiaomi Smartwatch Model 6440,"GPS, LCD Display",35,99763,4.1
6441,Sony Smartwatch Model 6441,"SpO2, LCD Display",5,112406,3.9
6442,Sony Laptop Model 6442,"i5, 32GB RAM, 1TB SSD",11,59113,4.8
6443,Dell Mobile Model 6443,"64MP Camera, 6000mAh Battery, 5G",19,66997,4.1
6444,Lenovo Laptop Model 6444,"i5, 32GB RAM, 256GB SSD",38,76237,4.1
6445,HP Mobile Model 6445,"108MP Camera, 5000mAh Battery, 5G",24,132939,5.0
6446,HP Smartwatch Model 6446,"Heart Rate, LCD Display",8,21959,3.5
6447,Apple Laptop Model 6447,"i7, 32GB RAM, 512GB SSD",19,122314,4.7
6448,Asus Laptop Model 6448,"Ryzen 5, 8GB RAM, 1TB SSD",16,96569,3.7
6449,Acer Mobile Model 6449,"108MP Camera, 5000mAh Battery, 5G",33,51960,4.7
6450,HP Mobile Model 6450,"64MP Camera, 4000mAh Battery, 5G",34,5706,3.8
6451,Xiaomi Laptop Model 6451,"i5, 32GB RAM, 1TB SSD",48,9998,3.5
6452,Apple Smartwatch Model 6452,"GPS, LCD Display",21,21051,4.8
6453,Sony Smartwatch Model 6453,"SpO2, AMOLED Display",14,88933,5.0
6454,Apple Mobile Model 6454,"64MP Camera, 5000mAh Battery, 5G",19,77092,4.0
6455,Xiaomi Mobile Model 6455,"64MP Camera, 5000mAh Battery, 5G",43,22855,3.1
6456,Xiaomi Laptop Model 6456,"i5, 16GB RAM, 1TB SSD",30,20941,4.8
6457,Sony Laptop Model 6457,"Ryzen 7, 16GB RAM, 512GB SSD",23,5222,3.3
6458,HP Smartwatch Model 6458,"SpO2, AMOLED Display",21,119350,3.6
6459,Dell Smartwatch Model 6459,"Heart Rate, LCD Display",15,99730,4.8
6460,Lenovo Mobile Model 6460,"64MP Camera, 6000mAh Battery, 5G",24,109898,3.5
6461,Xiaomi Laptop Model 6461,"Ryzen 7, 16GB RAM, 1TB SSD",19,111084,3.5
6462,Acer Smartwatch Model 6462,"Heart Rate, AMOLED Display",25,118957,4.9
6463,HP Smartwatch Model 6463,"SpO2, LCD Display",42,32615,4.9
6464,Asus Mobile Model 6464,"64MP Camera, 5000mAh Battery, 5G",44,126168,3.4
6465,Lenovo Laptop Model 6465,"Ryzen 5, 32GB RAM, 256GB SSD",17,133668,4.1
6466,Lenovo Mobile Model 6466,"64MP Camera, 4000mAh Battery, 5G",20,38683,4.9
6467,Sony Laptop Model 6467,"Ryzen 7, 16GB RAM, 256GB SSD",44,128538,4.7
6468,HP Mobile Model 6468,"50MP Camera, 4000mAh Battery, 5G",43,104488,4.5
6469,Xiaomi Mobile Model 6469,"50MP Camera, 4000mAh Battery, 5G",39,56359,3.4
6470,Asus Laptop Model 6470,"Ryzen 5, 8GB RAM, 256GB SSD",27,36723,3.2
6471,HP Laptop Model 6471,"i7, 32GB RAM, 1TB SSD",47,19540,3.9
6472,Asus Laptop Model 6472,"i7, 16GB RAM, 256GB SSD",17,135590,4.2
6473,Sony Smartwatch Model 6473,"GPS, AMOLED Display",46,127383,4.4
6474,OnePlus Smartwatch Model 6474,"Heart Rate, LCD Display",46,129052,4.0
6475,Sony Laptop Model 6475,"Ryzen 5, 16GB RAM, 512GB SSD",43,100382,5.0
6476,OnePlus Smartwatch Model 6476,"SpO2, LCD Display",40,65705,3.4
6477,OnePlus Smartwatch Model 6477,"SpO2, AMOLED Display",32,33903,4.9
6478,Samsung Smartwatch Model 6478,"GPS, AMOLED Display",27,84697,3.7
6479,Xiaomi Mobile Model 6479,"108MP Camera, 4000mAh Battery, 5G",45,23572,3.4
6480,Sony Laptop Model 6480,"i5, 8GB RAM, 256GB SSD",34,36825,3.2
6481,Acer Laptop Model 6481,"Ryzen 7, 8GB RAM, 256GB SSD",43,9506,3.5
6482,Xiaomi Mobile Model 6482,"50MP Camera, 5000mAh Battery, 5G",11,128438,5.0
6483,Apple Smartwatch Model 6483,"Heart Rate, LCD Display",27,53936,3.8
6484,Samsung Mobile Model 6484,"108MP Camera, 4000mAh Battery, 5G",44,95456,5.0
6485,OnePlus Laptop Model 6485,"Ryzen 7, 16GB RAM, 1TB SSD",36,124483,3.4
6486,Dell Laptop Model 6486,"i7, 16GB RAM, 512GB SSD",18,104366,4.0
6487,Asus Mobile Model 6487,"108MP Camera, 5000mAh Battery, 5G",22,129211,3.7
6488,Sony Mobile Model 6488,"50MP Camera, 4000mAh Battery, 5G",35,38220,3.8
6489,Apple Laptop Model 6489,"i5, 16GB RAM, 512GB SSD",11,29135,3.2
6490,Apple Mobile Model 6490,"64MP Camera, 6000mAh Battery, 5G",35,84668,3.6
6491,Apple Mobile Model 6491,"64MP Camera, 6000mAh Battery, 5G",11,97583,3.5
6492,Asus Mobile Model 6492,"64MP Camera, 4000mAh Battery, 5G",34,55602,4.6
6493,HP Mobile Model 6493,"64MP Camera, 6000mAh Battery, 5G",29,87319,3.8
6494,HP Smartwatch Model 6494,"Heart Rate, LCD Display",5,106307,3.2
6495,Asus Smartwatch Model 6495,"Heart Rate, LCD Display",29,75301,3.7
6496,Asus Laptop Model 6496,"i5, 16GB RAM, 1TB SSD",23,45795,4.8
6497,Samsung Smartwatch Model 6497,"SpO2, LCD Display",22,110102,4.3
6498,Asus Mobile Model 6498,"108MP Camera, 6000mAh Battery, 5G",20,140322,3.8
6499,HP Smartwatch Model 6499,"GPS, AMOLED Display",9,60166,4.7
6500,Apple Smartwatch Model 6500,"Heart Rate, AMOLED Display",45,30684,3.2
6501,Apple Mobile Model 6501,"50MP Camera, 6000mAh Battery, 5G",48,107209,4.7
6502,HP Laptop Model 6502,"i7, 32GB RAM, 1TB SSD",43,131592,3.5
6503,Samsung Laptop Model 6503,"Ryzen 5, 16GB RAM, 512GB SSD",18,121355,4.0
6504,OnePlus Smartwatch Model 6504,"GPS, LCD Display",31,51008,4.7
6505,OnePlus Laptop Model 6505,"i7, 16GB RAM, 1TB SSD",38,94273,3.4
6506,Xiaomi Mobile Model 6506,"50MP Camera, 5000mAh Battery, 5G",42,92100,3.1
6507,Sony Smartwatch Model 6507,"Heart Rate, AMOLED Display",7,30860,4.3
6508,Dell Laptop Model 6508,"Ryzen 7, 8GB RAM, 256GB SSD",29,121546,4.3
6509,Lenovo Laptop Model 6509,"i5, 32GB RAM, 512GB SSD",37,47185,3.3
6510,Acer Laptop Model 6510,"i5, 16GB RAM, 256GB SSD",45,39545,3.8
6511,HP Laptop Model 6511,"i5, 8GB RAM, 1TB SSD",10,53120,3.7
6512,Asus Mobile Model 6512,"108MP Camera, 6000mAh Battery, 5G",27,149584,3.6
6513,HP Smartwatch Model 6513,"SpO2, AMOLED Display",41,80746,4.5
6514,HP Laptop Model 6514,"Ryzen 7, 32GB RAM, 256GB SSD",23,119576,4.8
6515,Dell Laptop Model 6515,"Ryzen 7, 16GB RAM, 512GB SSD",35,99512,3.5
6516,Samsung Laptop Model 6516,"i5, 32GB RAM, 1TB SSD",13,50385,4.8
6517,Acer Laptop Model 6517,"Ryzen 7, 16GB RAM, 512GB SSD",16,84156,3.4
6518,HP Mobile Model 6518,"50MP Camera, 5000mAh Battery, 5G",47,104477,3.6
6519,Xiaomi Laptop Model 6519,"i5, 32GB RAM, 512GB SSD",32,109977,3.2
6520,Xiaomi Smartwatch Model 6520,"Heart Rate, LCD Display",18,53494,4.6
6521,Xiaomi Smartwatch Model 6521,"Heart Rate, LCD Display",11,83787,4.9
6522,Apple Mobile Model 6522,"108MP Camera, 6000mAh Battery, 5G",26,90465,3.7
6523,Samsung Laptop Model 6523,"i5, 32GB RAM, 512GB SSD",15,72642,3.4
6524,Xiaomi Mobile Model 6524,"108MP Camera, 4000mAh Battery, 5G",26,6881,3.2
6525,Xiaomi Laptop Model 6525,"Ryzen 7, 32GB RAM, 256GB SSD",18,31041,3.4
6526,Asus Laptop Model 6526,"i5, 16GB RAM, 256GB SSD",31,101064,3.4
6527,Dell Laptop Model 6527,"Ryzen 5, 8GB RAM, 512GB SSD",49,81730,4.2
6528,Dell Mobile Model 6528,"64MP Camera, 4000mAh Battery, 5G",12,96070,3.9
6529,Acer Smartwatch Model 6529,"GPS, LCD Display",9,62708,4.6
6530,Apple Laptop Model 6530,"Ryzen 5, 16GB RAM, 1TB SSD",35,53420,4.9
6531,Sony Smartwatch Model 6531,"Heart Rate, AMOLED Display",19,82413,4.0
6532,Apple Smartwatch Model 6532,"Heart Rate, AMOLED Display",32,50289,4.7
6533,Acer Mobile Model 6533,"108MP Camera, 5000mAh Battery, 5G",33,116908,4.7
6534,OnePlus Smartwatch Model 6534,"GPS, AMOLED Display",28,121405,4.6
6535,Xiaomi Laptop Model 6535,"Ryzen 5, 16GB RAM, 512GB SSD",20,133650,4.4
6536,Samsung Mobile Model 6536,"50MP Camera, 4000mAh Battery, 5G",44,138174,4.8
6537,Samsung Smartwatch Model 6537,"GPS, AMOLED Display",47,100278,4.3
6538,Xiaomi Smartwatch Model 6538,"GPS, LCD Display",35,47306,3.2
6539,Acer Mobile Model 6539,"64MP Camera, 4000mAh Battery, 5G",45,142799,3.8
6540,Xiaomi Smartwatch Model 6540,"GPS, AMOLED Display",6,21265,4.4
6541,Apple Smartwatch Model 6541,"Heart Rate, AMOLED Display",31,31677,3.1
6542,Acer Smartwatch Model 6542,"SpO2, LCD Display",36,144914,4.1
6543,HP Mobile Model 6543,"108MP Camera, 5000mAh Battery, 5G",25,98502,3.2
6544,Sony Smartwatch Model 6544,"GPS, AMOLED Display",10,128990,4.7
6545,Apple Mobile Model 6545,"50MP Camera, 5000mAh Battery, 5G",40,12081,4.9
6546,HP Laptop Model 6546,"Ryzen 5, 8GB RAM, 256GB SSD",28,8416,4.6
6547,Xiaomi Smartwatch Model 6547,"Heart Rate, LCD Display",15,40712,4.6
6548,Dell Laptop Model 6548,"i5, 32GB RAM, 256GB SSD",18,86465,3.3
6549,Xiaomi Smartwatch Model 6549,"GPS, LCD Display",22,119553,4.9
6550,OnePlus Mobile Model 6550,"64MP Camera, 6000mAh Battery, 5G",27,115514,4.2
6551,Sony Smartwatch Model 6551,"GPS, LCD Display",14,19168,4.0
6552,Sony Smartwatch Model 6552,"SpO2, AMOLED Display",37,43048,5.0
6553,Dell Smartwatch Model 6553,"SpO2, LCD Display",48,91832,3.8
6554,Dell Smartwatch Model 6554,"GPS, AMOLED Display",12,117481,4.9
6555,Apple Laptop Model 6555,"Ryzen 5, 8GB RAM, 512GB SSD",22,26774,4.6
6556,OnePlus Smartwatch Model 6556,"SpO2, AMOLED Display",10,8825,4.2
6557,Lenovo Mobile Model 6557,"108MP Camera, 6000mAh Battery, 5G",39,124060,4.4
6558,Samsung Laptop Model 6558,"i7, 8GB RAM, 256GB SSD",40,107930,3.6
6559,Dell Smartwatch Model 6559,"Heart Rate, LCD Display",6,26275,3.5
6560,Samsung Mobile Model 6560,"64MP Camera, 6000mAh Battery, 5G",8,75932,4.9
6561,Dell Laptop Model 6561,"Ryzen 5, 32GB RAM, 512GB SSD",6,20930,3.7
6562,Sony Mobile Model 6562,"64MP Camera, 6000mAh Battery, 5G",6,68507,3.3
6563,Sony Laptop Model 6563,"i5, 32GB RAM, 512GB SSD",40,91869,4.5
6564,Asus Laptop Model 6564,"Ryzen 7, 32GB RAM, 256GB SSD",25,88962,3.9
6565,HP Mobile Model 6565,"50MP Camera, 4000mAh Battery, 5G",31,140623,4.8
6566,Sony Laptop Model 6566,"i7, 8GB RAM, 1TB SSD",11,95360,5.0
6567,Asus Laptop Model 6567,"i5, 16GB RAM, 1TB SSD",32,75141,3.9
6568,Apple Laptop Model 6568,"Ryzen 7, 32GB RAM, 256GB SSD",29,139080,4.6
6569,Acer Smartwatch Model 6569,"SpO2, LCD Display",28,148409,3.5
6570,Acer Mobile Model 6570,"64MP Camera, 4000mAh Battery, 5G",9,78211,4.3
6571,Asus Smartwatch Model 6571,"SpO2, LCD Display",43,111944,4.0
6572,Samsung Smartwatch Model 6572,"GPS, AMOLED Display",49,65155,3.9
6573,HP Smartwatch Model 6573,"GPS, LCD Display",10,25750,3.5
6574,Apple Smartwatch Model 6574,"SpO2, LCD Display",11,103424,4.8
6575,Xiaomi Mobile Model 6575,"64MP Camera, 4000mAh Battery, 5G",42,81988,3.9
6576,HP Mobile Model 6576,"50MP Camera, 4000mAh Battery, 5G",38,20047,3.8
6577,Asus Mobile Model 6577,"50MP Camera, 6000mAh Battery, 5G",21,98986,3.9
6578,Samsung Smartwatch Model 6578,"Heart Rate, AMOLED Display",37,125131,3.5
6579,Sony Laptop Model 6579,"Ryzen 7, 32GB RAM, 256GB SSD",40,48728,4.4
6580,Acer Smartwatch Model 6580,"SpO2, AMOLED Display",31,39004,3.7
6581,HP Smartwatch Model 6581,"Heart Rate, LCD Display",5,98893,3.1
6582,Xiaomi Smartwatch Model 6582,"GPS, AMOLED Display",35,145609,3.5
6583,Apple Smartwatch Model 6583,"Heart Rate, AMOLED Display",19,136254,3.9
6584,Lenovo Laptop Model 6584,"i5, 8GB RAM, 256GB SSD",16,95705,3.6
6585,Dell Laptop Model 6585,"Ryzen 7, 8GB RAM, 1TB SSD",48,39211,3.1
6586,Sony Laptop Model 6586,"Ryzen 5, 8GB RAM, 256GB SSD",7,137835,4.2
6587,HP Mobile Model 6587,"64MP Camera, 6000mAh Battery, 5G",23,130053,3.2
6588,Apple Smartwatch Model 6588,"SpO2, LCD Display",29,103678,4.8
6589,Apple Laptop Model 6589,"Ryzen 5, 32GB RAM, 256GB SSD",8,118839,3.4
6590,Asus Mobile Model 6590,"50MP Camera, 5000mAh Battery, 5G",32,71391,4.9
6591,Sony Mobile Model 6591,"108MP Camera, 4000mAh Battery, 5G",27,56450,3.8
6592,Samsung Mobile Model 6592,"50MP Camera, 5000mAh Battery, 5G",28,136542,4.2
6593,Dell Laptop Model 6593,"Ryzen 5, 32GB RAM, 512GB SSD",39,97793,4.9
6594,Apple Mobile Model 6594,"50MP Camera, 5000mAh Battery, 5G",12,97432,3.4
6595,Acer Smartwatch Model 6595,"SpO2, LCD Display",49,59129,4.2
6596,Apple Smartwatch Model 6596,"SpO2, AMOLED Display",47,122111,3.9
6597,Sony Laptop Model 6597,"i7, 32GB RAM, 1TB SSD",24,89719,3.6
6598,Xiaomi Mobile Model 6598,"50MP Camera, 5000mAh Battery, 5G",14,37681,3.9
6599,Sony Mobile Model 6599,"64MP Camera, 4000mAh Battery, 5G",5,90378,3.7
6600,OnePlus Laptop Model 6600,"i7, 8GB RAM, 256GB SSD",32,59546,4.0
6601,Apple Smartwatch Model 6601,"GPS, LCD Display",13,85627,4.3
6602,Apple Mobile Model 6602,"108MP Camera, 4000mAh Battery, 5G",15,133233,3.3
6603,Sony Mobile Model 6603,"108MP Camera, 6000mAh Battery, 5G",23,117664,3.8
6604,Acer Smartwatch Model 6604,"Heart Rate, AMOLED Display",15,111588,4.4
6605,Asus Smartwatch Model 6605,"GPS, LCD Display",50,7499,4.7
6606,Acer Laptop Model 6606,"i7, 32GB RAM, 512GB SSD",42,37711,4.0
6607,HP Laptop Model 6607,"Ryzen 5, 16GB RAM, 256GB SSD",10,53550,4.8
6608,Sony Laptop Model 6608,"i7, 8GB RAM, 1TB SSD",10,138628,4.4
6609,Asus Smartwatch Model 6609,"SpO2, LCD Display",29,135086,4.0
6610,OnePlus Laptop Model 6610,"i7, 8GB RAM, 1TB SSD",32,89256,4.3
6611,Asus Laptop Model 6611,"Ryzen 7, 8GB RAM, 256GB SSD",33,12470,3.6
6612,OnePlus Smartwatch Model 6612,"Heart Rate, AMOLED Display",26,14219,4.5
6613,Acer Smartwatch Model 6613,"SpO2, LCD Display",31,91568,3.8
6614,Apple Smartwatch Model 6614,"GPS, LCD Display",24,28628,4.6
6615,Sony Smartwatch Model 6615,"GPS, AMOLED Display",5,28395,4.6
6616,HP Smartwatch Model 6616,"Heart Rate, LCD Display",19,102267,4.8
6617,Dell Mobile Model 6617,"50MP Camera, 4000mAh Battery, 5G",9,71534,4.7
6618,Asus Laptop Model 6618,"i5, 16GB RAM, 256GB SSD",12,26434,4.3
6619,Lenovo Laptop Model 6619,"i7, 32GB RAM, 512GB SSD",6,79369,3.3
6620,Samsung Smartwatch Model 6620,"Heart Rate, AMOLED Display",10,102031,4.2
6621,Dell Mobile Model 6621,"64MP Camera, 4000mAh Battery, 5G",32,134358,4.3
6622,Dell Laptop Model 6622,"i5, 16GB RAM, 1TB SSD",14,77891,3.2
6623,Lenovo Mobile Model 6623,"108MP Camera, 4000mAh Battery, 5G",50,10007,4.6
6624,Samsung Laptop Model 6624,"Ryzen 7, 8GB RAM, 512GB SSD",48,48983,3.2
6625,Lenovo Laptop Model 6625,"i5, 8GB RAM, 256GB SSD",49,5298,3.7
6626,Acer Laptop Model 6626,"Ryzen 7, 16GB RAM, 1TB SSD",12,72268,4.5
6627,Acer Smartwatch Model 6627,"SpO2, LCD Display",20,42075,4.3
6628,Xiaomi Laptop Model 6628,"Ryzen 5, 32GB RAM, 256GB SSD",21,65025,3.2
6629,Xiaomi Smartwatch Model 6629,"Heart Rate, LCD Display",39,103661,4.5
6630,Samsung Laptop Model 6630,"i7, 16GB RAM, 1TB SSD",15,60762,4.2
6631,Apple Smartwatch Model 6631,"SpO2, LCD Display",42,113795,4.3
6632,Asus Laptop Model 6632,"i7, 32GB RAM, 512GB SSD",41,8138,4.8
6633,Asus Mobile Model 6633,"64MP Camera, 5000mAh Battery, 5G",18,139691,4.9
6634,Asus Smartwatch Model 6634,"SpO2, AMOLED Display",17,47984,3.9
6635,OnePlus Mobile Model 6635,"64MP Camera, 4000mAh Battery, 5G",9,26605,4.7
6636,Acer Smartwatch Model 6636,"GPS, AMOLED Display",37,137856,3.8
6637,OnePlus Smartwatch Model 6637,"GPS, AMOLED Display",31,87175,4.7
6638,Xiaomi Laptop Model 6638,"i7, 8GB RAM, 256GB SSD",13,95174,3.7
6639,Asus Laptop Model 6639,"Ryzen 5, 8GB RAM, 256GB SSD",13,27274,4.7
6640,Sony Smartwatch Model 6640,"Heart Rate, AMOLED Display",21,48172,4.9
6641,HP Laptop Model 6641,"i7, 16GB RAM, 1TB SSD",48,73187,4.2
6642,Acer Laptop Model 6642,"i5, 16GB RAM, 512GB SSD",12,72787,4.8
6643,Samsung Mobile Model 6643,"64MP Camera, 5000mAh Battery, 5G",35,12832,4.8
6644,Lenovo Laptop Model 6644,"i5, 8GB RAM, 256GB SSD",25,33113,4.7
6645,Apple Laptop Model 6645,"i7, 32GB RAM, 1TB SSD",18,62557,3.9
6646,HP Smartwatch Model 6646,"SpO2, AMOLED Display",45,29166,4.5
6647,Asus Smartwatch Model 6647,"SpO2, LCD Display",14,10398,3.0
6648,Apple Mobile Model 6648,"64MP Camera, 5000mAh Battery, 5G",22,79159,4.8
6649,Sony Mobile Model 6649,"108MP Camera, 4000mAh Battery, 5G",18,43641,4.4
6650,HP Mobile Model 6650,"108MP Camera, 6000mAh Battery, 5G",33,45930,3.2
6651,OnePlus Smartwatch Model 6651,"GPS, LCD Display",42,33905,3.9
6652,Lenovo Mobile Model 6652,"50MP Camera, 5000mAh Battery, 5G",42,48739,4.8
6653,HP Laptop Model 6653,"i5, 32GB RAM, 1TB SSD",50,97970,4.8
6654,Samsung Mobile Model 6654,"64MP Camera, 4000mAh Battery, 5G",42,123341,3.1
6655,Lenovo Laptop Model 6655,"i5, 16GB RAM, 512GB SSD",9,112850,3.7
6656,Lenovo Mobile Model 6656,"64MP Camera, 5000mAh Battery, 5G",37,64085,4.4
6657,Asus Mobile Model 6657,"50MP Camera, 6000mAh Battery, 5G",22,91112,4.5
6658,Sony Mobile Model 6658,"64MP Camera, 5000mAh Battery, 5G",37,49213,3.8
6659,Dell Mobile Model 6659,"50MP Camera, 5000mAh Battery, 5G",39,67725,3.7
6660,Acer Laptop Model 6660,"i7, 32GB RAM, 256GB SSD",24,14844,3.2
6661,Samsung Mobile Model 6661,"50MP Camera, 5000mAh Battery, 5G",42,110964,4.1
6662,Lenovo Mobile Model 6662,"50MP Camera, 6000mAh Battery, 5G",47,32841,3.5
6663,Lenovo Laptop Model 6663,"Ryzen 7, 8GB RAM, 1TB SSD",49,133948,4.2
6664,Lenovo Smartwatch Model 6664,"Heart Rate, LCD Display",9,43903,4.4
6665,Acer Laptop Model 6665,"i5, 16GB RAM, 512GB SSD",20,9936,3.5
6666,Acer Mobile Model 6666,"50MP Camera, 6000mAh Battery, 5G",48,79905,3.5
6667,Sony Mobile Model 6667,"64MP Camera, 5000mAh Battery, 5G",22,143116,3.6
6668,Sony Laptop Model 6668,"Ryzen 5, 32GB RAM, 256GB SSD",50,69705,4.6
6669,Sony Laptop Model 6669,"Ryzen 5, 32GB RAM, 1TB SSD",9,9682,4.4
6670,Sony Mobile Model 6670,"108MP Camera, 5000mAh Battery, 5G",36,98002,4.2
6671,Acer Laptop Model 6671,"Ryzen 5, 16GB RAM, 256GB SSD",39,134049,4.2
6672,Xiaomi Mobile Model 6672,"64MP Camera, 6000mAh Battery, 5G",38,92810,4.8
6673,Apple Mobile Model 6673,"108MP Camera, 5000mAh Battery, 5G",12,116049,3.6
6674,Apple Smartwatch Model 6674,"SpO2, LCD Display",28,32148,4.9
6675,Sony Laptop Model 6675,"i5, 8GB RAM, 512GB SSD",13,59762,4.1
6676,Asus Smartwatch Model 6676,"GPS, LCD Display",45,60054,4.6
6677,Asus Laptop Model 6677,"Ryzen 5, 32GB RAM, 512GB SSD",23,106068,4.9
6678,Asus Mobile Model 6678,"64MP Camera, 5000mAh Battery, 5G",20,84488,3.5
6679,OnePlus Mobile Model 6679,"64MP Camera, 6000mAh Battery, 5G",10,141146,4.3
6680,Apple Laptop Model 6680,"Ryzen 5, 8GB RAM, 256GB SSD",31,5007,3.0
6681,Acer Smartwatch Model 6681,"Heart Rate, AMOLED Display",32,72067,3.9
6682,Xiaomi Mobile Model 6682,"64MP Camera, 4000mAh Battery, 5G",46,98091,4.3
6683,Sony Smartwatch Model 6683,"SpO2, AMOLED Display",18,134859,3.1
6684,Acer Laptop Model 6684,"Ryzen 5, 8GB RAM, 1TB SSD",17,96207,4.5
6685,Acer Smartwatch Model 6685,"Heart Rate, AMOLED Display",48,85346,3.5
6686,Acer Laptop Model 6686,"i7, 16GB RAM, 256GB SSD",27,95816,4.9
6687,Sony Smartwatch Model 6687,"Heart Rate, LCD Display",44,64441,4.9
6688,Asus Smartwatch Model 6688,"GPS, AMOLED Display",12,97549,4.6
6689,Dell Smartwatch Model 6689,"GPS, AMOLED Display",48,90234,3.7
6690,Samsung Laptop Model 6690,"Ryzen 5, 16GB RAM, 512GB SSD",20,40634,4.0
6691,Dell Mobile Model 6691,"50MP Camera, 4000mAh Battery, 5G",12,125903,4.2
6692,Apple Smartwatch Model 6692,"Heart Rate, LCD Display",44,43878,3.7
6693,Asus Mobile Model 6693,"50MP Camera, 5000mAh Battery, 5G",36,74150,3.5
6694,Sony Smartwatch Model 6694,"SpO2, AMOLED Display",34,127062,3.3
6695,Apple Mobile Model 6695,"50MP Camera, 6000mAh Battery, 5G",23,34683,3.3
6696,Acer Smartwatch Model 6696,"SpO2, AMOLED Display",43,93527,3.6
6697,Samsung Smartwatch Model 6697,"SpO2, AMOLED Display",18,73613,4.0
6698,Asus Laptop Model 6698,"i5, 16GB RAM, 1TB SSD",16,47189,3.3
6699,Lenovo Mobile Model 6699,"108MP Camera, 4000mAh Battery, 5G",6,19285,3.9
6700,Sony Mobile Model 6700,"108MP Camera, 4000mAh Battery, 5G",13,109807,4.9
6701,Xiaomi Laptop Model 6701,"i7, 32GB RAM, 1TB SSD",10,18463,3.2
6702,Apple Laptop Model 6702,"i5, 16GB RAM, 256GB SSD",28,136342,4.6
6703,HP Smartwatch Model 6703,"GPS, AMOLED Display",36,133955,3.5
6704,Apple Smartwatch Model 6704,"SpO2, AMOLED Display",21,124539,3.8
6705,Acer Mobile Model 6705,"64MP Camera, 4000mAh Battery, 5G",31,100414,4.9
6706,Acer Mobile Model 6706,"50MP Camera, 6000mAh Battery, 5G",8,15819,3.3
6707,Samsung Mobile Model 6707,"64MP Camera, 6000mAh Battery, 5G",7,72535,3.1
6708,Samsung Laptop Model 6708,"Ryzen 5, 8GB RAM, 256GB SSD",29,14744,4.1
6709,Acer Smartwatch Model 6709,"SpO2, LCD Display",30,16293,4.6
6710,Apple Laptop Model 6710,"i5, 16GB RAM, 512GB SSD",46,117619,4.5
6711,HP Laptop Model 6711,"i7, 32GB RAM, 1TB SSD",34,47492,4.7
6712,Asus Mobile Model 6712,"50MP Camera, 6000mAh Battery, 5G",43,33825,3.8
6713,HP Smartwatch Model 6713,"Heart Rate, LCD Display",12,22814,4.3
6714,HP Laptop Model 6714,"Ryzen 5, 32GB RAM, 1TB SSD",32,44523,4.6
6715,Sony Laptop Model 6715,"i5, 16GB RAM, 512GB SSD",30,90968,3.0
6716,HP Smartwatch Model 6716,"Heart Rate, LCD Display",33,123827,3.1
6717,Lenovo Laptop Model 6717,"Ryzen 7, 32GB RAM, 1TB SSD",45,96045,3.9
6718,Dell Mobile Model 6718,"64MP Camera, 4000mAh Battery, 5G",12,115714,3.6
6719,Acer Smartwatch Model 6719,"Heart Rate, AMOLED Display",34,76470,4.0
6720,Acer Mobile Model 6720,"50MP Camera, 6000mAh Battery, 5G",34,114124,5.0
6721,Lenovo Smartwatch Model 6721,"Heart Rate, LCD Display",40,125501,4.7
6722,Sony Mobile Model 6722,"64MP Camera, 4000mAh Battery, 5G",40,126814,3.5
6723,OnePlus Mobile Model 6723,"50MP Camera, 6000mAh Battery, 5G",35,71191,3.5
6724,Samsung Smartwatch Model 6724,"SpO2, AMOLED Display",16,5028,4.6
6725,Sony Smartwatch Model 6725,"SpO2, LCD Display",34,6333,4.3
6726,Samsung Laptop Model 6726,"i5, 32GB RAM, 1TB SSD",48,6595,4.8
6727,OnePlus Smartwatch Model 6727,"SpO2, AMOLED Display",21,44329,3.9
6728,Sony Mobile Model 6728,"108MP Camera, 6000mAh Battery, 5G",21,64799,3.4
6729,OnePlus Laptop Model 6729,"i7, 8GB RAM, 256GB SSD",18,134004,4.5
6730,Acer Smartwatch Model 6730,"SpO2, AMOLED Display",10,146137,3.1
6731,Apple Laptop Model 6731,"Ryzen 7, 32GB RAM, 256GB SSD",13,143141,4.4
6732,Apple Smartwatch Model 6732,"GPS, AMOLED Display",12,141078,4.8
6733,HP Smartwatch Model 6733,"GPS, AMOLED Display",36,57092,4.8
6734,Sony Smartwatch Model 6734,"SpO2, AMOLED Display",49,78152,4.8
6735,Acer Smartwatch Model 6735,"SpO2, AMOLED Display",6,45348,3.5
6736,Acer Smartwatch Model 6736,"GPS, LCD Display",39,118046,4.0
6737,Dell Laptop Model 6737,"i5, 32GB RAM, 1TB SSD",27,120473,4.4
6738,Dell Laptop Model 6738,"Ryzen 7, 16GB RAM, 1TB SSD",7,97823,3.2
6739,Sony Smartwatch Model 6739,"SpO2, AMOLED Display",43,77257,4.8
6740,Apple Laptop Model 6740,"i7, 8GB RAM, 1TB SSD",20,76360,4.5
6741,Asus Mobile Model 6741,"50MP Camera, 6000mAh Battery, 5G",10,63568,4.2
6742,Lenovo Mobile Model 6742,"108MP Camera, 6000mAh Battery, 5G",15,87434,3.8
6743,Apple Mobile Model 6743,"50MP Camera, 4000mAh Battery, 5G",40,20885,4.6
6744,Dell Laptop Model 6744,"i7, 32GB RAM, 512GB SSD",23,120472,4.4
6745,Acer Smartwatch Model 6745,"SpO2, LCD Display",36,100512,3.9
6746,Dell Smartwatch Model 6746,"GPS, LCD Display",29,35488,3.9
6747,OnePlus Laptop Model 6747,"i5, 32GB RAM, 256GB SSD",34,132853,3.8
6748,Acer Mobile Model 6748,"108MP Camera, 4000mAh Battery, 5G",36,29701,3.5
6749,HP Mobile Model 6749,"108MP Camera, 5000mAh Battery, 5G",31,136377,3.4
6750,Dell Laptop Model 6750,"Ryzen 7, 32GB RAM, 256GB SSD",15,54487,5.0
6751,Samsung Mobile Model 6751,"108MP Camera, 6000mAh Battery, 5G",39,147929,3.5
6752,Xiaomi Laptop Model 6752,"Ryzen 5, 8GB RAM, 1TB SSD",10,147917,3.0
6753,HP Mobile Model 6753,"50MP Camera, 6000mAh Battery, 5G",5,112434,4.7
6754,HP Mobile Model 6754,"108MP Camera, 6000mAh Battery, 5G",35,65172,4.5
6755,Samsung Smartwatch Model 6755,"Heart Rate, AMOLED Display",44,38937,4.0
6756,OnePlus Laptop Model 6756,"i5, 8GB RAM, 256GB SSD",47,147324,4.6
6757,Sony Mobile Model 6757,"64MP Camera, 6000mAh Battery, 5G",28,30083,3.1
6758,Apple Mobile Model 6758,"64MP Camera, 6000mAh Battery, 5G",42,140756,3.5
6759,Lenovo Laptop Model 6759,"Ryzen 7, 32GB RAM, 512GB SSD",43,137072,3.3
6760,Lenovo Smartwatch Model 6760,"Heart Rate, AMOLED Display",44,90084,4.6
6761,Samsung Laptop Model 6761,"Ryzen 7, 8GB RAM, 512GB SSD",8,54276,4.3
6762,Dell Mobile Model 6762,"50MP Camera, 5000mAh Battery, 5G",9,9266,3.5
6763,Sony Laptop Model 6763,"Ryzen 5, 16GB RAM, 1TB SSD",38,8630,4.2
6764,Sony Mobile Model 6764,"108MP Camera, 5000mAh Battery, 5G",16,90108,3.0
6765,Acer Smartwatch Model 6765,"Heart Rate, LCD Display",39,113826,4.6
6766,Dell Mobile Model 6766,"50MP Camera, 4000mAh Battery, 5G",23,70741,3.9
6767,Dell Mobile Model 6767,"50MP Camera, 6000mAh Battery, 5G",23,62653,4.6
6768,Asus Mobile Model 6768,"50MP Camera, 6000mAh Battery, 5G",50,126605,3.9
6769,Lenovo Mobile Model 6769,"64MP Camera, 5000mAh Battery, 5G",50,148164,4.4
6770,Asus Laptop Model 6770,"i5, 8GB RAM, 256GB SSD",9,64851,4.0
6771,Acer Laptop Model 6771,"i7, 32GB RAM, 1TB SSD",12,39447,3.1
6772,Apple Mobile Model 6772,"64MP Camera, 4000mAh Battery, 5G",44,105963,4.5
6773,Lenovo Mobile Model 6773,"50MP Camera, 6000mAh Battery, 5G",8,65913,3.4
6774,OnePlus Mobile Model 6774,"64MP Camera, 6000mAh Battery, 5G",11,123191,3.3
6775,Dell Mobile Model 6775,"108MP Camera, 4000mAh Battery, 5G",38,16948,4.7
6776,Asus Smartwatch Model 6776,"Heart Rate, AMOLED Display",14,147457,4.9
6777,HP Laptop Model 6777,"Ryzen 7, 32GB RAM, 1TB SSD",41,47637,4.0
6778,Acer Mobile Model 6778,"108MP Camera, 6000mAh Battery, 5G",43,100591,3.4
6779,Sony Mobile Model 6779,"108MP Camera, 4000mAh Battery, 5G",5,68129,4.0
6780,OnePlus Mobile Model 6780,"64MP Camera, 6000mAh Battery, 5G",36,142440,3.6
6781,OnePlus Laptop Model 6781,"Ryzen 5, 32GB RAM, 1TB SSD",32,38231,4.7
6782,Xiaomi Mobile Model 6782,"108MP Camera, 5000mAh Battery, 5G",17,107121,3.7
6783,Samsung Laptop Model 6783,"Ryzen 7, 8GB RAM, 512GB SSD",11,45278,4.9
6784,Samsung Laptop Model 6784,"Ryzen 5, 32GB RAM, 256GB SSD",46,38819,4.1
6785,Apple Smartwatch Model 6785,"SpO2, AMOLED Display",25,22042,3.5
6786,HP Smartwatch Model 6786,"SpO2, AMOLED Display",8,57983,4.6
6787,Dell Laptop Model 6787,"Ryzen 7, 8GB RAM, 256GB SSD",41,101876,4.2
6788,Xiaomi Smartwatch Model 6788,"Heart Rate, AMOLED Display",24,121183,4.3
6789,Apple Mobile Model 6789,"64MP Camera, 5000mAh Battery, 5G",34,80568,4.6
6790,Acer Smartwatch Model 6790,"SpO2, LCD Display",41,8547,4.3
6791,Sony Laptop Model 6791,"i5, 8GB RAM, 256GB SSD",26,134126,3.3
6792,OnePlus Mobile Model 6792,"108MP Camera, 4000mAh Battery, 5G",28,132042,4.7
6793,Samsung Smartwatch Model 6793,"GPS, LCD Display",36,71836,3.6
6794,Samsung Smartwatch Model 6794,"Heart Rate, LCD Display",15,91871,3.5
6795,Apple Laptop Model 6795,"i7, 8GB RAM, 1TB SSD",35,103635,3.7
6796,Lenovo Laptop Model 6796,"Ryzen 5, 16GB RAM, 512GB SSD",27,9713,3.3
6797,Samsung Laptop Model 6797,"Ryzen 7, 32GB RAM, 1TB SSD",7,15201,4.5
6798,Acer Smartwatch Model 6798,"SpO2, LCD Display",49,53518,3.1
6799,OnePlus Mobile Model 6799,"50MP Camera, 5000mAh Battery, 5G",14,34035,3.5
6800,Xiaomi Smartwatch Model 6800,"GPS, AMOLED Display",16,149330,4.0
6801,Apple Smartwatch Model 6801,"GPS, LCD Display",45,25731,3.7
6802,Xiaomi Laptop Model 6802,"i7, 8GB RAM, 1TB SSD",7,83055,3.4
6803,Dell Smartwatch Model 6803,"GPS, LCD Display",48,68054,3.8
6804,OnePlus Laptop Model 6804,"i5, 8GB RAM, 256GB SSD",19,19593,4.0
6805,Sony Smartwatch Model 6805,"SpO2, LCD Display",41,122592,4.7
6806,Asus Smartwatch Model 6806,"SpO2, AMOLED Display",13,71468,3.8
6807,Samsung Laptop Model 6807,"Ryzen 5, 32GB RAM, 512GB SSD",20,58206,4.9
6808,Dell Mobile Model 6808,"64MP Camera, 5000mAh Battery, 5G",12,139541,5.0
6809,Apple Mobile Model 6809,"50MP Camera, 5000mAh Battery, 5G",48,46226,4.3
6810,Asus Smartwatch Model 6810,"Heart Rate, AMOLED Display",27,98523,4.2
6811,Xiaomi Smartwatch Model 6811,"GPS, LCD Display",5,24972,4.5
6812,Xiaomi Mobile Model 6812,"50MP Camera, 6000mAh Battery, 5G",46,117871,4.8
6813,OnePlus Smartwatch Model 6813,"SpO2, LCD Display",12,32760,3.6
6814,Dell Smartwatch Model 6814,"SpO2, AMOLED Display",13,6785,3.4
6815,Lenovo Mobile Model 6815,"50MP Camera, 6000mAh Battery, 5G",18,49045,4.5
6816,Acer Laptop Model 6816,"i5, 8GB RAM, 512GB SSD",7,114497,3.1
6817,OnePlus Mobile Model 6817,"50MP Camera, 6000mAh Battery, 5G",13,14217,3.3
6818,HP Laptop Model 6818,"Ryzen 5, 16GB RAM, 1TB SSD",5,147032,4.1
6819,Lenovo Mobile Model 6819,"108MP Camera, 6000mAh Battery, 5G",40,38170,4.9
6820,Samsung Mobile Model 6820,"50MP Camera, 5000mAh Battery, 5G",25,145048,3.8
6821,Lenovo Smartwatch Model 6821,"SpO2, AMOLED Display",20,62579,4.4
6822,OnePlus Laptop Model 6822,"i7, 16GB RAM, 1TB SSD",41,62448,4.0
6823,Sony Laptop Model 6823,"Ryzen 5, 8GB RAM, 512GB SSD",32,126339,4.4
6824,Apple Smartwatch Model 6824,"GPS, AMOLED Display",7,11393,4.8
6825,Xiaomi Mobile Model 6825,"50MP Camera, 4000mAh Battery, 5G",27,70422,3.3
6826,Samsung Laptop Model 6826,"Ryzen 7, 16GB RAM, 256GB SSD",13,83387,4.7
6827,Lenovo Mobile Model 6827,"50MP Camera, 6000mAh Battery, 5G",24,77329,4.8
6828,Lenovo Laptop Model 6828,"Ryzen 5, 32GB RAM, 512GB SSD",35,47688,3.4
6829,OnePlus Laptop Model 6829,"Ryzen 5, 32GB RAM, 512GB SSD",29,99962,3.9
6830,Sony Smartwatch Model 6830,"SpO2, AMOLED Display",26,115627,3.5
6831,Lenovo Mobile Model 6831,"108MP Camera, 4000mAh Battery, 5G",32,77383,4.7
6832,Lenovo Mobile Model 6832,"108MP Camera, 6000mAh Battery, 5G",21,31510,4.9
6833,Xiaomi Mobile Model 6833,"64MP Camera, 4000mAh Battery, 5G",5,74305,3.8
6834,Samsung Mobile Model 6834,"64MP Camera, 6000mAh Battery, 5G",23,131099,3.6
6835,Sony Laptop Model 6835,"i5, 16GB RAM, 1TB SSD",27,73612,4.9
6836,Asus Mobile Model 6836,"50MP Camera, 6000mAh Battery, 5G",43,43171,4.1
6837,Dell Smartwatch Model 6837,"GPS, LCD Display",36,6326,4.6
6838,OnePlus Smartwatch Model 6838,"GPS, LCD Display",31,44501,3.8
6839,OnePlus Smartwatch Model 6839,"SpO2, LCD Display",23,45244,4.4
6840,HP Smartwatch Model 6840,"Heart Rate, LCD Display",39,25604,3.6
6841,Dell Laptop Model 6841,"i7, 8GB RAM, 1TB SSD",34,21254,4.1
6842,Acer Laptop Model 6842,"i5, 16GB RAM, 512GB SSD",49,142764,3.9
6843,Sony Laptop Model 6843,"i7, 16GB RAM, 256GB SSD",17,76756,4.7
6844,Acer Mobile Model 6844,"108MP Camera, 5000mAh Battery, 5G",24,34970,3.9
6845,Asus Mobile Model 6845,"108MP Camera, 6000mAh Battery, 5G",12,104548,3.6
6846,Acer Mobile Model 6846,"64MP Camera, 6000mAh Battery, 5G",47,143889,3.5
6847,Lenovo Laptop Model 6847,"i5, 16GB RAM, 256GB SSD",43,149183,3.6
6848,Sony Smartwatch Model 6848,"GPS, AMOLED Display",40,56808,4.1
6849,OnePlus Mobile Model 6849,"108MP Camera, 5000mAh Battery, 5G",48,87596,4.5
6850,HP Mobile Model 6850,"64MP Camera, 6000mAh Battery, 5G",24,96139,3.9
6851,Dell Mobile Model 6851,"50MP Camera, 4000mAh Battery, 5G",50,72065,3.7
6852,Asus Laptop Model 6852,"Ryzen 5, 32GB RAM, 1TB SSD",23,50022,4.5
6853,HP Mobile Model 6853,"64MP Camera, 5000mAh Battery, 5G",32,105600,3.2
6854,Xiaomi Laptop Model 6854,"i5, 32GB RAM, 1TB SSD",27,52193,4.4
6855,Xiaomi Laptop Model 6855,"Ryzen 5, 16GB RAM, 1TB SSD",10,51201,4.9
6856,OnePlus Laptop Model 6856,"i7, 8GB RAM, 512GB SSD",50,45984,3.5
6857,Lenovo Smartwatch Model 6857,"SpO2, AMOLED Display",48,44190,4.9
6858,Apple Smartwatch Model 6858,"GPS, AMOLED Display",49,9428,3.5
6859,HP Mobile Model 6859,"64MP Camera, 6000mAh Battery, 5G",17,14474,3.6
6860,Asus Mobile Model 6860,"64MP Camera, 6000mAh Battery, 5G",44,69657,3.4
6861,OnePlus Laptop Model 6861,"i5, 32GB RAM, 1TB SSD",39,110890,4.5
6862,Asus Laptop Model 6862,"i7, 32GB RAM, 1TB SSD",13,37096,4.3
6863,Dell Smartwatch Model 6863,"SpO2, AMOLED Display",18,96014,4.6
6864,Acer Laptop Model 6864,"i7, 32GB RAM, 256GB SSD",5,57989,3.4
6865,Samsung Laptop Model 6865,"i7, 32GB RAM, 256GB SSD",49,68791,3.4
6866,Xiaomi Smartwatch Model 6866,"GPS, AMOLED Display",37,125724,4.6
6867,Samsung Laptop Model 6867,"i7, 32GB RAM, 256GB SSD",16,51391,3.8
6868,Dell Smartwatch Model 6868,"GPS, AMOLED Display",47,126760,4.7
6869,HP Mobile Model 6869,"108MP Camera, 5000mAh Battery, 5G",26,136264,3.3
6870,Acer Mobile Model 6870,"50MP Camera, 5000mAh Battery, 5G",26,55812,4.1
6871,Samsung Smartwatch Model 6871,"GPS, AMOLED Display",20,30992,5.0
6872,Xiaomi Mobile Model 6872,"64MP Camera, 5000mAh Battery, 5G",36,104998,3.0
6873,Lenovo Smartwatch Model 6873,"GPS, LCD Display",6,78655,3.2
6874,Asus Laptop Model 6874,"Ryzen 7, 8GB RAM, 512GB SSD",27,143580,4.7
6875,Dell Mobile Model 6875,"108MP Camera, 5000mAh Battery, 5G",37,119722,3.1
6876,Xiaomi Laptop Model 6876,"i5, 32GB RAM, 1TB SSD",49,49589,3.5
6877,Xiaomi Laptop Model 6877,"Ryzen 7, 16GB RAM, 1TB SSD",13,135047,3.9
6878,Lenovo Laptop Model 6878,"Ryzen 7, 32GB RAM, 256GB SSD",33,128925,4.4
6879,Asus Smartwatch Model 6879,"SpO2, AMOLED Display",47,143815,4.4
6880,OnePlus Smartwatch Model 6880,"SpO2, LCD Display",47,96881,3.4
6881,HP Smartwatch Model 6881,"SpO2, AMOLED Display",9,83902,3.5
6882,Asus Mobile Model 6882,"50MP Camera, 6000mAh Battery, 5G",38,143024,4.2
6883,Lenovo Laptop Model 6883,"Ryzen 5, 16GB RAM, 256GB SSD",24,126197,3.0
6884,Xiaomi Smartwatch Model 6884,"GPS, AMOLED Display",21,115834,4.1
6885,OnePlus Smartwatch Model 6885,"Heart Rate, AMOLED Display",6,17710,3.3
6886,Acer Laptop Model 6886,"i5, 32GB RAM, 1TB SSD",17,63485,4.7
6887,Dell Smartwatch Model 6887,"GPS, LCD Display",6,116083,5.0
6888,Sony Smartwatch Model 6888,"SpO2, AMOLED Display",14,18957,4.0
6889,Sony Mobile Model 6889,"64MP Camera, 5000mAh Battery, 5G",12,81397,4.8
6890,Acer Laptop Model 6890,"Ryzen 5, 16GB RAM, 256GB SSD",36,106143,4.7
6891,Acer Mobile Model 6891,"64MP Camera, 6000mAh Battery, 5G",27,60469,4.2
6892,Samsung Smartwatch Model 6892,"GPS, LCD Display",36,23531,4.5
6893,Acer Smartwatch Model 6893,"Heart Rate, LCD Display",7,29467,5.0
6894,Samsung Smartwatch Model 6894,"SpO2, AMOLED Display",17,137319,3.5
6895,Samsung Smartwatch Model 6895,"GPS, AMOLED Display",35,62822,4.8
6896,Lenovo Laptop Model 6896,"i7, 16GB RAM, 256GB SSD",9,90526,4.6
6897,Xiaomi Mobile Model 6897,"64MP Camera, 6000mAh Battery, 5G",14,142797,4.0
6898,Xiaomi Laptop Model 6898,"i5, 32GB RAM, 512GB SSD",10,88104,3.0
6899,HP Mobile Model 6899,"64MP Camera, 6000mAh Battery, 5G",11,97599,4.4
6900,Samsung Laptop Model 6900,"Ryzen 5, 16GB RAM, 256GB SSD",44,26536,3.7
6901,Samsung Mobile Model 6901,"108MP Camera, 4000mAh Battery, 5G",43,131248,4.7
6902,OnePlus Smartwatch Model 6902,"GPS, LCD Display",45,55133,3.2
6903,Acer Mobile Model 6903,"64MP Camera, 4000mAh Battery, 5G",39,84058,3.2
6904,Dell Smartwatch Model 6904,"SpO2, LCD Display",21,58762,4.6
6905,Xiaomi Laptop Model 6905,"i5, 16GB RAM, 1TB SSD",14,139446,3.1
6906,Sony Smartwatch Model 6906,"Heart Rate, LCD Display",29,88150,3.7
6907,Sony Smartwatch Model 6907,"GPS, LCD Display",8,123973,4.2
6908,Xiaomi Mobile Model 6908,"108MP Camera, 5000mAh Battery, 5G",33,47917,3.6
6909,Acer Mobile Model 6909,"50MP Camera, 5000mAh Battery, 5G",23,109245,3.8
6910,Sony Laptop Model 6910,"Ryzen 7, 8GB RAM, 256GB SSD",38,57332,4.5
6911,Asus Mobile Model 6911,"50MP Camera, 6000mAh Battery, 5G",31,60562,3.2
6912,Xiaomi Smartwatch Model 6912,"Heart Rate, LCD Display",14,76168,4.3
6913,Lenovo Mobile Model 6913,"64MP Camera, 4000mAh Battery, 5G",38,58176,4.6
6914,Asus Smartwatch Model 6914,"SpO2, AMOLED Display",36,119782,3.0
6915,Lenovo Laptop Model 6915,"i7, 32GB RAM, 1TB SSD",8,115330,3.5
6916,Samsung Smartwatch Model 6916,"SpO2, LCD Display",32,22396,4.5
6917,OnePlus Laptop Model 6917,"Ryzen 5, 16GB RAM, 512GB SSD",32,78932,3.4
6918,Lenovo Smartwatch Model 6918,"Heart Rate, LCD Display",27,75823,3.7
6919,Asus Smartwatch Model 6919,"Heart Rate, AMOLED Display",36,45064,3.8
6920,Sony Mobile Model 6920,"64MP Camera, 5000mAh Battery, 5G",40,48645,4.7
6921,Asus Mobile Model 6921,"50MP Camera, 6000mAh Battery, 5G",41,73610,4.4
6922,OnePlus Laptop Model 6922,"i5, 16GB RAM, 1TB SSD",47,78701,3.2
6923,Samsung Smartwatch Model 6923,"GPS, AMOLED Display",35,45143,3.5
6924,Xiaomi Smartwatch Model 6924,"GPS, LCD Display",40,60801,4.1
6925,Lenovo Mobile Model 6925,"108MP Camera, 6000mAh Battery, 5G",49,73758,4.6
6926,Lenovo Mobile Model 6926,"64MP Camera, 5000mAh Battery, 5G",29,18807,4.6
6927,Acer Smartwatch Model 6927,"Heart Rate, LCD Display",26,71142,4.5
6928,Xiaomi Smartwatch Model 6928,"GPS, AMOLED Display",35,121101,3.3
6929,Dell Smartwatch Model 6929,"GPS, AMOLED Display",26,149973,3.9
6930,Lenovo Laptop Model 6930,"Ryzen 7, 16GB RAM, 1TB SSD",24,48779,3.9
6931,Dell Smartwatch Model 6931,"Heart Rate, LCD Display",39,97076,4.5
6932,Apple Smartwatch Model 6932,"Heart Rate, LCD Display",22,122384,4.0
6933,Lenovo Laptop Model 6933,"Ryzen 5, 32GB RAM, 512GB SSD",8,98349,3.7
6934,OnePlus Smartwatch Model 6934,"Heart Rate, AMOLED Display",40,29862,3.7
6935,Acer Smartwatch Model 6935,"SpO2, AMOLED Display",40,124522,3.9
6936,Dell Laptop Model 6936,"i7, 16GB RAM, 1TB SSD",50,41628,4.8
6937,Samsung Smartwatch Model 6937,"SpO2, LCD Display",12,43016,3.9
6938,HP Mobile Model 6938,"64MP Camera, 5000mAh Battery, 5G",10,136461,3.1
6939,Lenovo Mobile Model 6939,"50MP Camera, 6000mAh Battery, 5G",33,32946,3.3
6940,Asus Mobile Model 6940,"64MP Camera, 6000mAh Battery, 5G",49,99658,3.1
6941,HP Laptop Model 6941,"Ryzen 7, 16GB RAM, 1TB SSD",31,62763,3.3
6942,Samsung Smartwatch Model 6942,"SpO2, AMOLED Display",13,149117,4.2
6943,Acer Smartwatch Model 6943,"Heart Rate, AMOLED Display",20,56742,3.4
6944,Lenovo Mobile Model 6944,"108MP Camera, 6000mAh Battery, 5G",41,102551,3.2
6945,Sony Smartwatch Model 6945,"GPS, AMOLED Display",17,12076,4.0
6946,Asus Mobile Model 6946,"108MP Camera, 5000mAh Battery, 5G",20,41213,4.1
6947,Dell Laptop Model 6947,"Ryzen 7, 16GB RAM, 1TB SSD",34,40529,4.1
6948,OnePlus Mobile Model 6948,"108MP Camera, 6000mAh Battery, 5G",30,139246,4.9
6949,HP Mobile Model 6949,"64MP Camera, 6000mAh Battery, 5G",34,96192,4.0
6950,Lenovo Mobile Model 6950,"108MP Camera, 4000mAh Battery, 5G",25,28983,3.6
6951,Acer Laptop Model 6951,"i5, 8GB RAM, 256GB SSD",47,95209,3.3
6952,Acer Laptop Model 6952,"i7, 32GB RAM, 512GB SSD",17,143906,4.0
6953,Sony Smartwatch Model 6953,"SpO2, AMOLED Display",11,53693,3.3
6954,Acer Smartwatch Model 6954,"Heart Rate, AMOLED Display",9,15185,3.1
6955,Dell Smartwatch Model 6955,"GPS, AMOLED Display",44,121649,4.2
6956,Lenovo Mobile Model 6956,"50MP Camera, 4000mAh Battery, 5G",29,86241,4.7
6957,Samsung Laptop Model 6957,"Ryzen 7, 16GB RAM, 1TB SSD",37,139372,3.7
6958,Samsung Mobile Model 6958,"108MP Camera, 4000mAh Battery, 5G",24,35917,4.5
6959,Lenovo Smartwatch Model 6959,"SpO2, AMOLED Display",25,59815,3.3
6960,Xiaomi Smartwatch Model 6960,"GPS, LCD Display",41,88940,3.6
6961,Acer Mobile Model 6961,"64MP Camera, 4000mAh Battery, 5G",28,42549,4.6
6962,Lenovo Laptop Model 6962,"Ryzen 5, 16GB RAM, 512GB SSD",7,20481,4.2
6963,Sony Mobile Model 6963,"108MP Camera, 6000mAh Battery, 5G",24,132171,4.7
6964,HP Mobile Model 6964,"108MP Camera, 5000mAh Battery, 5G",12,59603,4.3
6965,Dell Mobile Model 6965,"64MP Camera, 6000mAh Battery, 5G",12,89523,4.3
6966,Acer Mobile Model 6966,"108MP Camera, 5000mAh Battery, 5G",15,109795,4.1
6967,Dell Laptop Model 6967,"i5, 32GB RAM, 1TB SSD",11,127393,4.1
6968,Lenovo Mobile Model 6968,"50MP Camera, 4000mAh Battery, 5G",24,96839,4.8
6969,Apple Mobile Model 6969,"64MP Camera, 6000mAh Battery, 5G",20,79690,4.8
6970,Acer Laptop Model 6970,"Ryzen 5, 32GB RAM, 1TB SSD",21,120967,4.5
6971,Samsung Smartwatch Model 6971,"SpO2, AMOLED Display",37,82344,3.2
6972,HP Laptop Model 6972,"i7, 32GB RAM, 512GB SSD",36,105308,3.6
6973,Lenovo Mobile Model 6973,"50MP Camera, 4000mAh Battery, 5G",16,37981,4.7
6974,Acer Laptop Model 6974,"Ryzen 5, 16GB RAM, 256GB SSD",7,101000,3.1
6975,Xiaomi Mobile Model 6975,"50MP Camera, 5000mAh Battery, 5G",15,42955,3.1
6976,Sony Smartwatch Model 6976,"Heart Rate, LCD Display",43,35143,4.7
6977,HP Laptop Model 6977,"Ryzen 7, 16GB RAM, 256GB SSD",20,21241,3.2
6978,Samsung Smartwatch Model 6978,"GPS, AMOLED Display",21,79093,4.8
6979,Samsung Mobile Model 6979,"108MP Camera, 4000mAh Battery, 5G",19,111806,4.1
6980,Xiaomi Smartwatch Model 6980,"SpO2, AMOLED Display",13,44806,3.0
6981,Dell Laptop Model 6981,"Ryzen 5, 32GB RAM, 512GB SSD",8,73741,3.7
6982,HP Laptop Model 6982,"Ryzen 7, 16GB RAM, 256GB SSD",29,88301,3.8
6983,Samsung Mobile Model 6983,"50MP Camera, 4000mAh Battery, 5G",24,64755,4.1
6984,HP Laptop Model 6984,"Ryzen 5, 32GB RAM, 256GB SSD",18,38788,3.3
6985,HP Laptop Model 6985,"Ryzen 5, 16GB RAM, 512GB SSD",40,96227,3.1
6986,Lenovo Mobile Model 6986,"64MP Camera, 6000mAh Battery, 5G",23,69216,5.0
6987,Sony Laptop Model 6987,"Ryzen 5, 32GB RAM, 256GB SSD",9,24201,4.0
6988,Asus Mobile Model 6988,"108MP Camera, 5000mAh Battery, 5G",39,39982,4.8
6989,Asus Laptop Model 6989,"Ryzen 7, 8GB RAM, 1TB SSD",26,19867,3.5
6990,Dell Mobile Model 6990,"50MP Camera, 5000mAh Battery, 5G",24,125801,4.8
6991,Dell Laptop Model 6991,"i5, 32GB RAM, 256GB SSD",28,131786,3.2
6992,Samsung Laptop Model 6992,"i5, 32GB RAM, 256GB SSD",37,90738,3.6
6993,Lenovo Laptop Model 6993,"i7, 8GB RAM, 512GB SSD",21,127569,3.6
6994,Dell Smartwatch Model 6994,"GPS, AMOLED Display",12,10210,4.1
6995,Asus Mobile Model 6995,"64MP Camera, 4000mAh Battery, 5G",5,50965,4.2
6996,Samsung Laptop Model 6996,"Ryzen 5, 16GB RAM, 1TB SSD",21,146118,3.8
6997,Sony Laptop Model 6997,"Ryzen 7, 32GB RAM, 256GB SSD",10,80076,4.1
6998,Lenovo Smartwatch Model 6998,"Heart Rate, AMOLED Display",26,146974,4.0
6999,Lenovo Laptop Model 6999,"Ryzen 5, 8GB RAM, 512GB SSD",36,84765,3.5
7000,Acer Smartwatch Model 7000,"GPS, AMOLED Display",37,53640,4.3
7001,Sony Mobile Model 7001,"64MP Camera, 6000mAh Battery, 5G",11,48453,3.3
7002,OnePlus Mobile Model 7002,"50MP Camera, 4000mAh Battery, 5G",35,112598,3.8
7003,Acer Smartwatch Model 7003,"Heart Rate, LCD Display",32,35451,3.9
7004,Dell Smartwatch Model 7004,"SpO2, AMOLED Display",8,85816,3.7
7005,Sony Mobile Model 7005,"108MP Camera, 6000mAh Battery, 5G",18,49869,3.7
7006,Lenovo Smartwatch Model 7006,"Heart Rate, LCD Display",50,53048,3.8
7007,Sony Mobile Model 7007,"108MP Camera, 4000mAh Battery, 5G",36,147394,4.8
7008,Xiaomi Smartwatch Model 7008,"Heart Rate, AMOLED Display",40,98460,3.5
7009,Lenovo Smartwatch Model 7009,"Heart Rate, AMOLED Display",22,90084,3.8
7010,Samsung Smartwatch Model 7010,"GPS, LCD Display",25,109385,4.2
7011,Sony Mobile Model 7011,"108MP Camera, 6000mAh Battery, 5G",29,37970,3.7
7012,Xiaomi Mobile Model 7012,"108MP Camera, 4000mAh Battery, 5G",26,69794,4.6
7013,Dell Smartwatch Model 7013,"GPS, LCD Display",26,105531,3.8
7014,Xiaomi Laptop Model 7014,"i7, 8GB RAM, 512GB SSD",33,134937,4.8
7015,Sony Smartwatch Model 7015,"GPS, AMOLED Display",5,147567,3.6
7016,Acer Laptop Model 7016,"i7, 32GB RAM, 256GB SSD",46,63139,4.7
7017,HP Smartwatch Model 7017,"Heart Rate, AMOLED Display",13,123920,3.2
7018,Acer Laptop Model 7018,"i7, 32GB RAM, 1TB SSD",14,140560,3.3
7019,Samsung Smartwatch Model 7019,"SpO2, AMOLED Display",35,121180,3.9
7020,HP Smartwatch Model 7020,"SpO2, AMOLED Display",19,39485,4.6
7021,HP Smartwatch Model 7021,"SpO2, LCD Display",15,92588,5.0
7022,Samsung Smartwatch Model 7022,"GPS, LCD Display",33,22312,4.8
7023,Samsung Smartwatch Model 7023,"Heart Rate, LCD Display",37,6453,4.7
7024,Asus Laptop Model 7024,"i7, 16GB RAM, 256GB SSD",14,64229,3.8
7025,Asus Mobile Model 7025,"50MP Camera, 4000mAh Battery, 5G",15,85942,4.3
7026,HP Laptop Model 7026,"Ryzen 5, 32GB RAM, 256GB SSD",16,119093,4.0
7027,Sony Laptop Model 7027,"i7, 32GB RAM, 512GB SSD",7,139410,4.1
7028,Dell Mobile Model 7028,"50MP Camera, 6000mAh Battery, 5G",7,63146,4.4
7029,OnePlus Mobile Model 7029,"50MP Camera, 6000mAh Battery, 5G",14,136773,3.8
7030,HP Laptop Model 7030,"i7, 32GB RAM, 1TB SSD",15,42148,4.2
7031,Sony Smartwatch Model 7031,"GPS, AMOLED Display",31,50310,4.7
7032,Asus Smartwatch Model 7032,"GPS, LCD Display",49,70942,4.4
7033,Dell Mobile Model 7033,"64MP Camera, 6000mAh Battery, 5G",41,73156,3.2
7034,Samsung Mobile Model 7034,"108MP Camera, 5000mAh Battery, 5G",23,145253,4.0
7035,Acer Mobile Model 7035,"108MP Camera, 4000mAh Battery, 5G",36,14053,3.3
7036,Acer Laptop Model 7036,"Ryzen 7, 32GB RAM, 256GB SSD",33,82392,4.4
7037,Lenovo Laptop Model 7037,"Ryzen 7, 16GB RAM, 256GB SSD",27,101357,4.4
7038,Acer Smartwatch Model 7038,"GPS, AMOLED Display",26,78180,3.1
7039,OnePlus Smartwatch Model 7039,"GPS, AMOLED Display",20,84135,3.7
7040,HP Smartwatch Model 7040,"GPS, AMOLED Display",21,27460,3.7
7041,Samsung Laptop Model 7041,"Ryzen 7, 16GB RAM, 1TB SSD",42,110156,4.8
7042,Dell Laptop Model 7042,"i5, 8GB RAM, 512GB SSD",25,73904,4.2
7043,Apple Smartwatch Model 7043,"GPS, LCD Display",20,96775,3.3
7044,OnePlus Mobile Model 7044,"108MP Camera, 6000mAh Battery, 5G",43,127885,3.2
7045,Xiaomi Smartwatch Model 7045,"SpO2, LCD Display",13,109350,3.5
7046,Lenovo Laptop Model 7046,"Ryzen 7, 8GB RAM, 256GB SSD",10,87520,3.1
7047,Samsung Laptop Model 7047,"i7, 32GB RAM, 512GB SSD",28,148915,4.4
7048,Lenovo Laptop Model 7048,"i5, 8GB RAM, 256GB SSD",30,144756,3.2
7049,Asus Mobile Model 7049,"50MP Camera, 4000mAh Battery, 5G",35,88239,3.1
7050,HP Laptop Model 7050,"i7, 8GB RAM, 512GB SSD",15,82004,3.5
7051,Sony Laptop Model 7051,"i7, 8GB RAM, 1TB SSD",32,39908,3.4
7052,Dell Mobile Model 7052,"64MP Camera, 6000mAh Battery, 5G",11,18114,4.5
7053,Apple Mobile Model 7053,"64MP Camera, 4000mAh Battery, 5G",23,74817,4.6
7054,Lenovo Mobile Model 7054,"64MP Camera, 5000mAh Battery, 5G",18,123882,3.8
7055,OnePlus Mobile Model 7055,"50MP Camera, 5000mAh Battery, 5G",11,45645,4.5
7056,HP Mobile Model 7056,"108MP Camera, 5000mAh Battery, 5G",12,115827,5.0
7057,Lenovo Mobile Model 7057,"50MP Camera, 6000mAh Battery, 5G",45,77274,4.2
7058,Acer Mobile Model 7058,"108MP Camera, 6000mAh Battery, 5G",46,88496,4.6
7059,Samsung Laptop Model 7059,"Ryzen 5, 16GB RAM, 1TB SSD",33,33594,4.5
7060,Dell Smartwatch Model 7060,"Heart Rate, AMOLED Display",22,141345,4.5
7061,Apple Mobile Model 7061,"50MP Camera, 4000mAh Battery, 5G",40,10485,3.6
7062,Asus Mobile Model 7062,"108MP Camera, 5000mAh Battery, 5G",32,75331,3.6
7063,Dell Mobile Model 7063,"108MP Camera, 4000mAh Battery, 5G",25,81665,4.5
7064,HP Smartwatch Model 7064,"SpO2, LCD Display",38,120923,4.9
7065,Asus Laptop Model 7065,"i7, 32GB RAM, 1TB SSD",18,65710,3.2
7066,Asus Smartwatch Model 7066,"Heart Rate, LCD Display",29,5229,4.4
7067,Asus Laptop Model 7067,"i7, 16GB RAM, 1TB SSD",15,15269,3.2
7068,Xiaomi Laptop Model 7068,"Ryzen 5, 32GB RAM, 256GB SSD",12,142740,4.6
7069,HP Smartwatch Model 7069,"GPS, AMOLED Display",24,121520,4.6
7070,HP Laptop Model 7070,"i5, 8GB RAM, 512GB SSD",45,110054,3.1
7071,OnePlus Mobile Model 7071,"64MP Camera, 5000mAh Battery, 5G",11,92392,4.5
7072,Lenovo Mobile Model 7072,"64MP Camera, 5000mAh Battery, 5G",25,82141,3.2
7073,Asus Mobile Model 7073,"64MP Camera, 4000mAh Battery, 5G",25,90585,4.6
7074,Asus Laptop Model 7074,"Ryzen 7, 8GB RAM, 1TB SSD",18,41596,4.3
7075,OnePlus Laptop Model 7075,"i7, 32GB RAM, 512GB SSD",48,6202,4.1
7076,OnePlus Mobile Model 7076,"108MP Camera, 6000mAh Battery, 5G",29,113278,4.5
7077,Xiaomi Laptop Model 7077,"i7, 16GB RAM, 256GB SSD",39,121329,4.0
7078,Xiaomi Laptop Model 7078,"Ryzen 7, 32GB RAM, 1TB SSD",20,111931,4.7
7079,Dell Laptop Model 7079,"Ryzen 5, 16GB RAM, 256GB SSD",39,117900,4.5
7080,Sony Laptop Model 7080,"i5, 8GB RAM, 512GB SSD",21,31982,4.6
7081,OnePlus Smartwatch Model 7081,"Heart Rate, LCD Display",18,137942,4.2
7082,Xiaomi Smartwatch Model 7082,"GPS, LCD Display",34,138315,3.7
7083,Apple Mobile Model 7083,"64MP Camera, 4000mAh Battery, 5G",19,134174,3.2
7084,Dell Smartwatch Model 7084,"GPS, AMOLED Display",11,16839,3.8
7085,Asus Laptop Model 7085,"i7, 16GB RAM, 512GB SSD",26,86978,4.2
7086,Xiaomi Mobile Model 7086,"108MP Camera, 6000mAh Battery, 5G",19,76750,3.8
7087,Samsung Laptop Model 7087,"Ryzen 7, 16GB RAM, 512GB SSD",34,135250,4.0
7088,Asus Mobile Model 7088,"64MP Camera, 4000mAh Battery, 5G",8,44505,4.7
7089,Sony Mobile Model 7089,"108MP Camera, 6000mAh Battery, 5G",37,108759,3.8
7090,Dell Mobile Model 7090,"64MP Camera, 6000mAh Battery, 5G",31,28642,4.9
7091,OnePlus Laptop Model 7091,"i5, 16GB RAM, 512GB SSD",31,7702,4.3
7092,HP Smartwatch Model 7092,"Heart Rate, LCD Display",49,35942,3.9
7093,HP Mobile Model 7093,"108MP Camera, 4000mAh Battery, 5G",26,52829,4.5
7094,HP Mobile Model 7094,"50MP Camera, 5000mAh Battery, 5G",18,60428,3.7
7095,OnePlus Smartwatch Model 7095,"Heart Rate, AMOLED Display",20,7596,3.3
7096,Apple Smartwatch Model 7096,"Heart Rate, LCD Display",33,128674,4.0
7097,Acer Smartwatch Model 7097,"Heart Rate, AMOLED Display",8,132356,4.9
7098,Samsung Smartwatch Model 7098,"Heart Rate, LCD Display",13,23831,3.9
7099,Acer Smartwatch Model 7099,"SpO2, AMOLED Display",8,36485,3.9
7100,Acer Mobile Model 7100,"50MP Camera, 4000mAh Battery, 5G",37,120394,4.1
7101,Sony Mobile Model 7101,"64MP Camera, 6000mAh Battery, 5G",31,119365,3.1
7102,Acer Smartwatch Model 7102,"SpO2, LCD Display",30,103925,3.1
7103,Dell Laptop Model 7103,"i7, 16GB RAM, 1TB SSD",44,113888,3.7
7104,Apple Smartwatch Model 7104,"GPS, AMOLED Display",25,120499,4.3
7105,Apple Mobile Model 7105,"50MP Camera, 5000mAh Battery, 5G",24,134919,4.7
7106,Acer Mobile Model 7106,"108MP Camera, 6000mAh Battery, 5G",15,67788,3.3
7107,Sony Smartwatch Model 7107,"Heart Rate, AMOLED Display",19,39735,3.6
7108,OnePlus Mobile Model 7108,"108MP Camera, 4000mAh Battery, 5G",6,37900,4.1
7109,HP Laptop Model 7109,"i5, 16GB RAM, 512GB SSD",19,56697,3.6
7110,Apple Mobile Model 7110,"64MP Camera, 4000mAh Battery, 5G",27,53017,3.1
7111,Samsung Smartwatch Model 7111,"SpO2, AMOLED Display",8,78100,3.2
7112,Xiaomi Mobile Model 7112,"64MP Camera, 6000mAh Battery, 5G",48,16651,3.9
7113,Apple Laptop Model 7113,"Ryzen 5, 8GB RAM, 512GB SSD",44,103556,3.8
7114,Asus Laptop Model 7114,"i5, 16GB RAM, 256GB SSD",40,146720,4.5
7115,Acer Laptop Model 7115,"i7, 16GB RAM, 256GB SSD",12,65460,3.1
7116,Samsung Smartwatch Model 7116,"GPS, AMOLED Display",23,91348,4.2
7117,Xiaomi Mobile Model 7117,"50MP Camera, 5000mAh Battery, 5G",46,19019,4.0
7118,HP Mobile Model 7118,"64MP Camera, 5000mAh Battery, 5G",16,63086,3.3
7119,Apple Mobile Model 7119,"50MP Camera, 6000mAh Battery, 5G",38,86188,4.3
7120,Xiaomi Mobile Model 7120,"50MP Camera, 6000mAh Battery, 5G",42,111314,3.0
7121,Apple Mobile Model 7121,"50MP Camera, 5000mAh Battery, 5G",34,23810,3.7
7122,Apple Mobile Model 7122,"50MP Camera, 4000mAh Battery, 5G",20,134368,3.8
7123,Asus Laptop Model 7123,"Ryzen 5, 32GB RAM, 1TB SSD",41,123275,4.6
7124,HP Laptop Model 7124,"Ryzen 7, 16GB RAM, 512GB SSD",21,39786,4.6
7125,Samsung Mobile Model 7125,"64MP Camera, 5000mAh Battery, 5G",34,99753,4.7
7126,Samsung Smartwatch Model 7126,"SpO2, AMOLED Display",27,107153,3.7
7127,Acer Laptop Model 7127,"Ryzen 5, 32GB RAM, 1TB SSD",8,64121,3.1
7128,Xiaomi Laptop Model 7128,"Ryzen 7, 8GB RAM, 1TB SSD",41,115284,4.3
7129,Acer Laptop Model 7129,"Ryzen 7, 16GB RAM, 256GB SSD",28,123033,3.6
7130,Asus Mobile Model 7130,"64MP Camera, 5000mAh Battery, 5G",10,107184,4.9
7131,Apple Mobile Model 7131,"64MP Camera, 4000mAh Battery, 5G",23,134010,4.7
7132,Asus Smartwatch Model 7132,"SpO2, LCD Display",8,126142,3.8
7133,Samsung Smartwatch Model 7133,"Heart Rate, LCD Display",32,130263,3.6
7134,Acer Smartwatch Model 7134,"GPS, LCD Display",16,93385,4.2
7135,Lenovo Smartwatch Model 7135,"GPS, LCD Display",39,66007,3.4
7136,Asus Laptop Model 7136,"Ryzen 7, 8GB RAM, 512GB SSD",22,63088,4.0
7137,Apple Mobile Model 7137,"108MP Camera, 6000mAh Battery, 5G",20,15408,3.4
7138,Acer Mobile Model 7138,"64MP Camera, 6000mAh Battery, 5G",35,145923,3.8
7139,Apple Laptop Model 7139,"i5, 8GB RAM, 256GB SSD",12,47782,4.5
7140,Lenovo Smartwatch Model 7140,"Heart Rate, AMOLED Display",15,43086,4.5
7141,Asus Smartwatch Model 7141,"SpO2, LCD Display",25,149138,4.7
7142,Acer Mobile Model 7142,"50MP Camera, 4000mAh Battery, 5G",35,147116,4.2
7143,Samsung Smartwatch Model 7143,"Heart Rate, AMOLED Display",5,78221,4.1
7144,HP Smartwatch Model 7144,"Heart Rate, AMOLED Display",46,92335,4.6
7145,Lenovo Smartwatch Model 7145,"SpO2, LCD Display",45,71317,4.2
7146,OnePlus Laptop Model 7146,"i5, 32GB RAM, 1TB SSD",17,6443,3.9
7147,Xiaomi Laptop Model 7147,"Ryzen 7, 32GB RAM, 256GB SSD",25,20828,4.3
7148,Asus Mobile Model 7148,"50MP Camera, 6000mAh Battery, 5G",11,149931,4.0
7149,Dell Laptop Model 7149,"Ryzen 5, 32GB RAM, 512GB SSD",35,64051,4.1
7150,Asus Mobile Model 7150,"108MP Camera, 4000mAh Battery, 5G",31,103593,4.7
7151,HP Smartwatch Model 7151,"SpO2, LCD Display",42,25165,3.6
7152,Acer Laptop Model 7152,"Ryzen 7, 16GB RAM, 256GB SSD",23,28947,5.0
7153,HP Laptop Model 7153,"Ryzen 7, 16GB RAM, 1TB SSD",10,113908,3.9
7154,Asus Smartwatch Model 7154,"GPS, AMOLED Display",29,88092,4.2
7155,HP Laptop Model 7155,"Ryzen 7, 8GB RAM, 256GB SSD",29,53944,4.9
7156,Samsung Smartwatch Model 7156,"Heart Rate, AMOLED Display",43,39953,4.1
7157,HP Mobile Model 7157,"50MP Camera, 4000mAh Battery, 5G",19,97038,4.7
7158,Sony Mobile Model 7158,"64MP Camera, 5000mAh Battery, 5G",19,9791,3.4
7159,OnePlus Mobile Model 7159,"50MP Camera, 4000mAh Battery, 5G",16,11342,3.3
7160,HP Smartwatch Model 7160,"Heart Rate, AMOLED Display",5,31158,4.5
7161,Xiaomi Mobile Model 7161,"50MP Camera, 5000mAh Battery, 5G",44,102007,4.7
7162,Lenovo Smartwatch Model 7162,"SpO2, AMOLED Display",9,109510,3.0
7163,Sony Smartwatch Model 7163,"Heart Rate, AMOLED Display",34,34832,3.4
7164,Lenovo Mobile Model 7164,"50MP Camera, 4000mAh Battery, 5G",12,139680,4.0
7165,HP Mobile Model 7165,"50MP Camera, 6000mAh Battery, 5G",46,34322,4.9
7166,Asus Laptop Model 7166,"Ryzen 5, 16GB RAM, 512GB SSD",45,148565,4.3
7167,Samsung Smartwatch Model 7167,"Heart Rate, LCD Display",8,149230,4.7
7168,Dell Laptop Model 7168,"Ryzen 5, 8GB RAM, 1TB SSD",39,107911,4.5
7169,Asus Smartwatch Model 7169,"Heart Rate, LCD Display",41,127876,4.7
7170,Samsung Mobile Model 7170,"64MP Camera, 6000mAh Battery, 5G",20,119001,3.7
7171,Apple Laptop Model 7171,"Ryzen 5, 16GB RAM, 512GB SSD",21,10506,3.2
7172,Samsung Smartwatch Model 7172,"Heart Rate, LCD Display",49,70063,4.5
7173,Samsung Laptop Model 7173,"Ryzen 5, 16GB RAM, 512GB SSD",38,87111,4.2
7174,Sony Smartwatch Model 7174,"GPS, AMOLED Display",32,5730,3.9
7175,Samsung Mobile Model 7175,"50MP Camera, 4000mAh Battery, 5G",27,128953,4.4
7176,Xiaomi Smartwatch Model 7176,"SpO2, LCD Display",39,17237,3.6
7177,Sony Laptop Model 7177,"i7, 32GB RAM, 1TB SSD",28,49397,4.7
7178,Xiaomi Smartwatch Model 7178,"Heart Rate, LCD Display",8,136492,4.2
7179,Dell Mobile Model 7179,"108MP Camera, 4000mAh Battery, 5G",39,59659,3.7
7180,HP Laptop Model 7180,"i5, 16GB RAM, 512GB SSD",11,148415,3.9
7181,Samsung Smartwatch Model 7181,"GPS, LCD Display",32,143059,3.6
7182,Samsung Smartwatch Model 7182,"SpO2, LCD Display",48,44921,3.1
7183,Xiaomi Laptop Model 7183,"i5, 16GB RAM, 256GB SSD",15,95405,3.5
7184,Asus Smartwatch Model 7184,"GPS, AMOLED Display",41,63161,3.7
7185,Xiaomi Laptop Model 7185,"i7, 16GB RAM, 256GB SSD",43,18644,4.4
7186,OnePlus Mobile Model 7186,"108MP Camera, 4000mAh Battery, 5G",25,75147,3.8
7187,Dell Mobile Model 7187,"64MP Camera, 5000mAh Battery, 5G",43,48210,4.3
7188,Xiaomi Laptop Model 7188,"Ryzen 5, 32GB RAM, 1TB SSD",37,143378,4.1
7189,Lenovo Smartwatch Model 7189,"GPS, LCD Display",22,80299,3.6
7190,Asus Laptop Model 7190,"Ryzen 7, 8GB RAM, 1TB SSD",25,54292,4.6
7191,Acer Mobile Model 7191,"64MP Camera, 6000mAh Battery, 5G",11,85245,4.4
7192,OnePlus Laptop Model 7192,"Ryzen 7, 32GB RAM, 512GB SSD",17,80201,3.2
7193,Lenovo Smartwatch Model 7193,"SpO2, LCD Display",18,82593,4.0
7194,Xiaomi Laptop Model 7194,"Ryzen 7, 8GB RAM, 1TB SSD",9,113577,4.0
7195,Lenovo Smartwatch Model 7195,"GPS, LCD Display",28,114134,4.5
7196,Asus Smartwatch Model 7196,"SpO2, AMOLED Display",30,109031,4.1
7197,Apple Smartwatch Model 7197,"Heart Rate, AMOLED Display",42,126999,3.5
7198,Dell Mobile Model 7198,"108MP Camera, 6000mAh Battery, 5G",50,138262,5.0
7199,Asus Smartwatch Model 7199,"GPS, LCD Display",46,42443,3.3
7200,Samsung Mobile Model 7200,"64MP Camera, 4000mAh Battery, 5G",20,29513,4.0
7201,Xiaomi Laptop Model 7201,"i5, 16GB RAM, 512GB SSD",47,93905,3.7
7202,Dell Laptop Model 7202,"Ryzen 5, 16GB RAM, 1TB SSD",41,43999,5.0
7203,HP Smartwatch Model 7203,"SpO2, LCD Display",18,45476,3.7
7204,Lenovo Smartwatch Model 7204,"SpO2, LCD Display",16,62532,4.4
7205,Xiaomi Mobile Model 7205,"50MP Camera, 4000mAh Battery, 5G",10,88616,4.6
7206,Xiaomi Laptop Model 7206,"i7, 8GB RAM, 256GB SSD",19,7342,5.0
7207,Samsung Mobile Model 7207,"50MP Camera, 6000mAh Battery, 5G",18,89417,3.7
7208,Acer Mobile Model 7208,"108MP Camera, 5000mAh Battery, 5G",42,131185,3.4
7209,Acer Mobile Model 7209,"64MP Camera, 6000mAh Battery, 5G",31,130450,3.9
7210,HP Smartwatch Model 7210,"SpO2, LCD Display",25,19999,3.6
7211,OnePlus Smartwatch Model 7211,"SpO2, AMOLED Display",40,83650,4.6
7212,Lenovo Smartwatch Model 7212,"Heart Rate, LCD Display",47,52947,4.1
7213,Sony Laptop Model 7213,"i5, 8GB RAM, 1TB SSD",23,88510,3.6
7214,Dell Laptop Model 7214,"i7, 32GB RAM, 256GB SSD",32,144561,4.5
7215,Apple Mobile Model 7215,"50MP Camera, 4000mAh Battery, 5G",16,89494,4.7
7216,Acer Mobile Model 7216,"108MP Camera, 5000mAh Battery, 5G",6,139467,3.8
7217,Lenovo Mobile Model 7217,"50MP Camera, 4000mAh Battery, 5G",10,48977,3.2
7218,OnePlus Laptop Model 7218,"i7, 16GB RAM, 1TB SSD",38,108336,4.2
7219,Dell Smartwatch Model 7219,"SpO2, LCD Display",47,45094,3.6
7220,Acer Laptop Model 7220,"Ryzen 7, 32GB RAM, 1TB SSD",17,93939,3.2
7221,OnePlus Mobile Model 7221,"50MP Camera, 5000mAh Battery, 5G",8,26808,4.4
7222,Sony Laptop Model 7222,"Ryzen 5, 8GB RAM, 512GB SSD",10,84112,3.7
7223,OnePlus Laptop Model 7223,"i7, 16GB RAM, 512GB SSD",26,80389,3.6
7224,Asus Mobile Model 7224,"108MP Camera, 4000mAh Battery, 5G",49,92929,4.4
7225,Dell Mobile Model 7225,"64MP Camera, 5000mAh Battery, 5G",28,82988,4.0
7226,Xiaomi Mobile Model 7226,"50MP Camera, 5000mAh Battery, 5G",8,68248,4.4
7227,Acer Smartwatch Model 7227,"Heart Rate, LCD Display",16,26003,4.7
7228,Sony Mobile Model 7228,"50MP Camera, 6000mAh Battery, 5G",17,54962,4.4
7229,Acer Smartwatch Model 7229,"GPS, AMOLED Display",39,74915,3.0
7230,Asus Laptop Model 7230,"i7, 8GB RAM, 512GB SSD",45,76783,3.3
7231,Sony Mobile Model 7231,"108MP Camera, 5000mAh Battery, 5G",32,31895,4.4
7232,Asus Smartwatch Model 7232,"SpO2, LCD Display",33,116842,4.7
7233,Asus Mobile Model 7233,"50MP Camera, 5000mAh Battery, 5G",25,42832,3.1
7234,Asus Laptop Model 7234,"Ryzen 7, 8GB RAM, 1TB SSD",40,107034,3.4
7235,Sony Smartwatch Model 7235,"Heart Rate, LCD Display",29,35703,3.7
7236,Samsung Mobile Model 7236,"50MP Camera, 5000mAh Battery, 5G",45,54092,4.4
7237,HP Mobile Model 7237,"64MP Camera, 6000mAh Battery, 5G",13,16655,3.9
7238,Acer Mobile Model 7238,"64MP Camera, 6000mAh Battery, 5G",30,99430,3.3
7239,Lenovo Laptop Model 7239,"Ryzen 5, 32GB RAM, 256GB SSD",47,100593,4.5
7240,Apple Laptop Model 7240,"Ryzen 7, 16GB RAM, 256GB SSD",15,149377,3.4
7241,HP Mobile Model 7241,"50MP Camera, 4000mAh Battery, 5G",35,16887,4.9
7242,Lenovo Mobile Model 7242,"108MP Camera, 5000mAh Battery, 5G",30,105236,4.8
7243,Lenovo Smartwatch Model 7243,"SpO2, LCD Display",5,88538,3.9
7244,Xiaomi Smartwatch Model 7244,"GPS, LCD Display",41,138721,5.0
7245,OnePlus Smartwatch Model 7245,"Heart Rate, AMOLED Display",45,130016,4.9
7246,Dell Smartwatch Model 7246,"SpO2, LCD Display",47,54852,4.2
7247,Asus Smartwatch Model 7247,"Heart Rate, LCD Display",6,76691,3.4
7248,Lenovo Laptop Model 7248,"i7, 32GB RAM, 256GB SSD",48,10085,3.2
7249,Samsung Smartwatch Model 7249,"Heart Rate, LCD Display",31,88812,3.0
7250,Lenovo Smartwatch Model 7250,"Heart Rate, LCD Display",49,34893,3.5
7251,Xiaomi Smartwatch Model 7251,"GPS, LCD Display",46,47948,3.9
7252,HP Smartwatch Model 7252,"GPS, LCD Display",47,43959,4.5
7253,Acer Mobile Model 7253,"108MP Camera, 4000mAh Battery, 5G",48,15800,3.1
7254,Samsung Mobile Model 7254,"50MP Camera, 4000mAh Battery, 5G",30,99404,3.4
7255,OnePlus Mobile Model 7255,"108MP Camera, 5000mAh Battery, 5G",20,17667,3.4
7256,Dell Smartwatch Model 7256,"Heart Rate, LCD Display",42,117648,4.7
7257,OnePlus Laptop Model 7257,"Ryzen 7, 16GB RAM, 512GB SSD",24,133449,4.1
7258,Sony Smartwatch Model 7258,"Heart Rate, AMOLED Display",48,41130,4.4
7259,Acer Smartwatch Model 7259,"SpO2, LCD Display",19,43593,4.9
7260,OnePlus Laptop Model 7260,"Ryzen 7, 16GB RAM, 1TB SSD",37,113896,3.3
7261,Acer Mobile Model 7261,"108MP Camera, 4000mAh Battery, 5G",26,62794,3.1
7262,Dell Mobile Model 7262,"64MP Camera, 6000mAh Battery, 5G",49,20759,4.8
7263,HP Laptop Model 7263,"i7, 32GB RAM, 512GB SSD",39,145403,3.5
7264,Dell Laptop Model 7264,"Ryzen 7, 32GB RAM, 1TB SSD",11,98824,4.4
7265,Sony Laptop Model 7265,"i7, 32GB RAM, 512GB SSD",22,23003,4.0
7266,OnePlus Smartwatch Model 7266,"SpO2, AMOLED Display",5,105068,3.3
7267,Dell Mobile Model 7267,"50MP Camera, 4000mAh Battery, 5G",43,117717,3.9
7268,OnePlus Laptop Model 7268,"Ryzen 7, 8GB RAM, 1TB SSD",45,128613,4.0
7269,Asus Smartwatch Model 7269,"SpO2, AMOLED Display",23,130989,3.6
7270,Samsung Laptop Model 7270,"Ryzen 5, 16GB RAM, 512GB SSD",40,39320,4.0
7271,Samsung Mobile Model 7271,"108MP Camera, 5000mAh Battery, 5G",7,135625,4.5
7272,Lenovo Mobile Model 7272,"108MP Camera, 6000mAh Battery, 5G",50,68069,3.4
7273,HP Laptop Model 7273,"i7, 32GB RAM, 512GB SSD",50,140182,3.1
7274,OnePlus Smartwatch Model 7274,"GPS, LCD Display",30,76194,4.6
7275,HP Laptop Model 7275,"Ryzen 5, 16GB RAM, 512GB SSD",13,51044,3.4
7276,OnePlus Mobile Model 7276,"64MP Camera, 5000mAh Battery, 5G",42,144279,4.3
7277,Sony Smartwatch Model 7277,"Heart Rate, LCD Display",24,147638,4.7
7278,Xiaomi Laptop Model 7278,"Ryzen 7, 16GB RAM, 1TB SSD",8,91254,4.2
7279,Lenovo Laptop Model 7279,"i5, 16GB RAM, 256GB SSD",8,147336,4.8
7280,HP Mobile Model 7280,"64MP Camera, 5000mAh Battery, 5G",48,115916,4.4
7281,Sony Smartwatch Model 7281,"SpO2, AMOLED Display",23,34882,3.2
7282,Asus Smartwatch Model 7282,"Heart Rate, LCD Display",48,36377,3.8
7283,Xiaomi Mobile Model 7283,"64MP Camera, 6000mAh Battery, 5G",18,149492,4.1
7284,HP Smartwatch Model 7284,"Heart Rate, LCD Display",48,78963,3.5
7285,Apple Laptop Model 7285,"i5, 16GB RAM, 1TB SSD",11,127099,3.4
7286,Xiaomi Laptop Model 7286,"i7, 32GB RAM, 256GB SSD",35,92394,4.4
7287,Lenovo Mobile Model 7287,"64MP Camera, 6000mAh Battery, 5G",27,83507,4.3
7288,Lenovo Mobile Model 7288,"50MP Camera, 4000mAh Battery, 5G",33,126650,4.6
7289,HP Laptop Model 7289,"Ryzen 5, 32GB RAM, 256GB SSD",39,21438,3.4
7290,Xiaomi Mobile Model 7290,"64MP Camera, 5000mAh Battery, 5G",6,149633,3.8
7291,Lenovo Mobile Model 7291,"64MP Camera, 4000mAh Battery, 5G",7,134912,3.3
7292,Sony Mobile Model 7292,"64MP Camera, 5000mAh Battery, 5G",44,93178,4.9
7293,Apple Smartwatch Model 7293,"GPS, AMOLED Display",40,64224,4.0
7294,Lenovo Smartwatch Model 7294,"GPS, LCD Display",37,71795,3.1
7295,Apple Laptop Model 7295,"i5, 16GB RAM, 512GB SSD",15,87830,4.3
7296,Lenovo Smartwatch Model 7296,"Heart Rate, LCD Display",31,116814,3.7
7297,OnePlus Smartwatch Model 7297,"SpO2, LCD Display",40,64854,3.7
7298,Samsung Smartwatch Model 7298,"Heart Rate, AMOLED Display",13,108207,3.8
7299,Sony Smartwatch Model 7299,"SpO2, LCD Display",16,47648,4.5
7300,Asus Smartwatch Model 7300,"GPS, AMOLED Display",31,88244,5.0
7301,Sony Smartwatch Model 7301,"GPS, AMOLED Display",12,149467,4.3
7302,Samsung Mobile Model 7302,"64MP Camera, 4000mAh Battery, 5G",26,68492,4.0
7303,Acer Mobile Model 7303,"108MP Camera, 5000mAh Battery, 5G",7,116876,3.1
7304,OnePlus Smartwatch Model 7304,"GPS, LCD Display",7,122863,3.1
7305,HP Laptop Model 7305,"i5, 32GB RAM, 512GB SSD",43,67553,4.6
7306,HP Mobile Model 7306,"108MP Camera, 6000mAh Battery, 5G",9,115045,3.1
7307,HP Smartwatch Model 7307,"SpO2, LCD Display",41,50982,4.8
7308,Asus Laptop Model 7308,"Ryzen 7, 32GB RAM, 1TB SSD",45,84486,3.3
7309,Asus Mobile Model 7309,"64MP Camera, 5000mAh Battery, 5G",9,85353,3.7
7310,Acer Mobile Model 7310,"50MP Camera, 5000mAh Battery, 5G",10,117152,3.6
7311,Dell Smartwatch Model 7311,"GPS, AMOLED Display",48,58886,3.8
7312,Sony Laptop Model 7312,"i5, 16GB RAM, 512GB SSD",33,126905,3.4
7313,Sony Laptop Model 7313,"Ryzen 7, 16GB RAM, 512GB SSD",7,125115,3.1
7314,Asus Laptop Model 7314,"Ryzen 7, 8GB RAM, 512GB SSD",27,139982,4.1
7315,Lenovo Laptop Model 7315,"i7, 16GB RAM, 512GB SSD",50,129036,4.9
7316,Acer Mobile Model 7316,"50MP Camera, 6000mAh Battery, 5G",47,79090,3.6
7317,Asus Laptop Model 7317,"Ryzen 7, 8GB RAM, 256GB SSD",34,16005,3.9
7318,Asus Mobile Model 7318,"50MP Camera, 4000mAh Battery, 5G",25,88845,3.4
7319,Sony Mobile Model 7319,"50MP Camera, 6000mAh Battery, 5G",12,29064,4.1
7320,Sony Smartwatch Model 7320,"GPS, AMOLED Display",20,86169,4.3
7321,Acer Laptop Model 7321,"Ryzen 5, 8GB RAM, 1TB SSD",17,105056,4.7
7322,Dell Mobile Model 7322,"108MP Camera, 5000mAh Battery, 5G",38,108254,3.5
7323,Lenovo Mobile Model 7323,"64MP Camera, 4000mAh Battery, 5G",41,46072,3.0
7324,Xiaomi Smartwatch Model 7324,"GPS, AMOLED Display",44,30351,3.3
7325,Xiaomi Smartwatch Model 7325,"Heart Rate, LCD Display",42,92951,4.6
7326,Lenovo Smartwatch Model 7326,"GPS, AMOLED Display",32,68110,3.5
7327,Samsung Laptop Model 7327,"Ryzen 7, 16GB RAM, 1TB SSD",35,11140,4.3
7328,OnePlus Laptop Model 7328,"Ryzen 7, 16GB RAM, 512GB SSD",46,24312,3.0
7329,HP Mobile Model 7329,"108MP Camera, 5000mAh Battery, 5G",26,79934,4.0
7330,Acer Laptop Model 7330,"i7, 32GB RAM, 512GB SSD",16,21216,4.6
7331,HP Smartwatch Model 7331,"Heart Rate, LCD Display",24,99608,3.1
7332,Apple Smartwatch Model 7332,"Heart Rate, AMOLED Display",48,73518,3.8
7333,Acer Smartwatch Model 7333,"Heart Rate, AMOLED Display",14,50935,3.8
7334,Sony Laptop Model 7334,"Ryzen 5, 8GB RAM, 1TB SSD",32,13367,3.1
7335,Sony Mobile Model 7335,"64MP Camera, 6000mAh Battery, 5G",41,47232,3.1
7336,Dell Mobile Model 7336,"50MP Camera, 5000mAh Battery, 5G",45,14377,4.3
7337,Sony Smartwatch Model 7337,"GPS, LCD Display",33,116603,3.1
7338,Apple Laptop Model 7338,"i5, 32GB RAM, 512GB SSD",13,117955,3.4
7339,Samsung Laptop Model 7339,"Ryzen 7, 8GB RAM, 256GB SSD",32,92737,3.3
7340,Dell Mobile Model 7340,"64MP Camera, 6000mAh Battery, 5G",28,40017,4.6
7341,Xiaomi Mobile Model 7341,"50MP Camera, 5000mAh Battery, 5G",18,111021,4.0
7342,HP Laptop Model 7342,"Ryzen 5, 32GB RAM, 256GB SSD",43,139479,4.9
7343,Lenovo Smartwatch Model 7343,"Heart Rate, LCD Display",14,55751,3.7
7344,HP Laptop Model 7344,"i7, 32GB RAM, 256GB SSD",24,26876,3.8
7345,Sony Mobile Model 7345,"108MP Camera, 6000mAh Battery, 5G",27,145718,4.4
7346,Xiaomi Mobile Model 7346,"50MP Camera, 5000mAh Battery, 5G",16,148641,4.7
7347,Samsung Laptop Model 7347,"Ryzen 7, 16GB RAM, 256GB SSD",41,7820,3.7
7348,Asus Mobile Model 7348,"108MP Camera, 5000mAh Battery, 5G",7,89605,4.4
7349,Asus Laptop Model 7349,"i7, 32GB RAM, 1TB SSD",46,58973,4.0
7350,Apple Mobile Model 7350,"108MP Camera, 6000mAh Battery, 5G",10,125352,4.7
7351,Xiaomi Smartwatch Model 7351,"SpO2, LCD Display",8,46306,3.3
7352,Apple Smartwatch Model 7352,"SpO2, AMOLED Display",25,8403,4.5
7353,OnePlus Laptop Model 7353,"Ryzen 7, 16GB RAM, 256GB SSD",17,65244,3.1
7354,Acer Smartwatch Model 7354,"GPS, LCD Display",24,44512,3.5
7355,Apple Laptop Model 7355,"i7, 32GB RAM, 512GB SSD",18,81216,3.5
7356,Dell Mobile Model 7356,"64MP Camera, 4000mAh Battery, 5G",38,11516,3.9
7357,Sony Smartwatch Model 7357,"SpO2, LCD Display",48,119119,3.3
7358,OnePlus Smartwatch Model 7358,"SpO2, AMOLED Display",21,123311,4.7
7359,Lenovo Smartwatch Model 7359,"Heart Rate, AMOLED Display",38,131893,4.3
7360,Samsung Smartwatch Model 7360,"Heart Rate, AMOLED Display",32,131925,4.3
7361,Xiaomi Mobile Model 7361,"50MP Camera, 5000mAh Battery, 5G",10,36476,3.8
7362,Samsung Mobile Model 7362,"50MP Camera, 4000mAh Battery, 5G",45,91194,3.5
7363,Xiaomi Smartwatch Model 7363,"GPS, AMOLED Display",26,136991,4.9
7364,Acer Laptop Model 7364,"i5, 8GB RAM, 1TB SSD",38,45529,3.2
7365,Samsung Mobile Model 7365,"50MP Camera, 4000mAh Battery, 5G",49,43687,4.1
7366,Sony Laptop Model 7366,"Ryzen 5, 16GB RAM, 256GB SSD",47,125585,4.5
7367,Apple Smartwatch Model 7367,"Heart Rate, LCD Display",36,127994,4.2
7368,OnePlus Laptop Model 7368,"i5, 16GB RAM, 512GB SSD",44,123456,3.9
7369,Acer Mobile Model 7369,"64MP Camera, 5000mAh Battery, 5G",40,34766,3.1
7370,HP Smartwatch Model 7370,"GPS, AMOLED Display",12,62443,3.8
7371,Dell Smartwatch Model 7371,"SpO2, AMOLED Display",40,147560,4.5
7372,OnePlus Smartwatch Model 7372,"Heart Rate, LCD Display",6,86302,4.7
7373,Sony Smartwatch Model 7373,"GPS, LCD Display",32,137395,3.2
7374,HP Smartwatch Model 7374,"GPS, AMOLED Display",43,110143,4.8
7375,Apple Mobile Model 7375,"64MP Camera, 4000mAh Battery, 5G",9,132644,3.0
7376,Asus Smartwatch Model 7376,"Heart Rate, AMOLED Display",27,112039,3.6
7377,OnePlus Laptop Model 7377,"Ryzen 7, 32GB RAM, 1TB SSD",25,65341,4.6
7378,Acer Laptop Model 7378,"Ryzen 5, 32GB RAM, 256GB SSD",15,140243,4.3
7379,Acer Mobile Model 7379,"108MP Camera, 4000mAh Battery, 5G",35,132166,4.6
7380,Asus Mobile Model 7380,"108MP Camera, 4000mAh Battery, 5G",9,38769,4.0
7381,Lenovo Smartwatch Model 7381,"Heart Rate, AMOLED Display",46,95583,4.4
7382,Lenovo Mobile Model 7382,"108MP Camera, 4000mAh Battery, 5G",45,126614,4.5
7383,OnePlus Smartwatch Model 7383,"GPS, AMOLED Display",35,140207,4.7
7384,Dell Smartwatch Model 7384,"GPS, AMOLED Display",32,83363,4.3
7385,OnePlus Laptop Model 7385,"i7, 16GB RAM, 512GB SSD",15,28580,3.0
7386,Sony Mobile Model 7386,"64MP Camera, 6000mAh Battery, 5G",18,131232,4.7
7387,Apple Mobile Model 7387,"108MP Camera, 6000mAh Battery, 5G",35,25319,4.6
7388,Lenovo Mobile Model 7388,"50MP Camera, 6000mAh Battery, 5G",7,52649,4.8
7389,Xiaomi Smartwatch Model 7389,"Heart Rate, AMOLED Display",42,95934,4.9
7390,Dell Mobile Model 7390,"50MP Camera, 4000mAh Battery, 5G",18,102742,4.9
7391,Lenovo Mobile Model 7391,"108MP Camera, 4000mAh Battery, 5G",13,104964,3.1
7392,OnePlus Smartwatch Model 7392,"Heart Rate, AMOLED Display",45,78738,3.7
7393,Samsung Mobile Model 7393,"64MP Camera, 6000mAh Battery, 5G",32,75447,4.5
7394,Xiaomi Smartwatch Model 7394,"Heart Rate, LCD Display",46,28767,4.9
7395,OnePlus Laptop Model 7395,"i5, 32GB RAM, 1TB SSD",29,9945,3.9
7396,HP Laptop Model 7396,"Ryzen 7, 32GB RAM, 1TB SSD",33,112110,4.2
7397,HP Mobile Model 7397,"64MP Camera, 5000mAh Battery, 5G",6,129015,3.5
7398,OnePlus Mobile Model 7398,"64MP Camera, 6000mAh Battery, 5G",32,24917,3.6
7399,HP Mobile Model 7399,"64MP Camera, 4000mAh Battery, 5G",29,49493,4.1
7400,Lenovo Smartwatch Model 7400,"GPS, AMOLED Display",33,33690,3.7
7401,Lenovo Mobile Model 7401,"108MP Camera, 4000mAh Battery, 5G",39,144345,4.7
7402,Apple Laptop Model 7402,"Ryzen 7, 8GB RAM, 1TB SSD",6,37394,4.3
7403,Sony Mobile Model 7403,"108MP Camera, 5000mAh Battery, 5G",13,65427,4.2
7404,Lenovo Smartwatch Model 7404,"GPS, AMOLED Display",46,136588,3.2
7405,HP Smartwatch Model 7405,"Heart Rate, AMOLED Display",38,134465,3.2
7406,HP Mobile Model 7406,"108MP Camera, 5000mAh Battery, 5G",23,37509,4.5
7407,Lenovo Smartwatch Model 7407,"GPS, AMOLED Display",22,36203,3.7
7408,Lenovo Smartwatch Model 7408,"GPS, AMOLED Display",31,62426,3.2
7409,Acer Mobile Model 7409,"64MP Camera, 6000mAh Battery, 5G",12,104454,3.9
7410,Sony Smartwatch Model 7410,"Heart Rate, AMOLED Display",31,124049,3.3
7411,Dell Laptop Model 7411,"Ryzen 7, 8GB RAM, 1TB SSD",47,134679,3.5
7412,Sony Mobile Model 7412,"64MP Camera, 5000mAh Battery, 5G",10,108685,3.9
7413,Apple Smartwatch Model 7413,"SpO2, AMOLED Display",40,13364,4.1
7414,Apple Mobile Model 7414,"64MP Camera, 5000mAh Battery, 5G",42,125752,4.2
7415,Asus Mobile Model 7415,"108MP Camera, 6000mAh Battery, 5G",41,148132,3.6
7416,Asus Smartwatch Model 7416,"SpO2, LCD Display",7,69623,4.3
7417,Lenovo Mobile Model 7417,"50MP Camera, 4000mAh Battery, 5G",31,129004,3.4
7418,Lenovo Smartwatch Model 7418,"SpO2, AMOLED Display",40,44383,3.9
7419,Lenovo Laptop Model 7419,"i7, 32GB RAM, 1TB SSD",7,19645,4.7
7420,Xiaomi Smartwatch Model 7420,"Heart Rate, LCD Display",42,140716,4.7
7421,HP Laptop Model 7421,"i7, 8GB RAM, 256GB SSD",43,93918,3.4
7422,Apple Laptop Model 7422,"i5, 32GB RAM, 512GB SSD",10,16657,4.3
7423,OnePlus Smartwatch Model 7423,"GPS, LCD Display",10,103157,3.1
7424,Xiaomi Laptop Model 7424,"i7, 8GB RAM, 1TB SSD",38,51598,3.5
7425,Lenovo Mobile Model 7425,"108MP Camera, 6000mAh Battery, 5G",13,38649,3.2
7426,Asus Mobile Model 7426,"50MP Camera, 5000mAh Battery, 5G",22,111648,4.4
7427,Samsung Smartwatch Model 7427,"GPS, LCD Display",40,19862,3.6
7428,Samsung Mobile Model 7428,"64MP Camera, 4000mAh Battery, 5G",19,110405,4.2
7429,Sony Smartwatch Model 7429,"Heart Rate, AMOLED Display",45,57729,3.4
7430,OnePlus Mobile Model 7430,"50MP Camera, 5000mAh Battery, 5G",5,38512,4.0
7431,HP Smartwatch Model 7431,"SpO2, AMOLED Display",26,100245,4.6
7432,OnePlus Laptop Model 7432,"i5, 8GB RAM, 256GB SSD",16,48547,4.4
7433,Lenovo Smartwatch Model 7433,"GPS, AMOLED Display",11,38375,3.4
7434,Lenovo Mobile Model 7434,"108MP Camera, 6000mAh Battery, 5G",12,145104,3.5
7435,Xiaomi Mobile Model 7435,"50MP Camera, 4000mAh Battery, 5G",29,39765,5.0
7436,Acer Mobile Model 7436,"64MP Camera, 6000mAh Battery, 5G",29,118791,3.9
7437,OnePlus Mobile Model 7437,"50MP Camera, 5000mAh Battery, 5G",28,13874,3.0
7438,OnePlus Smartwatch Model 7438,"SpO2, AMOLED Display",38,125226,4.9
7439,Xiaomi Mobile Model 7439,"108MP Camera, 4000mAh Battery, 5G",31,116398,3.1
7440,Lenovo Laptop Model 7440,"i5, 32GB RAM, 256GB SSD",14,77009,4.6
7441,Acer Mobile Model 7441,"50MP Camera, 5000mAh Battery, 5G",39,80712,5.0
7442,Apple Mobile Model 7442,"108MP Camera, 5000mAh Battery, 5G",31,132906,3.4
7443,OnePlus Mobile Model 7443,"64MP Camera, 4000mAh Battery, 5G",29,125046,4.2
7444,OnePlus Smartwatch Model 7444,"SpO2, LCD Display",9,113856,3.2
7445,HP Laptop Model 7445,"i5, 16GB RAM, 1TB SSD",14,10493,3.2
7446,Lenovo Laptop Model 7446,"Ryzen 5, 32GB RAM, 512GB SSD",19,31263,3.9
7447,HP Laptop Model 7447,"Ryzen 7, 16GB RAM, 256GB SSD",32,37857,4.9
7448,Samsung Smartwatch Model 7448,"SpO2, AMOLED Display",17,95361,3.3
7449,HP Smartwatch Model 7449,"SpO2, AMOLED Display",34,51094,4.9
7450,Acer Smartwatch Model 7450,"Heart Rate, AMOLED Display",16,69129,4.5
7451,Samsung Mobile Model 7451,"64MP Camera, 5000mAh Battery, 5G",10,149004,4.5
7452,Sony Smartwatch Model 7452,"SpO2, AMOLED Display",9,16940,4.8
7453,Apple Mobile Model 7453,"64MP Camera, 5000mAh Battery, 5G",37,79406,4.7
7454,Asus Mobile Model 7454,"50MP Camera, 4000mAh Battery, 5G",50,38946,4.0
7455,Asus Mobile Model 7455,"50MP Camera, 4000mAh Battery, 5G",21,121844,3.7
7456,OnePlus Mobile Model 7456,"108MP Camera, 6000mAh Battery, 5G",35,67580,3.8
7457,Dell Laptop Model 7457,"Ryzen 5, 8GB RAM, 256GB SSD",24,111457,4.9
7458,Apple Mobile Model 7458,"64MP Camera, 6000mAh Battery, 5G",28,7783,3.2
7459,Lenovo Laptop Model 7459,"i5, 32GB RAM, 1TB SSD",26,69315,4.5
7460,Sony Mobile Model 7460,"64MP Camera, 4000mAh Battery, 5G",38,114191,3.4
7461,Xiaomi Smartwatch Model 7461,"SpO2, LCD Display",25,32352,3.9
7462,Sony Smartwatch Model 7462,"GPS, LCD Display",50,66892,3.6
7463,Lenovo Mobile Model 7463,"64MP Camera, 6000mAh Battery, 5G",24,27562,4.9
7464,Asus Mobile Model 7464,"108MP Camera, 6000mAh Battery, 5G",16,79654,3.1
7465,Sony Mobile Model 7465,"50MP Camera, 5000mAh Battery, 5G",10,134650,4.7
7466,Apple Mobile Model 7466,"50MP Camera, 5000mAh Battery, 5G",17,30850,3.8
7467,Samsung Smartwatch Model 7467,"Heart Rate, LCD Display",32,13527,4.7
7468,Samsung Laptop Model 7468,"i5, 16GB RAM, 512GB SSD",33,149957,3.8
7469,Samsung Smartwatch Model 7469,"Heart Rate, AMOLED Display",17,46123,3.6
7470,HP Laptop Model 7470,"Ryzen 5, 8GB RAM, 1TB SSD",25,141813,4.4
7471,Apple Smartwatch Model 7471,"SpO2, AMOLED Display",27,19888,4.6
7472,OnePlus Laptop Model 7472,"i5, 32GB RAM, 512GB SSD",33,103048,3.9
7473,Dell Mobile Model 7473,"64MP Camera, 5000mAh Battery, 5G",19,100526,3.4
7474,Apple Smartwatch Model 7474,"SpO2, LCD Display",30,27490,4.8
7475,Samsung Laptop Model 7475,"Ryzen 7, 8GB RAM, 1TB SSD",8,43392,3.7
7476,Acer Smartwatch Model 7476,"Heart Rate, LCD Display",24,46963,4.0
7477,OnePlus Smartwatch Model 7477,"Heart Rate, AMOLED Display",23,83440,4.1
7478,OnePlus Smartwatch Model 7478,"Heart Rate, LCD Display",34,32022,4.4
7479,Xiaomi Smartwatch Model 7479,"Heart Rate, LCD Display",15,129232,3.4
7480,HP Laptop Model 7480,"i7, 16GB RAM, 512GB SSD",5,16181,3.0
7481,OnePlus Smartwatch Model 7481,"GPS, AMOLED Display",50,71530,4.5
7482,Samsung Mobile Model 7482,"50MP Camera, 5000mAh Battery, 5G",20,70573,3.4
7483,Lenovo Mobile Model 7483,"64MP Camera, 4000mAh Battery, 5G",35,63254,3.2
7484,Xiaomi Smartwatch Model 7484,"SpO2, AMOLED Display",18,81604,3.0
7485,Asus Mobile Model 7485,"108MP Camera, 4000mAh Battery, 5G",18,10514,4.4
7486,Dell Smartwatch Model 7486,"Heart Rate, LCD Display",19,57048,4.7
7487,HP Mobile Model 7487,"64MP Camera, 4000mAh Battery, 5G",44,123660,3.5
7488,Sony Laptop Model 7488,"Ryzen 7, 32GB RAM, 1TB SSD",47,14225,4.2
7489,Asus Laptop Model 7489,"Ryzen 5, 16GB RAM, 512GB SSD",32,55591,3.5
7490,Acer Smartwatch Model 7490,"Heart Rate, LCD Display",8,8982,4.1
7491,Apple Laptop Model 7491,"Ryzen 7, 8GB RAM, 1TB SSD",12,7037,3.7
7492,Asus Mobile Model 7492,"108MP Camera, 6000mAh Battery, 5G",49,72663,4.1
7493,Asus Laptop Model 7493,"i5, 8GB RAM, 512GB SSD",17,18252,4.2
7494,OnePlus Mobile Model 7494,"108MP Camera, 5000mAh Battery, 5G",11,145042,4.0
7495,HP Smartwatch Model 7495,"Heart Rate, LCD Display",35,115818,4.5
7496,Acer Mobile Model 7496,"64MP Camera, 4000mAh Battery, 5G",15,89617,4.4
7497,Xiaomi Smartwatch Model 7497,"Heart Rate, AMOLED Display",46,39691,3.2
7498,Xiaomi Mobile Model 7498,"108MP Camera, 5000mAh Battery, 5G",21,105047,3.5
7499,Acer Mobile Model 7499,"50MP Camera, 4000mAh Battery, 5G",25,56337,4.5
7500,Apple Laptop Model 7500,"Ryzen 7, 32GB RAM, 512GB SSD",34,62234,4.1
7501,Apple Laptop Model 7501,"i7, 32GB RAM, 1TB SSD",50,105779,3.5
7502,Asus Mobile Model 7502,"50MP Camera, 6000mAh Battery, 5G",22,89552,3.9
7503,OnePlus Laptop Model 7503,"Ryzen 7, 32GB RAM, 1TB SSD",30,108396,4.9
7504,OnePlus Laptop Model 7504,"Ryzen 5, 16GB RAM, 1TB SSD",41,82912,3.7
7505,OnePlus Smartwatch Model 7505,"Heart Rate, LCD Display",27,96444,3.5
7506,Lenovo Mobile Model 7506,"108MP Camera, 4000mAh Battery, 5G",37,104145,4.2
7507,Apple Mobile Model 7507,"64MP Camera, 5000mAh Battery, 5G",35,142298,4.2
7508,Acer Mobile Model 7508,"50MP Camera, 5000mAh Battery, 5G",17,58083,3.3
7509,Sony Mobile Model 7509,"108MP Camera, 5000mAh Battery, 5G",18,35379,4.6
7510,Asus Smartwatch Model 7510,"SpO2, AMOLED Display",5,31084,4.9
7511,Xiaomi Mobile Model 7511,"50MP Camera, 5000mAh Battery, 5G",24,29221,4.9
7512,HP Mobile Model 7512,"108MP Camera, 4000mAh Battery, 5G",31,71391,4.8
7513,Asus Laptop Model 7513,"Ryzen 7, 32GB RAM, 256GB SSD",5,48109,4.5
7514,Sony Smartwatch Model 7514,"Heart Rate, LCD Display",14,23057,4.1
7515,Lenovo Smartwatch Model 7515,"GPS, AMOLED Display",42,61475,4.8
7516,Samsung Laptop Model 7516,"Ryzen 7, 32GB RAM, 1TB SSD",41,69678,4.5
7517,HP Laptop Model 7517,"i5, 16GB RAM, 256GB SSD",31,32545,4.2
7518,Acer Laptop Model 7518,"i7, 32GB RAM, 512GB SSD",16,140008,3.1
7519,Sony Smartwatch Model 7519,"GPS, AMOLED Display",37,8641,3.1
7520,Asus Laptop Model 7520,"Ryzen 5, 16GB RAM, 1TB SSD",8,25974,3.9
7521,HP Smartwatch Model 7521,"SpO2, LCD Display",26,137858,3.3
7522,Dell Smartwatch Model 7522,"SpO2, LCD Display",36,126433,4.7
7523,OnePlus Smartwatch Model 7523,"Heart Rate, LCD Display",20,79572,4.3
7524,Sony Smartwatch Model 7524,"SpO2, LCD Display",23,29997,4.3
7525,Xiaomi Mobile Model 7525,"64MP Camera, 6000mAh Battery, 5G",13,130454,4.4
7526,Asus Smartwatch Model 7526,"Heart Rate, AMOLED Display",13,124014,4.3
7527,Samsung Mobile Model 7527,"64MP Camera, 5000mAh Battery, 5G",35,149600,3.3
7528,Sony Smartwatch Model 7528,"GPS, LCD Display",46,132644,3.4
7529,Dell Smartwatch Model 7529,"GPS, AMOLED Display",36,112430,4.8
7530,Samsung Laptop Model 7530,"Ryzen 7, 16GB RAM, 256GB SSD",36,69494,5.0
7531,Lenovo Laptop Model 7531,"Ryzen 5, 32GB RAM, 256GB SSD",19,129419,4.6
7532,Acer Smartwatch Model 7532,"GPS, AMOLED Display",31,60016,4.5
7533,Apple Mobile Model 7533,"64MP Camera, 6000mAh Battery, 5G",12,120812,5.0
7534,Apple Mobile Model 7534,"108MP Camera, 6000mAh Battery, 5G",8,72492,3.2
7535,Xiaomi Laptop Model 7535,"i7, 16GB RAM, 1TB SSD",36,22339,4.3
7536,Dell Mobile Model 7536,"108MP Camera, 4000mAh Battery, 5G",31,90663,4.0
7537,Apple Smartwatch Model 7537,"Heart Rate, AMOLED Display",38,145786,4.7
7538,Apple Smartwatch Model 7538,"Heart Rate, AMOLED Display",7,136383,3.6
7539,Samsung Laptop Model 7539,"i5, 32GB RAM, 1TB SSD",47,83278,4.5
7540,Dell Mobile Model 7540,"50MP Camera, 4000mAh Battery, 5G",23,7495,4.5
7541,OnePlus Mobile Model 7541,"64MP Camera, 6000mAh Battery, 5G",47,129429,3.6
7542,Apple Mobile Model 7542,"64MP Camera, 4000mAh Battery, 5G",21,120022,3.8
7543,Samsung Smartwatch Model 7543,"SpO2, LCD Display",18,137611,3.7
7544,Acer Smartwatch Model 7544,"GPS, AMOLED Display",12,13513,3.2
7545,OnePlus Mobile Model 7545,"64MP Camera, 5000mAh Battery, 5G",46,139373,4.0
7546,Acer Smartwatch Model 7546,"GPS, AMOLED Display",29,84110,3.4
7547,Lenovo Laptop Model 7547,"Ryzen 5, 32GB RAM, 256GB SSD",25,11215,4.5
7548,OnePlus Smartwatch Model 7548,"Heart Rate, AMOLED Display",23,89279,4.6
7549,Samsung Smartwatch Model 7549,"GPS, AMOLED Display",29,114063,4.7
7550,OnePlus Smartwatch Model 7550,"Heart Rate, LCD Display",10,38139,4.7
7551,Apple Smartwatch Model 7551,"Heart Rate, AMOLED Display",11,80376,4.5
7552,Dell Smartwatch Model 7552,"SpO2, AMOLED Display",15,12140,3.8
7553,Samsung Mobile Model 7553,"108MP Camera, 4000mAh Battery, 5G",20,5069,4.6
7554,Asus Smartwatch Model 7554,"Heart Rate, AMOLED Display",32,135703,3.7
7555,Samsung Smartwatch Model 7555,"Heart Rate, LCD Display",47,68931,4.0
7556,Xiaomi Mobile Model 7556,"50MP Camera, 6000mAh Battery, 5G",16,94942,4.0
7557,Asus Smartwatch Model 7557,"SpO2, LCD Display",38,132057,3.8
7558,Asus Mobile Model 7558,"64MP Camera, 4000mAh Battery, 5G",20,94834,4.2
7559,HP Mobile Model 7559,"64MP Camera, 4000mAh Battery, 5G",21,82195,4.2
7560,HP Laptop Model 7560,"Ryzen 7, 32GB RAM, 1TB SSD",19,41806,3.0
7561,OnePlus Mobile Model 7561,"64MP Camera, 5000mAh Battery, 5G",35,126933,3.0
7562,Lenovo Mobile Model 7562,"50MP Camera, 5000mAh Battery, 5G",27,9912,4.8
7563,OnePlus Laptop Model 7563,"i5, 8GB RAM, 256GB SSD",13,104146,4.3
7564,Lenovo Laptop Model 7564,"i7, 8GB RAM, 256GB SSD",39,15022,4.0
7565,OnePlus Mobile Model 7565,"64MP Camera, 5000mAh Battery, 5G",38,65349,3.7
7566,Asus Laptop Model 7566,"Ryzen 5, 16GB RAM, 512GB SSD",28,96854,4.5
7567,Samsung Laptop Model 7567,"i5, 8GB RAM, 1TB SSD",12,10456,3.6
7568,Apple Laptop Model 7568,"i7, 8GB RAM, 256GB SSD",21,108119,4.1
7569,Sony Smartwatch Model 7569,"GPS, AMOLED Display",26,45432,4.0
7570,Xiaomi Smartwatch Model 7570,"Heart Rate, LCD Display",43,41052,4.7
7571,HP Laptop Model 7571,"i7, 8GB RAM, 1TB SSD",36,78779,3.4
7572,OnePlus Smartwatch Model 7572,"Heart Rate, AMOLED Display",15,28600,3.9
7573,Apple Mobile Model 7573,"50MP Camera, 6000mAh Battery, 5G",20,95052,4.3
7574,Xiaomi Smartwatch Model 7574,"Heart Rate, LCD Display",43,15336,4.2
7575,Xiaomi Laptop Model 7575,"Ryzen 5, 16GB RAM, 256GB SSD",11,14488,4.7
7576,Acer Laptop Model 7576,"Ryzen 7, 16GB RAM, 256GB SSD",42,117128,3.4
7577,Apple Smartwatch Model 7577,"Heart Rate, LCD Display",41,21457,4.5
7578,Acer Laptop Model 7578,"i5, 16GB RAM, 1TB SSD",50,40860,3.3
7579,Lenovo Laptop Model 7579,"i5, 32GB RAM, 1TB SSD",15,115230,3.8
7580,Lenovo Mobile Model 7580,"64MP Camera, 5000mAh Battery, 5G",15,136186,4.5
7581,Samsung Laptop Model 7581,"Ryzen 7, 16GB RAM, 1TB SSD",20,96288,4.1
7582,Asus Smartwatch Model 7582,"GPS, AMOLED Display",7,95622,4.3
7583,Acer Mobile Model 7583,"108MP Camera, 5000mAh Battery, 5G",13,37233,4.6
7584,Xiaomi Smartwatch Model 7584,"Heart Rate, AMOLED Display",29,139969,4.5
7585,Acer Laptop Model 7585,"Ryzen 7, 32GB RAM, 512GB SSD",49,32259,4.6
7586,OnePlus Smartwatch Model 7586,"GPS, AMOLED Display",22,6936,3.3
7587,OnePlus Laptop Model 7587,"Ryzen 5, 8GB RAM, 512GB SSD",28,27078,3.7
7588,Lenovo Smartwatch Model 7588,"Heart Rate, AMOLED Display",16,77473,3.2
7589,OnePlus Mobile Model 7589,"108MP Camera, 4000mAh Battery, 5G",16,132063,4.1
7590,Xiaomi Laptop Model 7590,"Ryzen 7, 16GB RAM, 512GB SSD",45,123753,3.3
7591,Lenovo Laptop Model 7591,"i5, 32GB RAM, 512GB SSD",47,17404,5.0
7592,Samsung Smartwatch Model 7592,"SpO2, AMOLED Display",31,8627,3.4
7593,Lenovo Laptop Model 7593,"i5, 8GB RAM, 1TB SSD",15,81729,4.5
7594,HP Mobile Model 7594,"50MP Camera, 5000mAh Battery, 5G",16,133322,3.5
7595,Xiaomi Smartwatch Model 7595,"Heart Rate, AMOLED Display",41,127592,3.5
7596,HP Mobile Model 7596,"50MP Camera, 5000mAh Battery, 5G",35,115641,4.0
7597,Asus Mobile Model 7597,"50MP Camera, 4000mAh Battery, 5G",36,97261,3.8
7598,Sony Mobile Model 7598,"108MP Camera, 4000mAh Battery, 5G",18,32259,3.2
7599,Xiaomi Smartwatch Model 7599,"GPS, AMOLED Display",32,11044,4.8
7600,Samsung Mobile Model 7600,"64MP Camera, 4000mAh Battery, 5G",27,85267,3.9
7601,Xiaomi Mobile Model 7601,"50MP Camera, 5000mAh Battery, 5G",46,54892,4.7
7602,Samsung Mobile Model 7602,"50MP Camera, 6000mAh Battery, 5G",17,82567,4.3
7603,Dell Laptop Model 7603,"Ryzen 5, 32GB RAM, 1TB SSD",16,137262,4.5
7604,Apple Mobile Model 7604,"64MP Camera, 5000mAh Battery, 5G",41,92581,4.1
7605,Dell Smartwatch Model 7605,"Heart Rate, AMOLED Display",50,98428,4.2
7606,Asus Smartwatch Model 7606,"Heart Rate, AMOLED Display",27,69931,4.6
7607,Xiaomi Smartwatch Model 7607,"SpO2, AMOLED Display",17,50651,3.8
7608,Lenovo Smartwatch Model 7608,"SpO2, LCD Display",9,101887,4.9
7609,Xiaomi Mobile Model 7609,"50MP Camera, 4000mAh Battery, 5G",16,139375,3.9
7610,Dell Mobile Model 7610,"108MP Camera, 5000mAh Battery, 5G",31,98763,4.6
7611,Acer Laptop Model 7611,"Ryzen 7, 16GB RAM, 256GB SSD",29,14762,4.7
7612,Dell Smartwatch Model 7612,"SpO2, LCD Display",37,121619,4.0
7613,OnePlus Smartwatch Model 7613,"GPS, AMOLED Display",26,43289,4.0
7614,HP Smartwatch Model 7614,"Heart Rate, AMOLED Display",6,87042,3.8
7615,Dell Laptop Model 7615,"Ryzen 5, 16GB RAM, 256GB SSD",17,115602,4.0
7616,Dell Smartwatch Model 7616,"GPS, AMOLED Display",25,70500,4.7
7617,Samsung Mobile Model 7617,"108MP Camera, 6000mAh Battery, 5G",8,32027,5.0
7618,Lenovo Mobile Model 7618,"108MP Camera, 6000mAh Battery, 5G",19,141290,4.6
7619,HP Mobile Model 7619,"64MP Camera, 4000mAh Battery, 5G",31,50843,3.7
7620,Acer Mobile Model 7620,"50MP Camera, 6000mAh Battery, 5G",39,57798,4.1
7621,Acer Mobile Model 7621,"108MP Camera, 4000mAh Battery, 5G",5,99145,4.6
7622,Xiaomi Smartwatch Model 7622,"GPS, AMOLED Display",11,72438,3.1
7623,Dell Smartwatch Model 7623,"Heart Rate, LCD Display",21,56195,4.4
7624,OnePlus Laptop Model 7624,"Ryzen 7, 32GB RAM, 512GB SSD",36,124876,3.5
7625,Lenovo Smartwatch Model 7625,"GPS, AMOLED Display",50,143077,4.4
7626,Asus Laptop Model 7626,"i7, 32GB RAM, 1TB SSD",40,127678,3.9
7627,Sony Mobile Model 7627,"64MP Camera, 6000mAh Battery, 5G",12,59235,3.7
7628,Apple Smartwatch Model 7628,"Heart Rate, LCD Display",31,113195,3.6
7629,OnePlus Laptop Model 7629,"i5, 16GB RAM, 512GB SSD",46,17164,4.8
7630,HP Mobile Model 7630,"50MP Camera, 4000mAh Battery, 5G",22,104074,3.9
7631,HP Mobile Model 7631,"108MP Camera, 5000mAh Battery, 5G",41,113933,3.8
7632,Sony Laptop Model 7632,"i7, 8GB RAM, 1TB SSD",19,137844,4.9
7633,Dell Smartwatch Model 7633,"SpO2, LCD Display",23,14533,4.8
7634,OnePlus Smartwatch Model 7634,"SpO2, AMOLED Display",20,7735,3.4
7635,Samsung Laptop Model 7635,"Ryzen 7, 8GB RAM, 256GB SSD",44,11886,3.3
7636,Apple Mobile Model 7636,"108MP Camera, 4000mAh Battery, 5G",41,77239,3.5
7637,Asus Mobile Model 7637,"64MP Camera, 6000mAh Battery, 5G",45,49911,4.0
7638,Apple Mobile Model 7638,"64MP Camera, 6000mAh Battery, 5G",14,134468,3.3
7639,Acer Laptop Model 7639,"Ryzen 7, 8GB RAM, 512GB SSD",8,33469,3.8
7640,OnePlus Mobile Model 7640,"108MP Camera, 6000mAh Battery, 5G",9,38140,4.8
7641,Xiaomi Smartwatch Model 7641,"GPS, LCD Display",19,78144,3.2
7642,Xiaomi Mobile Model 7642,"50MP Camera, 5000mAh Battery, 5G",40,96315,3.8
7643,Xiaomi Laptop Model 7643,"i5, 32GB RAM, 512GB SSD",9,63655,3.8
7644,Samsung Mobile Model 7644,"50MP Camera, 5000mAh Battery, 5G",5,142665,4.1
7645,Dell Mobile Model 7645,"108MP Camera, 5000mAh Battery, 5G",15,118013,3.4
7646,HP Laptop Model 7646,"i7, 8GB RAM, 1TB SSD",40,113585,4.5
7647,Xiaomi Mobile Model 7647,"64MP Camera, 6000mAh Battery, 5G",45,117155,4.9
7648,Asus Smartwatch Model 7648,"GPS, AMOLED Display",16,128344,4.4
7649,Apple Laptop Model 7649,"i7, 8GB RAM, 1TB SSD",31,124984,4.7
7650,Xiaomi Smartwatch Model 7650,"Heart Rate, LCD Display",19,106724,4.0
7651,OnePlus Laptop Model 7651,"i7, 8GB RAM, 512GB SSD",19,23184,4.2
7652,Asus Mobile Model 7652,"50MP Camera, 4000mAh Battery, 5G",45,40736,4.9
7653,Apple Smartwatch Model 7653,"Heart Rate, AMOLED Display",25,46475,4.0
7654,Xiaomi Smartwatch Model 7654,"GPS, LCD Display",38,14817,4.7
7655,Xiaomi Laptop Model 7655,"i5, 32GB RAM, 512GB SSD",33,148003,3.1
7656,Xiaomi Smartwatch Model 7656,"GPS, LCD Display",29,94943,3.6
7657,Xiaomi Smartwatch Model 7657,"GPS, AMOLED Display",49,133781,3.6
7658,Asus Laptop Model 7658,"Ryzen 7, 8GB RAM, 256GB SSD",40,76018,3.2
7659,Xiaomi Smartwatch Model 7659,"GPS, AMOLED Display",7,89837,3.4
7660,Apple Mobile Model 7660,"108MP Camera, 6000mAh Battery, 5G",11,18689,3.8
7661,Samsung Mobile Model 7661,"50MP Camera, 4000mAh Battery, 5G",15,86148,4.9
7662,Asus Smartwatch Model 7662,"SpO2, AMOLED Display",37,14266,4.0
7663,Xiaomi Mobile Model 7663,"50MP Camera, 4000mAh Battery, 5G",23,86115,4.3
7664,Apple Mobile Model 7664,"50MP Camera, 6000mAh Battery, 5G",27,146002,3.2
7665,OnePlus Smartwatch Model 7665,"Heart Rate, LCD Display",11,15058,4.4
7666,Lenovo Laptop Model 7666,"i5, 8GB RAM, 1TB SSD",48,145142,3.4
7667,Acer Mobile Model 7667,"64MP Camera, 6000mAh Battery, 5G",30,110210,4.2
7668,Sony Smartwatch Model 7668,"Heart Rate, LCD Display",35,75743,4.5
7669,Sony Laptop Model 7669,"i5, 32GB RAM, 512GB SSD",39,142730,4.8
7670,Sony Mobile Model 7670,"50MP Camera, 6000mAh Battery, 5G",15,94497,4.9
7671,Apple Mobile Model 7671,"50MP Camera, 6000mAh Battery, 5G",33,20925,3.6
7672,Dell Mobile Model 7672,"50MP Camera, 6000mAh Battery, 5G",9,23446,4.8
7673,OnePlus Smartwatch Model 7673,"GPS, AMOLED Display",25,109631,4.6
7674,Xiaomi Laptop Model 7674,"i7, 16GB RAM, 512GB SSD",46,78837,3.7
7675,Asus Smartwatch Model 7675,"Heart Rate, AMOLED Display",22,50762,3.3
7676,Samsung Mobile Model 7676,"50MP Camera, 6000mAh Battery, 5G",8,14976,3.7
7677,Acer Smartwatch Model 7677,"SpO2, LCD Display",26,71890,4.9
7678,Dell Laptop Model 7678,"Ryzen 7, 8GB RAM, 256GB SSD",27,129967,3.0
7679,Asus Smartwatch Model 7679,"Heart Rate, LCD Display",24,143272,3.4
7680,HP Mobile Model 7680,"64MP Camera, 5000mAh Battery, 5G",30,20622,4.7
7681,OnePlus Smartwatch Model 7681,"SpO2, AMOLED Display",39,67309,5.0
7682,Asus Mobile Model 7682,"50MP Camera, 6000mAh Battery, 5G",12,42410,4.7
7683,Acer Laptop Model 7683,"i7, 32GB RAM, 512GB SSD",19,29169,3.5
7684,Apple Smartwatch Model 7684,"SpO2, LCD Display",17,54741,3.9
7685,Lenovo Mobile Model 7685,"64MP Camera, 5000mAh Battery, 5G",47,5258,4.8
7686,Acer Laptop Model 7686,"Ryzen 5, 16GB RAM, 1TB SSD",48,141775,3.5
7687,HP Smartwatch Model 7687,"GPS, AMOLED Display",29,22849,4.4
7688,Sony Smartwatch Model 7688,"SpO2, AMOLED Display",15,47578,3.5
7689,Samsung Laptop Model 7689,"Ryzen 5, 32GB RAM, 512GB SSD",11,85295,3.5
7690,Apple Smartwatch Model 7690,"Heart Rate, LCD Display",31,26727,3.6
7691,HP Laptop Model 7691,"i7, 32GB RAM, 512GB SSD",13,83947,3.7
7692,OnePlus Mobile Model 7692,"108MP Camera, 4000mAh Battery, 5G",39,27167,3.8
7693,Apple Laptop Model 7693,"i7, 32GB RAM, 256GB SSD",39,8644,3.0
7694,OnePlus Mobile Model 7694,"50MP Camera, 5000mAh Battery, 5G",16,111095,4.1
7695,HP Smartwatch Model 7695,"SpO2, LCD Display",22,52746,3.9
7696,OnePlus Laptop Model 7696,"i7, 16GB RAM, 1TB SSD",14,29586,3.8
7697,Lenovo Smartwatch Model 7697,"SpO2, LCD Display",42,23520,3.3
7698,Samsung Smartwatch Model 7698,"GPS, LCD Display",11,11777,3.9
7699,Dell Smartwatch Model 7699,"Heart Rate, LCD Display",11,148326,4.2
7700,Lenovo Smartwatch Model 7700,"SpO2, LCD Display",47,33427,3.7
7701,Acer Smartwatch Model 7701,"SpO2, LCD Display",6,29311,3.1
7702,HP Mobile Model 7702,"64MP Camera, 4000mAh Battery, 5G",9,30802,3.9
7703,OnePlus Smartwatch Model 7703,"SpO2, AMOLED Display",21,14331,4.9
7704,Dell Laptop Model 7704,"Ryzen 7, 8GB RAM, 512GB SSD",10,145287,3.8
7705,Acer Mobile Model 7705,"108MP Camera, 4000mAh Battery, 5G",45,109327,3.4
7706,Dell Smartwatch Model 7706,"Heart Rate, AMOLED Display",19,116233,3.4
7707,Samsung Laptop Model 7707,"i5, 16GB RAM, 256GB SSD",5,100500,3.4
7708,Sony Mobile Model 7708,"50MP Camera, 5000mAh Battery, 5G",41,6735,4.5
7709,Samsung Smartwatch Model 7709,"Heart Rate, AMOLED Display",18,102655,3.8
7710,Acer Smartwatch Model 7710,"Heart Rate, AMOLED Display",47,107178,3.4
7711,Acer Mobile Model 7711,"64MP Camera, 6000mAh Battery, 5G",11,109510,3.2
7712,Lenovo Laptop Model 7712,"Ryzen 5, 32GB RAM, 1TB SSD",5,70188,4.0
7713,Sony Laptop Model 7713,"Ryzen 7, 8GB RAM, 1TB SSD",26,125879,4.9
7714,Dell Mobile Model 7714,"50MP Camera, 4000mAh Battery, 5G",40,11500,3.7
7715,Samsung Smartwatch Model 7715,"GPS, LCD Display",14,110322,4.1
7716,HP Laptop Model 7716,"Ryzen 5, 32GB RAM, 1TB SSD",24,14921,4.2
7717,Acer Mobile Model 7717,"108MP Camera, 6000mAh Battery, 5G",37,18313,4.9
7718,Asus Smartwatch Model 7718,"Heart Rate, LCD Display",18,79472,3.3
7719,Samsung Mobile Model 7719,"50MP Camera, 6000mAh Battery, 5G",6,86100,3.9
7720,Asus Laptop Model 7720,"Ryzen 7, 32GB RAM, 1TB SSD",17,46150,3.3
7721,HP Smartwatch Model 7721,"GPS, LCD Display",16,125365,3.3
7722,Apple Laptop Model 7722,"i7, 16GB RAM, 256GB SSD",19,66339,4.2
7723,Apple Smartwatch Model 7723,"SpO2, AMOLED Display",45,53372,3.3
7724,HP Laptop Model 7724,"Ryzen 5, 16GB RAM, 1TB SSD",6,79061,4.1
7725,Asus Mobile Model 7725,"64MP Camera, 4000mAh Battery, 5G",14,142047,3.2
7726,Sony Smartwatch Model 7726,"GPS, LCD Display",5,107806,3.2
7727,Samsung Smartwatch Model 7727,"SpO2, LCD Display",28,101033,4.0
7728,Xiaomi Laptop Model 7728,"i7, 32GB RAM, 256GB SSD",32,131082,5.0
7729,Xiaomi Mobile Model 7729,"108MP Camera, 5000mAh Battery, 5G",40,91463,4.1
7730,Xiaomi Laptop Model 7730,"i5, 8GB RAM, 512GB SSD",32,48762,3.5
7731,Lenovo Smartwatch Model 7731,"GPS, AMOLED Display",34,39242,4.3
7732,Dell Mobile Model 7732,"64MP Camera, 5000mAh Battery, 5G",11,64419,4.4
7733,Asus Laptop Model 7733,"Ryzen 7, 16GB RAM, 1TB SSD",29,116108,3.1
7734,Xiaomi Mobile Model 7734,"108MP Camera, 4000mAh Battery, 5G",6,37609,4.1
7735,Lenovo Laptop Model 7735,"i5, 8GB RAM, 512GB SSD",30,43576,4.2
7736,Apple Smartwatch Model 7736,"SpO2, LCD Display",15,108918,3.6
7737,Sony Laptop Model 7737,"i7, 8GB RAM, 256GB SSD",14,52172,3.6
7738,Acer Smartwatch Model 7738,"GPS, AMOLED Display",12,57563,3.7
7739,Samsung Smartwatch Model 7739,"GPS, LCD Display",14,145340,4.2
7740,Dell Smartwatch Model 7740,"GPS, LCD Display",18,125447,3.3
7741,Acer Laptop Model 7741,"Ryzen 5, 16GB RAM, 1TB SSD",13,103690,3.8
7742,Acer Mobile Model 7742,"108MP Camera, 5000mAh Battery, 5G",21,8021,3.5
7743,Sony Smartwatch Model 7743,"GPS, LCD Display",38,138071,4.6
7744,Apple Mobile Model 7744,"50MP Camera, 5000mAh Battery, 5G",50,33157,3.1
7745,OnePlus Smartwatch Model 7745,"SpO2, LCD Display",22,94171,4.1
7746,Asus Laptop Model 7746,"i5, 32GB RAM, 256GB SSD",25,86252,3.5
7747,HP Smartwatch Model 7747,"Heart Rate, LCD Display",25,39779,4.6
7748,Acer Mobile Model 7748,"64MP Camera, 5000mAh Battery, 5G",42,8593,4.9
7749,Samsung Smartwatch Model 7749,"GPS, LCD Display",42,117147,3.7
7750,Sony Smartwatch Model 7750,"Heart Rate, LCD Display",44,133487,3.1
7751,Sony Mobile Model 7751,"50MP Camera, 4000mAh Battery, 5G",22,111521,4.1
7752,OnePlus Smartwatch Model 7752,"SpO2, LCD Display",14,86731,3.3
7753,Xiaomi Mobile Model 7753,"50MP Camera, 4000mAh Battery, 5G",7,98115,3.4
7754,Xiaomi Mobile Model 7754,"64MP Camera, 6000mAh Battery, 5G",12,21875,3.3
7755,Lenovo Laptop Model 7755,"i5, 8GB RAM, 1TB SSD",5,9148,4.0
7756,Xiaomi Laptop Model 7756,"Ryzen 7, 32GB RAM, 512GB SSD",8,113425,3.4
7757,Asus Mobile Model 7757,"108MP Camera, 4000mAh Battery, 5G",28,26472,4.5
7758,Asus Mobile Model 7758,"64MP Camera, 5000mAh Battery, 5G",42,15149,4.5
7759,Samsung Laptop Model 7759,"Ryzen 7, 16GB RAM, 256GB SSD",33,123974,4.8
7760,Apple Laptop Model 7760,"Ryzen 5, 8GB RAM, 1TB SSD",32,50452,5.0
7761,HP Laptop Model 7761,"i5, 16GB RAM, 512GB SSD",44,77651,4.1
7762,Acer Mobile Model 7762,"64MP Camera, 6000mAh Battery, 5G",45,16325,3.6
7763,Acer Smartwatch Model 7763,"GPS, AMOLED Display",36,147226,4.6
7764,Lenovo Smartwatch Model 7764,"GPS, LCD Display",30,132982,4.3
7765,Asus Smartwatch Model 7765,"SpO2, AMOLED Display",22,139098,3.2
7766,Asus Laptop Model 7766,"Ryzen 7, 16GB RAM, 512GB SSD",47,133764,3.5
7767,OnePlus Mobile Model 7767,"50MP Camera, 5000mAh Battery, 5G",48,125373,5.0
7768,OnePlus Mobile Model 7768,"50MP Camera, 4000mAh Battery, 5G",44,132733,4.6
7769,Acer Smartwatch Model 7769,"GPS, LCD Display",47,13509,4.8
7770,Sony Mobile Model 7770,"50MP Camera, 4000mAh Battery, 5G",14,63519,3.5
7771,Lenovo Laptop Model 7771,"i7, 16GB RAM, 1TB SSD",48,46495,4.3
7772,Asus Mobile Model 7772,"108MP Camera, 5000mAh Battery, 5G",21,138592,3.8
7773,Xiaomi Smartwatch Model 7773,"GPS, LCD Display",12,34572,3.7
7774,HP Mobile Model 7774,"64MP Camera, 4000mAh Battery, 5G",23,110270,4.3
7775,HP Laptop Model 7775,"Ryzen 5, 16GB RAM, 256GB SSD",42,52095,3.6
7776,OnePlus Laptop Model 7776,"Ryzen 5, 32GB RAM, 1TB SSD",46,132390,4.1
7777,HP Laptop Model 7777,"i5, 16GB RAM, 256GB SSD",5,18386,3.6
7778,Sony Smartwatch Model 7778,"GPS, AMOLED Display",32,14722,3.2
7779,Samsung Mobile Model 7779,"108MP Camera, 6000mAh Battery, 5G",38,114278,4.5
7780,Lenovo Mobile Model 7780,"64MP Camera, 4000mAh Battery, 5G",26,66598,3.5
7781,OnePlus Smartwatch Model 7781,"Heart Rate, LCD Display",36,109827,4.5
7782,Apple Mobile Model 7782,"64MP Camera, 6000mAh Battery, 5G",44,127059,3.9
7783,Acer Laptop Model 7783,"i7, 16GB RAM, 256GB SSD",23,76574,4.1
7784,HP Laptop Model 7784,"Ryzen 7, 16GB RAM, 1TB SSD",28,115881,4.5
7785,Sony Smartwatch Model 7785,"SpO2, AMOLED Display",20,100172,3.7
7786,Apple Smartwatch Model 7786,"SpO2, LCD Display",31,17185,3.2
7787,Acer Mobile Model 7787,"64MP Camera, 6000mAh Battery, 5G",45,67791,3.6
7788,Apple Smartwatch Model 7788,"SpO2, AMOLED Display",23,100095,3.5
7789,Samsung Laptop Model 7789,"Ryzen 5, 16GB RAM, 512GB SSD",33,61242,3.9
7790,Sony Smartwatch Model 7790,"SpO2, AMOLED Display",17,120762,4.0
7791,HP Laptop Model 7791,"i5, 8GB RAM, 256GB SSD",30,9549,3.0
7792,Lenovo Laptop Model 7792,"i7, 16GB RAM, 512GB SSD",15,124498,5.0
7793,Dell Laptop Model 7793,"i7, 32GB RAM, 256GB SSD",18,106763,3.1
7794,Dell Laptop Model 7794,"Ryzen 5, 32GB RAM, 256GB SSD",24,19866,4.1
7795,OnePlus Smartwatch Model 7795,"Heart Rate, LCD Display",16,54768,3.7
7796,OnePlus Laptop Model 7796,"Ryzen 7, 16GB RAM, 512GB SSD",33,118352,4.0
7797,Asus Laptop Model 7797,"i7, 8GB RAM, 256GB SSD",8,29208,4.3
7798,Dell Mobile Model 7798,"50MP Camera, 6000mAh Battery, 5G",40,25528,4.2
7799,Lenovo Mobile Model 7799,"64MP Camera, 4000mAh Battery, 5G",29,80072,4.7
7800,Sony Smartwatch Model 7800,"Heart Rate, AMOLED Display",12,106812,3.9
7801,Acer Mobile Model 7801,"50MP Camera, 5000mAh Battery, 5G",13,125477,4.0
7802,HP Mobile Model 7802,"50MP Camera, 6000mAh Battery, 5G",45,98915,3.1
7803,Lenovo Mobile Model 7803,"64MP Camera, 4000mAh Battery, 5G",38,9051,4.3
7804,Apple Mobile Model 7804,"50MP Camera, 6000mAh Battery, 5G",40,78864,4.5
7805,Lenovo Laptop Model 7805,"Ryzen 5, 16GB RAM, 256GB SSD",50,131688,4.0
7806,Sony Smartwatch Model 7806,"SpO2, LCD Display",41,64055,4.9
7807,Acer Laptop Model 7807,"i7, 32GB RAM, 1TB SSD",39,119451,3.2
7808,Apple Laptop Model 7808,"i5, 16GB RAM, 256GB SSD",7,92273,4.3
7809,Dell Mobile Model 7809,"50MP Camera, 5000mAh Battery, 5G",30,121788,3.6
7810,HP Mobile Model 7810,"64MP Camera, 4000mAh Battery, 5G",32,65642,4.7
7811,OnePlus Mobile Model 7811,"64MP Camera, 4000mAh Battery, 5G",33,89344,4.9
7812,Xiaomi Smartwatch Model 7812,"SpO2, AMOLED Display",42,106613,4.1
7813,Samsung Mobile Model 7813,"50MP Camera, 4000mAh Battery, 5G",8,131475,3.0
7814,HP Smartwatch Model 7814,"Heart Rate, AMOLED Display",18,138204,3.2
7815,Sony Mobile Model 7815,"64MP Camera, 6000mAh Battery, 5G",7,85530,4.3
7816,Lenovo Mobile Model 7816,"108MP Camera, 6000mAh Battery, 5G",12,108645,4.7
7817,Acer Smartwatch Model 7817,"GPS, LCD Display",17,105122,4.7
7818,Xiaomi Mobile Model 7818,"108MP Camera, 6000mAh Battery, 5G",17,147927,3.4
7819,HP Smartwatch Model 7819,"GPS, AMOLED Display",33,135549,5.0
7820,Samsung Mobile Model 7820,"64MP Camera, 5000mAh Battery, 5G",43,12569,4.0
7821,HP Mobile Model 7821,"108MP Camera, 4000mAh Battery, 5G",8,139219,3.2
7822,Samsung Mobile Model 7822,"64MP Camera, 6000mAh Battery, 5G",8,123486,4.4
7823,Samsung Mobile Model 7823,"108MP Camera, 6000mAh Battery, 5G",34,14676,4.4
7824,Asus Smartwatch Model 7824,"GPS, AMOLED Display",48,104062,4.0
7825,HP Smartwatch Model 7825,"Heart Rate, AMOLED Display",45,86177,4.5
7826,HP Mobile Model 7826,"50MP Camera, 5000mAh Battery, 5G",40,34457,4.7
7827,Samsung Smartwatch Model 7827,"SpO2, LCD Display",15,146401,3.1
7828,Dell Laptop Model 7828,"i7, 16GB RAM, 1TB SSD",5,100761,3.7
7829,Samsung Laptop Model 7829,"Ryzen 7, 8GB RAM, 256GB SSD",13,16786,3.6
7830,Acer Laptop Model 7830,"i7, 32GB RAM, 512GB SSD",15,146256,4.5
7831,Acer Smartwatch Model 7831,"GPS, AMOLED Display",15,30038,3.4
7832,Samsung Smartwatch Model 7832,"GPS, AMOLED Display",44,149206,3.2
7833,Samsung Smartwatch Model 7833,"Heart Rate, AMOLED Display",8,148665,4.8
7834,OnePlus Smartwatch Model 7834,"Heart Rate, AMOLED Display",16,52540,3.0
7835,Asus Mobile Model 7835,"50MP Camera, 5000mAh Battery, 5G",34,139453,4.6
7836,Sony Laptop Model 7836,"Ryzen 7, 8GB RAM, 512GB SSD",31,140230,4.1
7837,Asus Mobile Model 7837,"108MP Camera, 4000mAh Battery, 5G",43,89503,4.5
7838,Xiaomi Laptop Model 7838,"Ryzen 5, 8GB RAM, 512GB SSD",33,108536,3.4
7839,OnePlus Smartwatch Model 7839,"SpO2, AMOLED Display",32,111339,3.3
7840,Apple Laptop Model 7840,"i7, 8GB RAM, 1TB SSD",13,60362,3.4
7841,Samsung Laptop Model 7841,"i5, 32GB RAM, 1TB SSD",19,11404,4.0
7842,Asus Smartwatch Model 7842,"GPS, LCD Display",28,111902,4.9
7843,Asus Mobile Model 7843,"108MP Camera, 4000mAh Battery, 5G",9,121110,4.0
7844,Lenovo Mobile Model 7844,"64MP Camera, 4000mAh Battery, 5G",36,35062,4.6
7845,Acer Smartwatch Model 7845,"Heart Rate, AMOLED Display",46,74370,4.5
7846,Lenovo Laptop Model 7846,"i5, 8GB RAM, 256GB SSD",13,23313,3.5
7847,OnePlus Laptop Model 7847,"i7, 32GB RAM, 512GB SSD",21,84528,4.2
7848,Sony Laptop Model 7848,"i5, 8GB RAM, 1TB SSD",50,92764,4.1
7849,Samsung Mobile Model 7849,"108MP Camera, 5000mAh Battery, 5G",7,59359,3.0
7850,Dell Laptop Model 7850,"i5, 8GB RAM, 512GB SSD",10,47207,4.3
7851,HP Laptop Model 7851,"i7, 32GB RAM, 1TB SSD",6,7334,3.9
7852,Xiaomi Smartwatch Model 7852,"SpO2, AMOLED Display",20,142586,4.7
7853,Xiaomi Smartwatch Model 7853,"SpO2, LCD Display",38,127805,4.9
7854,OnePlus Mobile Model 7854,"108MP Camera, 5000mAh Battery, 5G",48,35247,3.4
7855,Dell Mobile Model 7855,"108MP Camera, 5000mAh Battery, 5G",31,75434,5.0
7856,Asus Laptop Model 7856,"Ryzen 7, 32GB RAM, 512GB SSD",18,26334,4.8
7857,Xiaomi Mobile Model 7857,"108MP Camera, 6000mAh Battery, 5G",45,55899,4.4
7858,Sony Mobile Model 7858,"50MP Camera, 5000mAh Battery, 5G",25,100442,3.0
7859,Samsung Mobile Model 7859,"64MP Camera, 5000mAh Battery, 5G",13,133098,3.4
7860,Samsung Mobile Model 7860,"108MP Camera, 4000mAh Battery, 5G",44,53250,3.7
7861,Xiaomi Mobile Model 7861,"64MP Camera, 4000mAh Battery, 5G",12,92911,4.1
7862,Sony Mobile Model 7862,"50MP Camera, 6000mAh Battery, 5G",18,57840,4.0
7863,Dell Smartwatch Model 7863,"Heart Rate, LCD Display",15,79661,4.3
7864,HP Smartwatch Model 7864,"SpO2, LCD Display",20,116721,3.1
7865,Sony Smartwatch Model 7865,"GPS, AMOLED Display",22,104049,4.3
7866,Dell Laptop Model 7866,"Ryzen 7, 16GB RAM, 256GB SSD",17,55516,4.8
7867,Sony Mobile Model 7867,"50MP Camera, 4000mAh Battery, 5G",36,116148,3.8
7868,Asus Mobile Model 7868,"50MP Camera, 5000mAh Battery, 5G",6,42553,3.7
7869,Apple Laptop Model 7869,"i7, 16GB RAM, 512GB SSD",14,133502,3.5
7870,Acer Smartwatch Model 7870,"Heart Rate, LCD Display",50,48161,4.1
7871,Samsung Smartwatch Model 7871,"SpO2, LCD Display",34,109574,4.4
7872,Asus Laptop Model 7872,"Ryzen 7, 16GB RAM, 512GB SSD",42,128936,4.0
7873,Asus Laptop Model 7873,"i7, 8GB RAM, 512GB SSD",33,55641,3.4
7874,Xiaomi Mobile Model 7874,"64MP Camera, 6000mAh Battery, 5G",12,90593,4.7
7875,Apple Mobile Model 7875,"50MP Camera, 4000mAh Battery, 5G",26,127771,4.8
7876,Lenovo Mobile Model 7876,"108MP Camera, 4000mAh Battery, 5G",31,122255,3.5
7877,Dell Mobile Model 7877,"64MP Camera, 4000mAh Battery, 5G",48,148331,4.6
7878,HP Laptop Model 7878,"Ryzen 7, 16GB RAM, 256GB SSD",40,143409,3.7
7879,Apple Mobile Model 7879,"108MP Camera, 6000mAh Battery, 5G",43,25187,4.6
7880,HP Smartwatch Model 7880,"SpO2, AMOLED Display",22,6093,3.9
7881,Xiaomi Laptop Model 7881,"i7, 16GB RAM, 256GB SSD",38,91465,4.5
7882,OnePlus Mobile Model 7882,"50MP Camera, 5000mAh Battery, 5G",31,126304,4.9
7883,Acer Mobile Model 7883,"50MP Camera, 6000mAh Battery, 5G",7,131418,3.6
7884,Lenovo Smartwatch Model 7884,"SpO2, LCD Display",34,149689,3.1
7885,Samsung Mobile Model 7885,"64MP Camera, 5000mAh Battery, 5G",44,72528,3.7
7886,HP Mobile Model 7886,"108MP Camera, 5000mAh Battery, 5G",25,89246,5.0
7887,Lenovo Smartwatch Model 7887,"Heart Rate, LCD Display",36,73411,3.9
7888,Sony Smartwatch Model 7888,"SpO2, LCD Display",49,14970,3.5
7889,HP Smartwatch Model 7889,"Heart Rate, LCD Display",22,59098,3.5
7890,Samsung Laptop Model 7890,"Ryzen 5, 8GB RAM, 1TB SSD",37,97626,3.5
7891,Apple Mobile Model 7891,"64MP Camera, 4000mAh Battery, 5G",41,137581,3.3
7892,Acer Smartwatch Model 7892,"GPS, LCD Display",45,127940,4.4
7893,Apple Laptop Model 7893,"i7, 16GB RAM, 256GB SSD",38,23853,3.2
7894,Sony Smartwatch Model 7894,"Heart Rate, LCD Display",24,19399,4.9
7895,Xiaomi Mobile Model 7895,"108MP Camera, 5000mAh Battery, 5G",28,77367,4.6
7896,HP Smartwatch Model 7896,"SpO2, LCD Display",9,19577,3.3
7897,HP Smartwatch Model 7897,"GPS, AMOLED Display",42,106783,4.1
7898,Xiaomi Laptop Model 7898,"i5, 32GB RAM, 1TB SSD",45,147353,3.8
7899,Apple Laptop Model 7899,"Ryzen 7, 8GB RAM, 512GB SSD",26,133524,4.0
7900,OnePlus Laptop Model 7900,"Ryzen 7, 32GB RAM, 1TB SSD",20,119993,3.9
7901,Acer Mobile Model 7901,"64MP Camera, 6000mAh Battery, 5G",11,21219,4.9
7902,Asus Smartwatch Model 7902,"GPS, LCD Display",46,51783,4.0
7903,OnePlus Smartwatch Model 7903,"SpO2, LCD Display",33,88189,3.6
7904,Sony Laptop Model 7904,"i5, 16GB RAM, 512GB SSD",47,14758,4.3
7905,Samsung Laptop Model 7905,"Ryzen 7, 8GB RAM, 1TB SSD",15,73918,4.9
7906,Xiaomi Mobile Model 7906,"50MP Camera, 4000mAh Battery, 5G",50,58046,3.8
7907,OnePlus Mobile Model 7907,"64MP Camera, 5000mAh Battery, 5G",42,61476,4.4
7908,Xiaomi Laptop Model 7908,"Ryzen 7, 32GB RAM, 512GB SSD",7,147283,3.3
7909,HP Laptop Model 7909,"i5, 8GB RAM, 512GB SSD",19,90499,4.3
7910,Sony Laptop Model 7910,"Ryzen 5, 8GB RAM, 512GB SSD",31,27209,4.4
7911,Apple Laptop Model 7911,"Ryzen 7, 16GB RAM, 1TB SSD",14,96127,4.6
7912,Xiaomi Smartwatch Model 7912,"Heart Rate, LCD Display",12,133983,3.5
7913,Xiaomi Mobile Model 7913,"108MP Camera, 4000mAh Battery, 5G",31,110151,4.2
7914,Samsung Laptop Model 7914,"Ryzen 7, 16GB RAM, 256GB SSD",29,136578,3.2
7915,Lenovo Laptop Model 7915,"i7, 8GB RAM, 256GB SSD",25,75903,4.4
7916,HP Mobile Model 7916,"50MP Camera, 4000mAh Battery, 5G",29,50865,4.7
7917,Xiaomi Smartwatch Model 7917,"Heart Rate, LCD Display",50,89630,3.5
7918,Sony Smartwatch Model 7918,"Heart Rate, LCD Display",5,123719,4.8
7919,Apple Mobile Model 7919,"50MP Camera, 4000mAh Battery, 5G",25,44452,4.7
7920,Asus Laptop Model 7920,"Ryzen 7, 8GB RAM, 512GB SSD",22,44523,4.9
7921,Xiaomi Smartwatch Model 7921,"SpO2, AMOLED Display",25,7694,4.0
7922,Acer Smartwatch Model 7922,"GPS, LCD Display",7,81487,4.1
7923,OnePlus Laptop Model 7923,"Ryzen 5, 32GB RAM, 256GB SSD",48,68878,4.8
7924,Acer Mobile Model 7924,"50MP Camera, 5000mAh Battery, 5G",15,142052,4.9
7925,Apple Smartwatch Model 7925,"SpO2, AMOLED Display",26,44048,4.5
7926,Xiaomi Mobile Model 7926,"64MP Camera, 6000mAh Battery, 5G",9,132174,3.5
7927,HP Laptop Model 7927,"i7, 8GB RAM, 256GB SSD",43,83637,4.6
7928,Dell Laptop Model 7928,"Ryzen 7, 32GB RAM, 512GB SSD",33,119162,4.0
7929,Apple Smartwatch Model 7929,"Heart Rate, AMOLED Display",32,46782,3.5
7930,HP Laptop Model 7930,"Ryzen 5, 16GB RAM, 1TB SSD",42,63202,3.0
7931,Samsung Mobile Model 7931,"64MP Camera, 5000mAh Battery, 5G",7,65112,4.5
7932,OnePlus Mobile Model 7932,"108MP Camera, 5000mAh Battery, 5G",33,26670,4.6
7933,OnePlus Mobile Model 7933,"64MP Camera, 5000mAh Battery, 5G",33,30495,3.1
7934,Asus Smartwatch Model 7934,"Heart Rate, LCD Display",21,84128,3.1
7935,Dell Laptop Model 7935,"i7, 32GB RAM, 256GB SSD",22,143368,3.8
7936,Sony Mobile Model 7936,"64MP Camera, 4000mAh Battery, 5G",23,11161,3.1
7937,HP Mobile Model 7937,"50MP Camera, 4000mAh Battery, 5G",12,63169,3.9
7938,Sony Smartwatch Model 7938,"SpO2, AMOLED Display",11,59260,3.7
7939,Apple Laptop Model 7939,"i5, 32GB RAM, 1TB SSD",16,10237,5.0
7940,Acer Mobile Model 7940,"50MP Camera, 6000mAh Battery, 5G",27,50147,4.1
7941,Lenovo Laptop Model 7941,"Ryzen 7, 32GB RAM, 256GB SSD",8,104858,4.2
7942,Lenovo Laptop Model 7942,"i7, 8GB RAM, 1TB SSD",28,110926,4.8
7943,Xiaomi Laptop Model 7943,"i5, 8GB RAM, 256GB SSD",30,17230,3.1
7944,OnePlus Laptop Model 7944,"Ryzen 7, 8GB RAM, 512GB SSD",16,67276,4.0
7945,HP Mobile Model 7945,"64MP Camera, 6000mAh Battery, 5G",37,13111,3.2
7946,Acer Mobile Model 7946,"50MP Camera, 5000mAh Battery, 5G",6,45802,4.5
7947,Apple Laptop Model 7947,"i5, 32GB RAM, 256GB SSD",29,59818,3.1
7948,Dell Mobile Model 7948,"64MP Camera, 6000mAh Battery, 5G",13,68022,4.0
7949,Asus Mobile Model 7949,"108MP Camera, 6000mAh Battery, 5G",19,149508,3.6
7950,Lenovo Mobile Model 7950,"108MP Camera, 5000mAh Battery, 5G",11,123968,4.2
7951,Lenovo Laptop Model 7951,"Ryzen 7, 16GB RAM, 256GB SSD",23,95230,3.3
7952,Xiaomi Smartwatch Model 7952,"GPS, AMOLED Display",6,124769,3.9
7953,Sony Mobile Model 7953,"64MP Camera, 6000mAh Battery, 5G",9,146352,3.6
7954,OnePlus Smartwatch Model 7954,"GPS, LCD Display",46,107313,4.5
7955,Samsung Mobile Model 7955,"108MP Camera, 6000mAh Battery, 5G",7,49903,4.6
7956,Samsung Laptop Model 7956,"Ryzen 7, 16GB RAM, 1TB SSD",42,58026,4.1
7957,Xiaomi Laptop Model 7957,"Ryzen 7, 32GB RAM, 1TB SSD",41,149025,4.4
7958,Sony Laptop Model 7958,"i5, 16GB RAM, 256GB SSD",25,78888,3.8
7959,Samsung Mobile Model 7959,"64MP Camera, 6000mAh Battery, 5G",43,117439,3.5
7960,HP Laptop Model 7960,"i7, 16GB RAM, 256GB SSD",17,42505,3.1
7961,Asus Mobile Model 7961,"50MP Camera, 4000mAh Battery, 5G",48,96970,3.2
7962,Asus Mobile Model 7962,"50MP Camera, 5000mAh Battery, 5G",48,58641,3.3
7963,Sony Laptop Model 7963,"Ryzen 7, 32GB RAM, 1TB SSD",16,143463,3.9
7964,HP Laptop Model 7964,"Ryzen 5, 8GB RAM, 256GB SSD",12,148877,3.6
7965,Apple Laptop Model 7965,"i5, 8GB RAM, 256GB SSD",30,134305,3.8
7966,HP Laptop Model 7966,"Ryzen 7, 8GB RAM, 256GB SSD",24,106877,4.1
7967,OnePlus Laptop Model 7967,"i7, 32GB RAM, 512GB SSD",16,121048,5.0
7968,Samsung Laptop Model 7968,"Ryzen 5, 32GB RAM, 256GB SSD",11,59303,3.1
7969,Acer Laptop Model 7969,"i5, 32GB RAM, 256GB SSD",19,55304,3.4
7970,Acer Laptop Model 7970,"Ryzen 5, 16GB RAM, 512GB SSD",45,135894,4.9
7971,Lenovo Mobile Model 7971,"50MP Camera, 6000mAh Battery, 5G",36,99375,4.7
7972,Asus Mobile Model 7972,"64MP Camera, 5000mAh Battery, 5G",27,122096,4.3
7973,Apple Laptop Model 7973,"Ryzen 7, 32GB RAM, 1TB SSD",12,74829,3.6
7974,HP Laptop Model 7974,"i5, 32GB RAM, 512GB SSD",15,28969,4.0
7975,Asus Mobile Model 7975,"108MP Camera, 6000mAh Battery, 5G",30,136465,4.5
7976,Acer Smartwatch Model 7976,"Heart Rate, AMOLED Display",48,58497,5.0
7977,Dell Mobile Model 7977,"64MP Camera, 5000mAh Battery, 5G",18,93098,4.5
7978,Apple Smartwatch Model 7978,"GPS, AMOLED Display",29,83878,3.6
7979,HP Laptop Model 7979,"i7, 8GB RAM, 1TB SSD",23,91211,4.4
7980,Samsung Mobile Model 7980,"50MP Camera, 5000mAh Battery, 5G",41,138176,3.3
7981,Apple Smartwatch Model 7981,"SpO2, LCD Display",40,127672,4.7
7982,Lenovo Mobile Model 7982,"64MP Camera, 5000mAh Battery, 5G",21,41392,4.0
7983,Apple Mobile Model 7983,"64MP Camera, 5000mAh Battery, 5G",29,16452,5.0
7984,HP Laptop Model 7984,"i5, 8GB RAM, 256GB SSD",46,71799,4.6
7985,Asus Laptop Model 7985,"i7, 32GB RAM, 1TB SSD",15,128630,4.9
7986,HP Laptop Model 7986,"i7, 32GB RAM, 1TB SSD",10,16246,4.7
7987,Apple Smartwatch Model 7987,"SpO2, AMOLED Display",28,48940,4.6
7988,Asus Smartwatch Model 7988,"SpO2, LCD Display",17,73786,3.7
7989,Dell Mobile Model 7989,"108MP Camera, 4000mAh Battery, 5G",17,87630,3.6
7990,Xiaomi Smartwatch Model 7990,"SpO2, AMOLED Display",20,44567,4.2
7991,Xiaomi Mobile Model 7991,"64MP Camera, 6000mAh Battery, 5G",20,45994,3.0
7992,Dell Smartwatch Model 7992,"GPS, LCD Display",29,73610,4.5
7993,OnePlus Laptop Model 7993,"Ryzen 5, 8GB RAM, 256GB SSD",17,45131,4.9
7994,Xiaomi Smartwatch Model 7994,"Heart Rate, AMOLED Display",13,74207,4.8
7995,Dell Laptop Model 7995,"i7, 32GB RAM, 256GB SSD",11,94376,3.7
7996,HP Mobile Model 7996,"108MP Camera, 5000mAh Battery, 5G",21,148544,3.0
7997,Acer Laptop Model 7997,"i5, 16GB RAM, 512GB SSD",9,75987,3.3
7998,Lenovo Laptop Model 7998,"Ryzen 7, 8GB RAM, 256GB SSD",10,112029,5.0
7999,Apple Laptop Model 7999,"i7, 16GB RAM, 256GB SSD",49,71451,4.6
8000,HP Laptop Model 8000,"i5, 16GB RAM, 512GB SSD",33,51284,3.7
8001,Samsung Smartwatch Model 8001,"SpO2, AMOLED Display",29,145420,3.3
8002,Samsung Mobile Model 8002,"50MP Camera, 4000mAh Battery, 5G",38,144891,4.6
8003,Apple Laptop Model 8003,"Ryzen 5, 32GB RAM, 512GB SSD",47,49654,3.1
8004,Xiaomi Mobile Model 8004,"50MP Camera, 6000mAh Battery, 5G",36,46252,4.0
8005,Xiaomi Mobile Model 8005,"108MP Camera, 4000mAh Battery, 5G",46,74358,4.6
8006,Apple Smartwatch Model 8006,"Heart Rate, AMOLED Display",31,47762,4.3
8007,Samsung Laptop Model 8007,"Ryzen 7, 32GB RAM, 256GB SSD",24,53953,4.6
8008,OnePlus Smartwatch Model 8008,"SpO2, LCD Display",48,31557,4.9
8009,OnePlus Mobile Model 8009,"50MP Camera, 5000mAh Battery, 5G",6,109894,4.9
8010,Dell Laptop Model 8010,"i5, 8GB RAM, 1TB SSD",14,53060,4.8
8011,Sony Mobile Model 8011,"108MP Camera, 6000mAh Battery, 5G",21,43597,4.3
8012,Lenovo Mobile Model 8012,"64MP Camera, 6000mAh Battery, 5G",29,18222,4.3
8013,Asus Smartwatch Model 8013,"GPS, LCD Display",9,78656,3.4
8014,Samsung Smartwatch Model 8014,"Heart Rate, LCD Display",10,43230,4.5
8015,Asus Smartwatch Model 8015,"Heart Rate, LCD Display",13,33365,3.7
8016,Lenovo Laptop Model 8016,"Ryzen 5, 8GB RAM, 512GB SSD",27,138612,4.2
8017,Apple Mobile Model 8017,"108MP Camera, 5000mAh Battery, 5G",28,56493,4.1
8018,HP Mobile Model 8018,"108MP Camera, 4000mAh Battery, 5G",6,18511,3.8
8019,OnePlus Mobile Model 8019,"108MP Camera, 5000mAh Battery, 5G",22,101181,4.8
8020,Acer Mobile Model 8020,"50MP Camera, 6000mAh Battery, 5G",36,127286,4.0
8021,Samsung Smartwatch Model 8021,"SpO2, AMOLED Display",10,146987,4.8
8022,HP Laptop Model 8022,"i5, 8GB RAM, 1TB SSD",24,100185,4.5
8023,Sony Mobile Model 8023,"108MP Camera, 5000mAh Battery, 5G",33,107783,4.4
8024,Asus Smartwatch Model 8024,"Heart Rate, LCD Display",17,100477,4.7
8025,Apple Smartwatch Model 8025,"GPS, AMOLED Display",43,138052,4.0
8026,OnePlus Smartwatch Model 8026,"SpO2, AMOLED Display",44,85125,3.1
8027,Xiaomi Smartwatch Model 8027,"SpO2, AMOLED Display",23,7344,4.4
8028,Apple Laptop Model 8028,"Ryzen 5, 32GB RAM, 512GB SSD",47,20280,4.5
8029,Lenovo Smartwatch Model 8029,"Heart Rate, LCD Display",27,129969,3.3
8030,Dell Laptop Model 8030,"i7, 8GB RAM, 256GB SSD",27,71177,4.7
8031,Sony Smartwatch Model 8031,"SpO2, LCD Display",22,71082,4.0
8032,OnePlus Smartwatch Model 8032,"Heart Rate, AMOLED Display",8,26259,3.5
8033,Apple Mobile Model 8033,"50MP Camera, 6000mAh Battery, 5G",16,31785,3.5
8034,Asus Laptop Model 8034,"i5, 16GB RAM, 1TB SSD",20,70527,3.2
8035,Lenovo Smartwatch Model 8035,"SpO2, AMOLED Display",8,66260,3.1
8036,Xiaomi Laptop Model 8036,"i5, 32GB RAM, 256GB SSD",13,124475,3.2
8037,Samsung Mobile Model 8037,"64MP Camera, 5000mAh Battery, 5G",15,148103,3.4
8038,Sony Laptop Model 8038,"i5, 32GB RAM, 1TB SSD",47,46558,5.0
8039,Xiaomi Smartwatch Model 8039,"Heart Rate, AMOLED Display",12,26165,3.2
8040,Xiaomi Smartwatch Model 8040,"GPS, AMOLED Display",19,144449,4.5
8041,Acer Laptop Model 8041,"Ryzen 5, 8GB RAM, 1TB SSD",49,55248,3.3
8042,Dell Mobile Model 8042,"108MP Camera, 5000mAh Battery, 5G",44,147664,4.4
8043,Asus Mobile Model 8043,"64MP Camera, 4000mAh Battery, 5G",46,83864,3.5
8044,HP Smartwatch Model 8044,"SpO2, AMOLED Display",28,123243,3.7
8045,Apple Mobile Model 8045,"64MP Camera, 4000mAh Battery, 5G",45,47067,4.0
8046,Sony Mobile Model 8046,"50MP Camera, 6000mAh Battery, 5G",46,49465,4.1
8047,Xiaomi Laptop Model 8047,"Ryzen 5, 8GB RAM, 1TB SSD",43,103026,3.4
8048,OnePlus Laptop Model 8048,"Ryzen 7, 16GB RAM, 512GB SSD",36,105635,5.0
8049,Sony Mobile Model 8049,"50MP Camera, 4000mAh Battery, 5G",15,101159,4.3
8050,HP Laptop Model 8050,"i7, 16GB RAM, 512GB SSD",36,65118,4.4
8051,Acer Mobile Model 8051,"50MP Camera, 5000mAh Battery, 5G",18,139693,4.5
8052,Asus Laptop Model 8052,"Ryzen 5, 32GB RAM, 256GB SSD",32,8387,4.4
8053,Asus Mobile Model 8053,"64MP Camera, 5000mAh Battery, 5G",30,123457,4.8
8054,Asus Smartwatch Model 8054,"GPS, LCD Display",9,34462,3.3
8055,Xiaomi Mobile Model 8055,"108MP Camera, 5000mAh Battery, 5G",8,135841,4.6
8056,Apple Smartwatch Model 8056,"GPS, AMOLED Display",28,42059,4.0
8057,Xiaomi Mobile Model 8057,"64MP Camera, 5000mAh Battery, 5G",35,97423,4.6
8058,Lenovo Laptop Model 8058,"Ryzen 7, 8GB RAM, 256GB SSD",27,43372,4.9
8059,Xiaomi Laptop Model 8059,"Ryzen 5, 8GB RAM, 512GB SSD",29,74656,3.0
8060,HP Mobile Model 8060,"50MP Camera, 4000mAh Battery, 5G",29,106977,3.7
8061,Xiaomi Laptop Model 8061,"Ryzen 7, 16GB RAM, 1TB SSD",14,47277,4.8
8062,Asus Smartwatch Model 8062,"GPS, AMOLED Display",37,103872,4.3
8063,Asus Smartwatch Model 8063,"Heart Rate, LCD Display",32,106556,3.8
8064,OnePlus Smartwatch Model 8064,"Heart Rate, AMOLED Display",18,117212,3.9
8065,OnePlus Smartwatch Model 8065,"Heart Rate, LCD Display",42,132764,4.2
8066,Asus Laptop Model 8066,"Ryzen 7, 16GB RAM, 256GB SSD",9,133048,3.2
8067,Xiaomi Laptop Model 8067,"i5, 32GB RAM, 256GB SSD",25,15261,3.3
8068,Lenovo Smartwatch Model 8068,"GPS, AMOLED Display",44,92175,4.2
8069,Acer Smartwatch Model 8069,"GPS, AMOLED Display",42,90616,3.4
8070,Dell Smartwatch Model 8070,"Heart Rate, LCD Display",18,75790,3.9
8071,Dell Smartwatch Model 8071,"SpO2, AMOLED Display",31,149010,4.6
8072,Lenovo Mobile Model 8072,"50MP Camera, 4000mAh Battery, 5G",19,17209,3.8
8073,Lenovo Smartwatch Model 8073,"Heart Rate, AMOLED Display",18,15336,4.9
8074,Asus Mobile Model 8074,"108MP Camera, 4000mAh Battery, 5G",27,96721,3.5
8075,OnePlus Mobile Model 8075,"108MP Camera, 6000mAh Battery, 5G",42,27560,4.3
8076,HP Laptop Model 8076,"i5, 16GB RAM, 512GB SSD",28,59664,4.9
8077,HP Mobile Model 8077,"108MP Camera, 4000mAh Battery, 5G",33,53602,4.1
8078,OnePlus Smartwatch Model 8078,"GPS, AMOLED Display",47,53038,3.2
8079,Samsung Laptop Model 8079,"Ryzen 7, 16GB RAM, 256GB SSD",46,83070,3.4
8080,Acer Mobile Model 8080,"108MP Camera, 6000mAh Battery, 5G",50,119060,4.0
8081,OnePlus Mobile Model 8081,"50MP Camera, 6000mAh Battery, 5G",8,77691,4.2
8082,OnePlus Laptop Model 8082,"i7, 8GB RAM, 256GB SSD",17,14325,4.7
8083,Sony Mobile Model 8083,"50MP Camera, 6000mAh Battery, 5G",37,15144,3.0
8084,OnePlus Laptop Model 8084,"i5, 8GB RAM, 512GB SSD",32,124101,3.5
8085,Apple Mobile Model 8085,"108MP Camera, 6000mAh Battery, 5G",40,110118,3.5
8086,Apple Mobile Model 8086,"50MP Camera, 6000mAh Battery, 5G",46,71019,3.6
8087,Sony Laptop Model 8087,"i5, 8GB RAM, 1TB SSD",12,58538,3.6
8088,Sony Smartwatch Model 8088,"SpO2, AMOLED Display",15,76000,4.5
8089,Lenovo Smartwatch Model 8089,"GPS, AMOLED Display",49,76731,3.1
8090,Xiaomi Mobile Model 8090,"64MP Camera, 4000mAh Battery, 5G",10,69118,4.1
8091,Samsung Laptop Model 8091,"i7, 16GB RAM, 512GB SSD",6,110996,4.0
8092,Apple Mobile Model 8092,"50MP Camera, 5000mAh Battery, 5G",21,96929,3.7
8093,Lenovo Mobile Model 8093,"50MP Camera, 4000mAh Battery, 5G",27,16320,4.4
8094,Samsung Laptop Model 8094,"i7, 16GB RAM, 256GB SSD",5,56431,3.1
8095,Apple Laptop Model 8095,"Ryzen 5, 32GB RAM, 512GB SSD",41,32470,4.5
8096,Sony Laptop Model 8096,"i7, 16GB RAM, 512GB SSD",5,17284,4.6
8097,Apple Mobile Model 8097,"64MP Camera, 5000mAh Battery, 5G",7,14171,4.8
8098,Xiaomi Laptop Model 8098,"i7, 32GB RAM, 256GB SSD",22,85738,4.7
8099,Sony Mobile Model 8099,"50MP Camera, 6000mAh Battery, 5G",36,139879,3.5
8100,Asus Laptop Model 8100,"Ryzen 7, 8GB RAM, 1TB SSD",36,34582,4.5
8101,HP Laptop Model 8101,"i7, 8GB RAM, 512GB SSD",41,144261,5.0
8102,OnePlus Laptop Model 8102,"Ryzen 5, 8GB RAM, 1TB SSD",27,77560,4.7
8103,Dell Mobile Model 8103,"64MP Camera, 6000mAh Battery, 5G",21,79574,3.8
8104,Sony Mobile Model 8104,"108MP Camera, 4000mAh Battery, 5G",32,122245,4.9
8105,HP Mobile Model 8105,"50MP Camera, 6000mAh Battery, 5G",49,124547,3.5
8106,Dell Laptop Model 8106,"i5, 16GB RAM, 256GB SSD",41,106808,3.0
8107,Apple Smartwatch Model 8107,"SpO2, AMOLED Display",9,44724,3.5
8108,Xiaomi Mobile Model 8108,"64MP Camera, 6000mAh Battery, 5G",8,84937,3.2
8109,Lenovo Laptop Model 8109,"Ryzen 7, 16GB RAM, 256GB SSD",17,38019,4.5
8110,Apple Smartwatch Model 8110,"GPS, AMOLED Display",18,109683,5.0
8111,Asus Smartwatch Model 8111,"GPS, AMOLED Display",14,96538,3.2
8112,Asus Laptop Model 8112,"i5, 8GB RAM, 512GB SSD",46,126346,4.8
8113,Apple Laptop Model 8113,"Ryzen 5, 32GB RAM, 512GB SSD",40,23556,4.2
8114,Apple Smartwatch Model 8114,"Heart Rate, LCD Display",16,121654,3.6
8115,Acer Laptop Model 8115,"i5, 16GB RAM, 256GB SSD",8,130975,3.2
8116,Acer Smartwatch Model 8116,"Heart Rate, LCD Display",44,105143,4.5
8117,Asus Smartwatch Model 8117,"Heart Rate, AMOLED Display",47,141967,3.6
8118,Dell Laptop Model 8118,"i7, 8GB RAM, 256GB SSD",48,31637,3.7
8119,Samsung Smartwatch Model 8119,"SpO2, AMOLED Display",49,141080,3.8
8120,HP Smartwatch Model 8120,"GPS, LCD Display",16,30662,4.7
8121,Dell Mobile Model 8121,"64MP Camera, 4000mAh Battery, 5G",50,119390,3.4
8122,OnePlus Mobile Model 8122,"64MP Camera, 5000mAh Battery, 5G",29,10191,3.8
8123,Sony Laptop Model 8123,"Ryzen 7, 16GB RAM, 256GB SSD",23,33175,3.2
8124,Lenovo Smartwatch Model 8124,"SpO2, AMOLED Display",18,143867,4.7
8125,HP Laptop Model 8125,"i7, 16GB RAM, 512GB SSD",50,25532,5.0
8126,Samsung Mobile Model 8126,"50MP Camera, 4000mAh Battery, 5G",50,121929,3.5
8127,Lenovo Mobile Model 8127,"64MP Camera, 6000mAh Battery, 5G",15,69508,3.3
8128,Sony Smartwatch Model 8128,"Heart Rate, LCD Display",23,116681,4.5
8129,Xiaomi Laptop Model 8129,"Ryzen 5, 8GB RAM, 256GB SSD",37,23589,4.3
8130,HP Mobile Model 8130,"108MP Camera, 5000mAh Battery, 5G",13,20854,4.0
8131,Dell Mobile Model 8131,"64MP Camera, 6000mAh Battery, 5G",24,9118,3.6
8132,Asus Laptop Model 8132,"Ryzen 7, 16GB RAM, 256GB SSD",16,70628,3.7
8133,Xiaomi Smartwatch Model 8133,"Heart Rate, AMOLED Display",39,87118,3.7
8134,Sony Smartwatch Model 8134,"SpO2, AMOLED Display",33,145908,4.8
8135,Samsung Mobile Model 8135,"50MP Camera, 5000mAh Battery, 5G",36,52196,4.8
8136,Asus Mobile Model 8136,"64MP Camera, 4000mAh Battery, 5G",17,9507,4.3
8137,Acer Mobile Model 8137,"64MP Camera, 4000mAh Battery, 5G",45,142894,3.9
8138,Asus Mobile Model 8138,"108MP Camera, 4000mAh Battery, 5G",30,35760,3.6
8139,Sony Laptop Model 8139,"i5, 8GB RAM, 512GB SSD",15,112013,4.5
8140,HP Laptop Model 8140,"Ryzen 5, 8GB RAM, 512GB SSD",40,57697,3.2
8141,Apple Mobile Model 8141,"64MP Camera, 6000mAh Battery, 5G",14,70430,4.3
8142,Apple Laptop Model 8142,"Ryzen 5, 8GB RAM, 256GB SSD",18,68798,3.7
8143,OnePlus Mobile Model 8143,"50MP Camera, 5000mAh Battery, 5G",8,80365,3.2
8144,Sony Laptop Model 8144,"i7, 16GB RAM, 256GB SSD",43,65237,3.6
8145,Xiaomi Smartwatch Model 8145,"SpO2, AMOLED Display",29,121565,4.3
8146,Samsung Smartwatch Model 8146,"Heart Rate, LCD Display",24,118771,3.8
8147,Asus Laptop Model 8147,"Ryzen 7, 8GB RAM, 512GB SSD",21,48745,3.8
8148,OnePlus Laptop Model 8148,"Ryzen 5, 32GB RAM, 1TB SSD",16,69196,4.0
8149,Dell Smartwatch Model 8149,"Heart Rate, LCD Display",31,63010,5.0
8150,Sony Smartwatch Model 8150,"Heart Rate, AMOLED Display",30,104509,3.7
8151,Sony Smartwatch Model 8151,"GPS, LCD Display",41,44277,4.9
8152,Asus Laptop Model 8152,"i5, 16GB RAM, 512GB SSD",49,116066,3.3
8153,Lenovo Laptop Model 8153,"Ryzen 7, 8GB RAM, 512GB SSD",17,19281,4.3
8154,Dell Mobile Model 8154,"50MP Camera, 5000mAh Battery, 5G",7,89723,4.8
8155,Acer Smartwatch Model 8155,"Heart Rate, LCD Display",35,138923,4.1
8156,Dell Laptop Model 8156,"i5, 32GB RAM, 1TB SSD",5,37766,4.4
8157,OnePlus Mobile Model 8157,"64MP Camera, 4000mAh Battery, 5G",7,52419,4.3
8158,Dell Mobile Model 8158,"50MP Camera, 5000mAh Battery, 5G",20,137194,4.1
8159,Samsung Laptop Model 8159,"i7, 16GB RAM, 1TB SSD",39,148067,3.9
8160,Sony Mobile Model 8160,"50MP Camera, 6000mAh Battery, 5G",18,42540,3.8
8161,Xiaomi Laptop Model 8161,"Ryzen 5, 8GB RAM, 1TB SSD",6,11957,4.8
8162,Asus Smartwatch Model 8162,"SpO2, LCD Display",17,91454,4.8
8163,Lenovo Smartwatch Model 8163,"GPS, AMOLED Display",37,94863,3.2
8164,Acer Laptop Model 8164,"i7, 8GB RAM, 256GB SSD",17,63118,4.2
8165,OnePlus Laptop Model 8165,"i5, 8GB RAM, 256GB SSD",49,125252,3.3
8166,Lenovo Laptop Model 8166,"Ryzen 7, 32GB RAM, 256GB SSD",32,86924,3.6
8167,Apple Laptop Model 8167,"i7, 8GB RAM, 512GB SSD",25,55787,3.6
8168,Acer Mobile Model 8168,"50MP Camera, 6000mAh Battery, 5G",17,114386,5.0
8169,OnePlus Mobile Model 8169,"50MP Camera, 6000mAh Battery, 5G",9,71164,4.0
8170,HP Mobile Model 8170,"64MP Camera, 6000mAh Battery, 5G",41,130348,4.1
8171,OnePlus Smartwatch Model 8171,"Heart Rate, AMOLED Display",23,105368,4.7
8172,Samsung Mobile Model 8172,"50MP Camera, 5000mAh Battery, 5G",34,40830,4.2
8173,Dell Mobile Model 8173,"108MP Camera, 6000mAh Battery, 5G",41,137675,4.4
8174,Acer Laptop Model 8174,"i5, 8GB RAM, 1TB SSD",48,47118,3.5
8175,Asus Mobile Model 8175,"50MP Camera, 6000mAh Battery, 5G",23,38841,4.9
8176,Sony Laptop Model 8176,"Ryzen 7, 16GB RAM, 512GB SSD",42,110380,4.8
8177,Xiaomi Mobile Model 8177,"108MP Camera, 4000mAh Battery, 5G",39,25058,3.1
8178,HP Mobile Model 8178,"108MP Camera, 4000mAh Battery, 5G",22,142830,4.6
8179,Xiaomi Smartwatch Model 8179,"GPS, LCD Display",6,109845,3.3
8180,Acer Laptop Model 8180,"Ryzen 5, 8GB RAM, 256GB SSD",49,15053,3.8
8181,HP Laptop Model 8181,"Ryzen 5, 32GB RAM, 1TB SSD",49,32036,3.9
8182,OnePlus Mobile Model 8182,"108MP Camera, 5000mAh Battery, 5G",10,11702,3.6
8183,Asus Laptop Model 8183,"i7, 16GB RAM, 256GB SSD",44,81011,4.5
8184,Acer Smartwatch Model 8184,"SpO2, AMOLED Display",50,93756,3.1
8185,Xiaomi Smartwatch Model 8185,"SpO2, AMOLED Display",14,61577,4.8
8186,Dell Mobile Model 8186,"108MP Camera, 5000mAh Battery, 5G",14,60884,4.0
8187,Xiaomi Mobile Model 8187,"108MP Camera, 6000mAh Battery, 5G",27,81954,3.9
8188,Apple Smartwatch Model 8188,"SpO2, LCD Display",43,131377,4.3
8189,HP Mobile Model 8189,"108MP Camera, 4000mAh Battery, 5G",15,134317,4.9
8190,OnePlus Mobile Model 8190,"64MP Camera, 5000mAh Battery, 5G",10,120850,4.3
8191,Lenovo Mobile Model 8191,"64MP Camera, 6000mAh Battery, 5G",47,70332,3.1
8192,Sony Mobile Model 8192,"50MP Camera, 6000mAh Battery, 5G",18,95919,4.2
8193,Samsung Mobile Model 8193,"50MP Camera, 6000mAh Battery, 5G",27,73462,3.2
8194,OnePlus Mobile Model 8194,"64MP Camera, 4000mAh Battery, 5G",31,130318,4.7
8195,Lenovo Mobile Model 8195,"50MP Camera, 6000mAh Battery, 5G",32,53772,4.2
8196,OnePlus Smartwatch Model 8196,"SpO2, AMOLED Display",47,11873,4.3
8197,OnePlus Laptop Model 8197,"Ryzen 7, 8GB RAM, 512GB SSD",38,77182,4.8
8198,Dell Smartwatch Model 8198,"Heart Rate, AMOLED Display",37,92464,4.3
8199,Xiaomi Smartwatch Model 8199,"SpO2, LCD Display",13,106204,4.3
8200,Sony Mobile Model 8200,"108MP Camera, 6000mAh Battery, 5G",49,5654,4.3
8201,HP Smartwatch Model 8201,"Heart Rate, AMOLED Display",8,69419,5.0
8202,Apple Smartwatch Model 8202,"Heart Rate, LCD Display",21,70145,4.2
8203,Acer Mobile Model 8203,"50MP Camera, 4000mAh Battery, 5G",19,72940,3.0
8204,HP Mobile Model 8204,"64MP Camera, 4000mAh Battery, 5G",32,8554,3.1
8205,HP Smartwatch Model 8205,"GPS, LCD Display",36,128757,3.5
8206,Dell Laptop Model 8206,"Ryzen 7, 16GB RAM, 256GB SSD",29,146857,3.4
8207,Sony Laptop Model 8207,"Ryzen 7, 16GB RAM, 1TB SSD",19,101120,3.3
8208,OnePlus Laptop Model 8208,"i7, 8GB RAM, 256GB SSD",22,120391,3.4
8209,Xiaomi Smartwatch Model 8209,"GPS, AMOLED Display",6,63790,4.3
8210,OnePlus Smartwatch Model 8210,"GPS, LCD Display",7,47062,4.1
8211,OnePlus Mobile Model 8211,"64MP Camera, 6000mAh Battery, 5G",48,53224,3.3
8212,Dell Smartwatch Model 8212,"GPS, LCD Display",31,90023,4.9
8213,Sony Mobile Model 8213,"50MP Camera, 5000mAh Battery, 5G",15,19867,3.6
8214,Dell Mobile Model 8214,"50MP Camera, 5000mAh Battery, 5G",32,91016,4.6
8215,Acer Laptop Model 8215,"i5, 16GB RAM, 512GB SSD",42,34965,4.2
8216,Samsung Smartwatch Model 8216,"GPS, AMOLED Display",28,18901,3.6
8217,OnePlus Mobile Model 8217,"64MP Camera, 6000mAh Battery, 5G",35,57126,4.3
8218,OnePlus Smartwatch Model 8218,"SpO2, AMOLED Display",28,76698,5.0
8219,HP Laptop Model 8219,"Ryzen 5, 8GB RAM, 512GB SSD",16,98052,4.5
8220,OnePlus Laptop Model 8220,"i7, 8GB RAM, 512GB SSD",34,125582,3.5
8221,Xiaomi Laptop Model 8221,"Ryzen 7, 32GB RAM, 512GB SSD",35,30597,3.3
8222,Asus Mobile Model 8222,"50MP Camera, 5000mAh Battery, 5G",34,20916,3.6
8223,Lenovo Laptop Model 8223,"i7, 8GB RAM, 512GB SSD",9,142332,3.8
8224,Apple Smartwatch Model 8224,"Heart Rate, AMOLED Display",25,97554,4.6
8225,Sony Laptop Model 8225,"Ryzen 5, 8GB RAM, 512GB SSD",21,118939,4.1
8226,OnePlus Smartwatch Model 8226,"SpO2, LCD Display",21,46557,4.1
8227,Acer Laptop Model 8227,"i7, 16GB RAM, 256GB SSD",27,92030,3.3
8228,Acer Smartwatch Model 8228,"GPS, LCD Display",41,35340,4.4
8229,HP Laptop Model 8229,"Ryzen 5, 16GB RAM, 256GB SSD",18,135839,4.4
8230,Xiaomi Laptop Model 8230,"Ryzen 5, 16GB RAM, 1TB SSD",6,133680,3.7
8231,Samsung Laptop Model 8231,"Ryzen 5, 8GB RAM, 512GB SSD",38,72203,4.3
8232,Lenovo Smartwatch Model 8232,"SpO2, AMOLED Display",48,116780,3.8
8233,OnePlus Laptop Model 8233,"i5, 8GB RAM, 512GB SSD",39,58381,4.9
8234,OnePlus Smartwatch Model 8234,"GPS, LCD Display",41,40519,4.8
8235,Samsung Mobile Model 8235,"64MP Camera, 6000mAh Battery, 5G",5,68189,3.1
8236,OnePlus Laptop Model 8236,"Ryzen 5, 8GB RAM, 1TB SSD",18,15673,4.4
8237,OnePlus Laptop Model 8237,"Ryzen 7, 8GB RAM, 1TB SSD",22,54813,3.7
8238,Apple Smartwatch Model 8238,"Heart Rate, AMOLED Display",25,83340,4.8
8239,Acer Smartwatch Model 8239,"SpO2, LCD Display",28,60461,3.8
8240,Lenovo Smartwatch Model 8240,"Heart Rate, AMOLED Display",40,112670,3.5
8241,Dell Smartwatch Model 8241,"Heart Rate, AMOLED Display",14,43233,4.3
8242,Asus Smartwatch Model 8242,"Heart Rate, AMOLED Display",16,32576,4.6
8243,Samsung Mobile Model 8243,"50MP Camera, 4000mAh Battery, 5G",44,142914,4.1
8244,Lenovo Smartwatch Model 8244,"SpO2, LCD Display",5,34615,3.6
8245,Samsung Smartwatch Model 8245,"GPS, LCD Display",8,34526,4.0
8246,Xiaomi Laptop Model 8246,"i7, 8GB RAM, 512GB SSD",11,51124,4.4
8247,HP Smartwatch Model 8247,"SpO2, AMOLED Display",42,86419,4.9
8248,Samsung Mobile Model 8248,"50MP Camera, 4000mAh Battery, 5G",13,14020,3.8
8249,Apple Mobile Model 8249,"108MP Camera, 6000mAh Battery, 5G",50,98597,4.6
8250,Lenovo Mobile Model 8250,"50MP Camera, 5000mAh Battery, 5G",8,89416,3.5
8251,Xiaomi Smartwatch Model 8251,"SpO2, LCD Display",15,115325,4.1
8252,HP Mobile Model 8252,"108MP Camera, 6000mAh Battery, 5G",21,105849,3.7
8253,Samsung Laptop Model 8253,"i5, 8GB RAM, 512GB SSD",14,107751,4.3
8254,Samsung Smartwatch Model 8254,"SpO2, LCD Display",14,132896,3.3
8255,Lenovo Laptop Model 8255,"i7, 8GB RAM, 1TB SSD",34,132003,4.8
8256,Acer Mobile Model 8256,"108MP Camera, 4000mAh Battery, 5G",30,13194,3.1
8257,Samsung Smartwatch Model 8257,"SpO2, AMOLED Display",11,32202,3.4
8258,HP Laptop Model 8258,"Ryzen 7, 8GB RAM, 1TB SSD",34,49579,3.5
8259,Apple Smartwatch Model 8259,"GPS, AMOLED Display",21,49907,4.0
8260,Lenovo Smartwatch Model 8260,"GPS, LCD Display",46,34140,4.0
8261,Dell Smartwatch Model 8261,"GPS, LCD Display",17,135414,5.0
8262,Dell Smartwatch Model 8262,"GPS, AMOLED Display",28,93016,4.4
8263,OnePlus Smartwatch Model 8263,"GPS, LCD Display",38,100138,4.6
8264,Sony Mobile Model 8264,"50MP Camera, 6000mAh Battery, 5G",40,143539,4.6
8265,Acer Smartwatch Model 8265,"SpO2, AMOLED Display",12,12460,4.6
8266,Lenovo Laptop Model 8266,"i5, 16GB RAM, 512GB SSD",42,101949,4.5
8267,Xiaomi Laptop Model 8267,"Ryzen 5, 32GB RAM, 256GB SSD",31,132341,4.3
8268,Xiaomi Smartwatch Model 8268,"Heart Rate, LCD Display",10,118588,3.6
8269,Apple Laptop Model 8269,"i5, 32GB RAM, 512GB SSD",8,78002,4.1
8270,Asus Mobile Model 8270,"108MP Camera, 6000mAh Battery, 5G",25,84045,4.6
8271,Sony Laptop Model 8271,"i5, 16GB RAM, 256GB SSD",48,141245,3.5
8272,Acer Smartwatch Model 8272,"GPS, LCD Display",5,114613,4.2
8273,Apple Mobile Model 8273,"108MP Camera, 6000mAh Battery, 5G",14,131365,5.0
8274,Dell Laptop Model 8274,"i5, 32GB RAM, 256GB SSD",47,116851,4.9
8275,Asus Smartwatch Model 8275,"GPS, LCD Display",8,95362,3.2
8276,Acer Smartwatch Model 8276,"Heart Rate, LCD Display",39,5707,4.9
8277,Apple Smartwatch Model 8277,"Heart Rate, AMOLED Display",25,46507,4.9
8278,Acer Mobile Model 8278,"50MP Camera, 4000mAh Battery, 5G",36,142621,4.5
8279,HP Smartwatch Model 8279,"Heart Rate, LCD Display",8,97209,3.9
8280,Xiaomi Smartwatch Model 8280,"Heart Rate, LCD Display",11,109336,3.2
8281,HP Laptop Model 8281,"Ryzen 7, 16GB RAM, 1TB SSD",17,50516,3.8
8282,HP Laptop Model 8282,"i5, 32GB RAM, 256GB SSD",27,108132,3.7
8283,Asus Laptop Model 8283,"Ryzen 7, 32GB RAM, 256GB SSD",44,21869,3.9
8284,Acer Smartwatch Model 8284,"Heart Rate, LCD Display",11,16422,3.5
8285,OnePlus Laptop Model 8285,"Ryzen 7, 32GB RAM, 1TB SSD",22,149877,3.7
8286,Acer Smartwatch Model 8286,"Heart Rate, AMOLED Display",26,59927,3.0
8287,Sony Mobile Model 8287,"108MP Camera, 5000mAh Battery, 5G",44,86633,4.0
8288,Sony Mobile Model 8288,"64MP Camera, 6000mAh Battery, 5G",36,127817,3.2
8289,Lenovo Mobile Model 8289,"50MP Camera, 4000mAh Battery, 5G",13,17231,3.5
8290,Lenovo Laptop Model 8290,"i5, 8GB RAM, 256GB SSD",43,46480,4.9
8291,Dell Mobile Model 8291,"64MP Camera, 5000mAh Battery, 5G",12,105490,4.0
8292,Xiaomi Mobile Model 8292,"64MP Camera, 5000mAh Battery, 5G",30,84735,5.0
8293,HP Laptop Model 8293,"i7, 16GB RAM, 1TB SSD",49,18824,3.5
8294,Acer Smartwatch Model 8294,"GPS, LCD Display",27,123319,4.3
8295,Dell Laptop Model 8295,"Ryzen 5, 16GB RAM, 1TB SSD",6,95919,3.9
8296,HP Mobile Model 8296,"64MP Camera, 4000mAh Battery, 5G",25,83353,4.3
8297,Sony Smartwatch Model 8297,"GPS, AMOLED Display",34,128556,4.1
8298,Samsung Laptop Model 8298,"Ryzen 5, 16GB RAM, 1TB SSD",32,65229,4.7
8299,Sony Smartwatch Model 8299,"GPS, LCD Display",28,136999,4.3
8300,OnePlus Smartwatch Model 8300,"SpO2, AMOLED Display",50,23937,4.4
8301,HP Mobile Model 8301,"50MP Camera, 4000mAh Battery, 5G",41,29046,3.7
8302,Asus Mobile Model 8302,"50MP Camera, 5000mAh Battery, 5G",35,36573,3.3
8303,Apple Laptop Model 8303,"Ryzen 7, 32GB RAM, 512GB SSD",49,25042,4.1
8304,Samsung Mobile Model 8304,"64MP Camera, 4000mAh Battery, 5G",36,92085,3.3
8305,OnePlus Smartwatch Model 8305,"GPS, AMOLED Display",32,117086,3.8
8306,Dell Laptop Model 8306,"Ryzen 5, 32GB RAM, 1TB SSD",31,31696,4.3
8307,OnePlus Laptop Model 8307,"i5, 16GB RAM, 256GB SSD",10,18612,4.4
8308,Lenovo Laptop Model 8308,"Ryzen 5, 32GB RAM, 256GB SSD",32,13884,4.8
8309,Dell Laptop Model 8309,"Ryzen 7, 8GB RAM, 512GB SSD",20,33258,3.4
8310,Xiaomi Mobile Model 8310,"108MP Camera, 5000mAh Battery, 5G",31,133309,4.2
8311,Sony Smartwatch Model 8311,"GPS, AMOLED Display",12,50102,3.7
8312,Lenovo Laptop Model 8312,"i7, 16GB RAM, 256GB SSD",45,61307,3.9
8313,Samsung Smartwatch Model 8313,"GPS, LCD Display",13,55348,3.0
8314,Sony Smartwatch Model 8314,"GPS, LCD Display",36,70006,3.9
8315,OnePlus Mobile Model 8315,"50MP Camera, 6000mAh Battery, 5G",6,60983,3.1
8316,Apple Smartwatch Model 8316,"Heart Rate, AMOLED Display",33,140014,3.9
8317,Xiaomi Mobile Model 8317,"108MP Camera, 6000mAh Battery, 5G",23,83563,3.7
8318,Dell Mobile Model 8318,"108MP Camera, 5000mAh Battery, 5G",44,33539,3.5
8319,HP Laptop Model 8319,"i7, 32GB RAM, 256GB SSD",12,91937,4.1
8320,Samsung Laptop Model 8320,"Ryzen 7, 16GB RAM, 512GB SSD",14,142132,3.6
8321,Xiaomi Laptop Model 8321,"i5, 8GB RAM, 256GB SSD",50,11154,4.5
8322,Acer Smartwatch Model 8322,"Heart Rate, LCD Display",18,108601,4.8
8323,Samsung Smartwatch Model 8323,"Heart Rate, AMOLED Display",7,138184,4.7
8324,Sony Laptop Model 8324,"Ryzen 7, 16GB RAM, 256GB SSD",14,59326,3.3
8325,HP Laptop Model 8325,"Ryzen 7, 8GB RAM, 512GB SSD",38,47354,3.5
8326,Dell Smartwatch Model 8326,"Heart Rate, LCD Display",24,143095,4.0
8327,Apple Mobile Model 8327,"64MP Camera, 5000mAh Battery, 5G",11,140221,3.4
8328,OnePlus Smartwatch Model 8328,"GPS, AMOLED Display",29,68348,3.5
8329,Asus Smartwatch Model 8329,"GPS, AMOLED Display",7,66498,3.9
8330,Acer Mobile Model 8330,"50MP Camera, 6000mAh Battery, 5G",22,64835,3.5
8331,Dell Mobile Model 8331,"64MP Camera, 5000mAh Battery, 5G",50,57857,4.9
8332,Lenovo Laptop Model 8332,"Ryzen 7, 8GB RAM, 256GB SSD",24,97373,5.0
8333,Sony Mobile Model 8333,"108MP Camera, 5000mAh Battery, 5G",22,127757,3.4
8334,Samsung Laptop Model 8334,"i7, 16GB RAM, 256GB SSD",37,110391,4.5
8335,Asus Mobile Model 8335,"50MP Camera, 6000mAh Battery, 5G",6,17943,4.2
8336,Lenovo Mobile Model 8336,"50MP Camera, 5000mAh Battery, 5G",27,124907,4.8
8337,OnePlus Mobile Model 8337,"64MP Camera, 6000mAh Battery, 5G",22,96826,4.3
8338,Samsung Mobile Model 8338,"50MP Camera, 4000mAh Battery, 5G",8,56007,3.7
8339,OnePlus Laptop Model 8339,"i7, 32GB RAM, 512GB SSD",30,143867,4.9
8340,Asus Mobile Model 8340,"64MP Camera, 4000mAh Battery, 5G",37,90361,4.4
8341,Samsung Mobile Model 8341,"64MP Camera, 5000mAh Battery, 5G",22,54001,3.8
8342,Dell Laptop Model 8342,"i5, 8GB RAM, 256GB SSD",17,40727,4.3
8343,Sony Smartwatch Model 8343,"Heart Rate, AMOLED Display",13,62945,3.9
8344,Lenovo Mobile Model 8344,"108MP Camera, 5000mAh Battery, 5G",24,47187,3.2
8345,Sony Laptop Model 8345,"Ryzen 7, 32GB RAM, 1TB SSD",41,84299,4.7
8346,Sony Mobile Model 8346,"50MP Camera, 5000mAh Battery, 5G",14,31670,4.9
8347,Samsung Smartwatch Model 8347,"SpO2, LCD Display",21,66482,4.0
8348,Asus Laptop Model 8348,"Ryzen 7, 32GB RAM, 512GB SSD",50,136416,4.1
8349,Acer Smartwatch Model 8349,"SpO2, LCD Display",45,12789,4.4
8350,Acer Smartwatch Model 8350,"GPS, LCD Display",31,33750,3.7
8351,Lenovo Laptop Model 8351,"Ryzen 5, 32GB RAM, 1TB SSD",48,21981,4.4
8352,Xiaomi Laptop Model 8352,"i5, 32GB RAM, 1TB SSD",12,16101,3.7
8353,Lenovo Smartwatch Model 8353,"GPS, AMOLED Display",46,76443,3.8
8354,Lenovo Mobile Model 8354,"108MP Camera, 4000mAh Battery, 5G",29,47212,3.1
8355,OnePlus Mobile Model 8355,"108MP Camera, 4000mAh Battery, 5G",25,144776,4.8
8356,Xiaomi Laptop Model 8356,"Ryzen 7, 8GB RAM, 256GB SSD",22,17521,4.8
8357,Asus Laptop Model 8357,"Ryzen 5, 32GB RAM, 1TB SSD",9,9614,3.3
8358,OnePlus Mobile Model 8358,"64MP Camera, 6000mAh Battery, 5G",13,46955,3.4
8359,Dell Smartwatch Model 8359,"SpO2, LCD Display",40,17154,4.1
8360,Dell Mobile Model 8360,"64MP Camera, 6000mAh Battery, 5G",40,103774,3.6
8361,Acer Laptop Model 8361,"i7, 16GB RAM, 512GB SSD",36,119299,3.6
8362,Apple Smartwatch Model 8362,"GPS, LCD Display",39,91723,3.4
8363,OnePlus Smartwatch Model 8363,"Heart Rate, LCD Display",30,75891,3.2
8364,Sony Smartwatch Model 8364,"Heart Rate, AMOLED Display",26,111577,4.9
8365,Dell Mobile Model 8365,"50MP Camera, 5000mAh Battery, 5G",35,111091,4.5
8366,Xiaomi Smartwatch Model 8366,"GPS, AMOLED Display",25,23928,4.1
8367,HP Laptop Model 8367,"i5, 8GB RAM, 256GB SSD",10,66675,4.1
8368,Samsung Smartwatch Model 8368,"Heart Rate, LCD Display",30,84336,3.1
8369,HP Smartwatch Model 8369,"SpO2, AMOLED Display",37,48820,3.8
8370,Xiaomi Mobile Model 8370,"50MP Camera, 6000mAh Battery, 5G",36,64023,4.5
8371,Acer Mobile Model 8371,"108MP Camera, 5000mAh Battery, 5G",44,136386,4.5
8372,Sony Mobile Model 8372,"64MP Camera, 6000mAh Battery, 5G",39,48080,3.2
8373,Asus Smartwatch Model 8373,"Heart Rate, AMOLED Display",50,19025,3.4
8374,Apple Mobile Model 8374,"50MP Camera, 6000mAh Battery, 5G",33,31234,3.2
8375,Sony Smartwatch Model 8375,"Heart Rate, AMOLED Display",44,71546,3.6
8376,Asus Smartwatch Model 8376,"GPS, AMOLED Display",22,103748,3.7
8377,OnePlus Laptop Model 8377,"Ryzen 5, 8GB RAM, 512GB SSD",26,62576,4.8
8378,Dell Laptop Model 8378,"i5, 8GB RAM, 1TB SSD",41,11263,3.5
8379,Samsung Smartwatch Model 8379,"GPS, LCD Display",6,38641,3.9
8380,Lenovo Laptop Model 8380,"Ryzen 5, 8GB RAM, 1TB SSD",30,64828,4.9
8381,Dell Smartwatch Model 8381,"GPS, AMOLED Display",46,105142,3.6
8382,Samsung Mobile Model 8382,"64MP Camera, 4000mAh Battery, 5G",45,21955,3.6
8383,Xiaomi Smartwatch Model 8383,"Heart Rate, AMOLED Display",8,64699,4.4
8384,Acer Smartwatch Model 8384,"Heart Rate, LCD Display",14,111225,4.0
8385,Lenovo Laptop Model 8385,"i5, 32GB RAM, 512GB SSD",20,7129,3.8
8386,Sony Laptop Model 8386,"i5, 16GB RAM, 1TB SSD",35,43441,3.7
8387,Xiaomi Smartwatch Model 8387,"Heart Rate, AMOLED Display",50,140799,5.0
8388,Apple Smartwatch Model 8388,"Heart Rate, LCD Display",26,20532,4.1
8389,Dell Laptop Model 8389,"i5, 8GB RAM, 256GB SSD",37,108930,3.8
8390,Lenovo Smartwatch Model 8390,"GPS, AMOLED Display",26,147195,4.2
8391,Dell Laptop Model 8391,"i7, 16GB RAM, 256GB SSD",12,145929,3.9
8392,Lenovo Smartwatch Model 8392,"GPS, LCD Display",31,141843,3.3
8393,Asus Mobile Model 8393,"108MP Camera, 6000mAh Battery, 5G",8,129739,4.0
8394,Asus Mobile Model 8394,"50MP Camera, 5000mAh Battery, 5G",32,51301,4.1
8395,Dell Laptop Model 8395,"i5, 32GB RAM, 256GB SSD",43,63022,3.2
8396,Acer Mobile Model 8396,"108MP Camera, 5000mAh Battery, 5G",14,108605,4.5
8397,Samsung Smartwatch Model 8397,"GPS, LCD Display",7,96474,3.4
8398,Asus Mobile Model 8398,"50MP Camera, 5000mAh Battery, 5G",27,136523,3.6
8399,Sony Mobile Model 8399,"50MP Camera, 5000mAh Battery, 5G",15,73775,3.6
8400,HP Mobile Model 8400,"108MP Camera, 5000mAh Battery, 5G",24,72372,3.7
8401,Samsung Smartwatch Model 8401,"SpO2, AMOLED Display",42,39338,4.9
8402,Sony Smartwatch Model 8402,"SpO2, AMOLED Display",39,42705,3.8
8403,Sony Mobile Model 8403,"50MP Camera, 5000mAh Battery, 5G",5,30017,3.5
8404,Asus Laptop Model 8404,"Ryzen 7, 32GB RAM, 256GB SSD",49,120081,4.6
8405,Acer Smartwatch Model 8405,"Heart Rate, LCD Display",44,28216,3.9
8406,HP Smartwatch Model 8406,"SpO2, AMOLED Display",23,39909,3.3
8407,HP Smartwatch Model 8407,"GPS, LCD Display",38,124084,3.2
8408,Asus Smartwatch Model 8408,"SpO2, LCD Display",43,88357,4.7
8409,Samsung Mobile Model 8409,"50MP Camera, 4000mAh Battery, 5G",37,95889,3.9
8410,Acer Laptop Model 8410,"Ryzen 5, 32GB RAM, 512GB SSD",46,24978,3.2
8411,Acer Laptop Model 8411,"Ryzen 7, 16GB RAM, 256GB SSD",26,120319,3.2
8412,Samsung Smartwatch Model 8412,"GPS, AMOLED Display",32,77179,3.1
8413,Acer Laptop Model 8413,"i7, 32GB RAM, 256GB SSD",25,87532,3.2
8414,Samsung Laptop Model 8414,"Ryzen 5, 8GB RAM, 256GB SSD",16,87106,3.9
8415,Lenovo Mobile Model 8415,"50MP Camera, 4000mAh Battery, 5G",26,134186,4.8
8416,Xiaomi Mobile Model 8416,"108MP Camera, 5000mAh Battery, 5G",42,30379,4.4
8417,Apple Smartwatch Model 8417,"Heart Rate, AMOLED Display",29,53855,4.3
8418,Sony Laptop Model 8418,"Ryzen 5, 8GB RAM, 256GB SSD",25,72689,4.2
8419,OnePlus Smartwatch Model 8419,"SpO2, AMOLED Display",24,74076,3.4
8420,Apple Mobile Model 8420,"108MP Camera, 5000mAh Battery, 5G",47,65932,3.5
8421,Samsung Mobile Model 8421,"108MP Camera, 6000mAh Battery, 5G",13,69086,4.5
8422,Asus Laptop Model 8422,"Ryzen 5, 16GB RAM, 256GB SSD",22,76074,3.2
8423,Xiaomi Smartwatch Model 8423,"GPS, AMOLED Display",13,143591,3.1
8424,OnePlus Smartwatch Model 8424,"GPS, LCD Display",33,5239,3.7
8425,Samsung Mobile Model 8425,"108MP Camera, 5000mAh Battery, 5G",16,106705,4.0
8426,OnePlus Laptop Model 8426,"i5, 8GB RAM, 1TB SSD",15,94244,4.2
8427,Asus Laptop Model 8427,"i7, 32GB RAM, 256GB SSD",46,89680,3.4
8428,Dell Laptop Model 8428,"Ryzen 5, 16GB RAM, 1TB SSD",22,29273,4.1
8429,OnePlus Mobile Model 8429,"64MP Camera, 4000mAh Battery, 5G",39,134057,3.3
8430,Apple Mobile Model 8430,"50MP Camera, 6000mAh Battery, 5G",16,110131,4.3
8431,Xiaomi Laptop Model 8431,"Ryzen 7, 16GB RAM, 1TB SSD",7,15934,3.4
8432,Lenovo Laptop Model 8432,"Ryzen 7, 32GB RAM, 256GB SSD",6,99474,3.4
8433,Lenovo Smartwatch Model 8433,"Heart Rate, AMOLED Display",45,98161,3.9
8434,Sony Smartwatch Model 8434,"GPS, LCD Display",13,91441,4.1
8435,Apple Mobile Model 8435,"108MP Camera, 4000mAh Battery, 5G",44,7779,3.9
8436,Acer Mobile Model 8436,"108MP Camera, 4000mAh Battery, 5G",9,14628,3.7
8437,Xiaomi Laptop Model 8437,"i7, 16GB RAM, 1TB SSD",6,134466,4.4
8438,Asus Smartwatch Model 8438,"Heart Rate, LCD Display",8,80281,4.9
8439,Samsung Smartwatch Model 8439,"SpO2, LCD Display",24,142576,3.5
8440,Apple Smartwatch Model 8440,"GPS, LCD Display",29,109486,4.2
8441,Asus Mobile Model 8441,"108MP Camera, 5000mAh Battery, 5G",41,88926,3.5
8442,Dell Laptop Model 8442,"i5, 8GB RAM, 512GB SSD",39,98720,3.8
8443,OnePlus Smartwatch Model 8443,"SpO2, LCD Display",24,118529,4.5
8444,Samsung Mobile Model 8444,"64MP Camera, 4000mAh Battery, 5G",44,20474,4.3
8445,Apple Smartwatch Model 8445,"SpO2, LCD Display",46,144192,3.5
8446,Asus Smartwatch Model 8446,"Heart Rate, AMOLED Display",36,84528,3.4
8447,HP Mobile Model 8447,"108MP Camera, 5000mAh Battery, 5G",27,6582,3.6
8448,Apple Smartwatch Model 8448,"Heart Rate, LCD Display",44,142959,3.2
8449,Apple Laptop Model 8449,"i7, 16GB RAM, 256GB SSD",26,123984,4.8
8450,Samsung Laptop Model 8450,"Ryzen 7, 8GB RAM, 512GB SSD",25,74276,4.4
8451,Xiaomi Mobile Model 8451,"50MP Camera, 5000mAh Battery, 5G",31,125872,3.7
8452,Apple Mobile Model 8452,"64MP Camera, 6000mAh Battery, 5G",35,97707,3.1
8453,Asus Mobile Model 8453,"64MP Camera, 5000mAh Battery, 5G",9,96313,4.8
8454,Lenovo Smartwatch Model 8454,"SpO2, LCD Display",50,55912,4.6
8455,Sony Mobile Model 8455,"108MP Camera, 4000mAh Battery, 5G",6,106956,4.9
8456,Dell Smartwatch Model 8456,"GPS, AMOLED Display",17,132302,4.5
8457,Sony Laptop Model 8457,"Ryzen 5, 16GB RAM, 512GB SSD",40,118596,3.4
8458,Xiaomi Mobile Model 8458,"64MP Camera, 4000mAh Battery, 5G",39,90005,3.6
8459,Dell Laptop Model 8459,"Ryzen 5, 32GB RAM, 1TB SSD",6,18123,4.0
8460,Sony Laptop Model 8460,"i5, 16GB RAM, 1TB SSD",28,119868,3.3
8461,Xiaomi Laptop Model 8461,"i7, 8GB RAM, 1TB SSD",10,103739,4.4
8462,Sony Smartwatch Model 8462,"SpO2, AMOLED Display",16,105035,4.6
8463,Acer Mobile Model 8463,"64MP Camera, 5000mAh Battery, 5G",33,115630,4.0
8464,Lenovo Laptop Model 8464,"Ryzen 5, 8GB RAM, 512GB SSD",30,137635,4.3
8465,HP Mobile Model 8465,"50MP Camera, 6000mAh Battery, 5G",10,84395,3.7
8466,Asus Laptop Model 8466,"i5, 16GB RAM, 512GB SSD",10,132184,3.4
8467,Dell Smartwatch Model 8467,"Heart Rate, AMOLED Display",50,125934,3.6
8468,Asus Smartwatch Model 8468,"GPS, AMOLED Display",42,76160,4.5
8469,Acer Mobile Model 8469,"64MP Camera, 4000mAh Battery, 5G",29,8078,4.7
8470,Xiaomi Laptop Model 8470,"Ryzen 5, 16GB RAM, 512GB SSD",46,111466,3.7
8471,Sony Smartwatch Model 8471,"SpO2, AMOLED Display",16,81762,4.2
8472,Xiaomi Mobile Model 8472,"50MP Camera, 4000mAh Battery, 5G",7,27797,3.2
8473,Dell Laptop Model 8473,"Ryzen 7, 32GB RAM, 256GB SSD",33,115828,3.4
8474,Asus Mobile Model 8474,"64MP Camera, 6000mAh Battery, 5G",7,46982,3.2
8475,Apple Laptop Model 8475,"i5, 16GB RAM, 256GB SSD",35,65297,4.1
8476,Sony Laptop Model 8476,"Ryzen 5, 16GB RAM, 1TB SSD",11,56829,3.7
8477,Asus Smartwatch Model 8477,"GPS, AMOLED Display",13,57753,5.0
8478,HP Smartwatch Model 8478,"GPS, AMOLED Display",43,135770,3.5
8479,Acer Mobile Model 8479,"64MP Camera, 5000mAh Battery, 5G",11,55236,3.3
8480,Xiaomi Mobile Model 8480,"64MP Camera, 6000mAh Battery, 5G",15,110869,3.7
8481,Lenovo Smartwatch Model 8481,"Heart Rate, LCD Display",43,142365,3.3
8482,OnePlus Smartwatch Model 8482,"GPS, LCD Display",38,46777,4.1
8483,Dell Mobile Model 8483,"108MP Camera, 4000mAh Battery, 5G",22,52826,3.6
8484,Asus Laptop Model 8484,"Ryzen 5, 32GB RAM, 512GB SSD",41,26157,3.4
8485,Asus Mobile Model 8485,"64MP Camera, 4000mAh Battery, 5G",50,13259,3.3
8486,Lenovo Smartwatch Model 8486,"GPS, AMOLED Display",21,37638,4.1
8487,OnePlus Smartwatch Model 8487,"SpO2, AMOLED Display",41,46837,4.5
8488,Sony Laptop Model 8488,"Ryzen 5, 32GB RAM, 1TB SSD",46,149923,5.0
8489,Lenovo Laptop Model 8489,"i5, 32GB RAM, 512GB SSD",20,129815,3.8
8490,Xiaomi Smartwatch Model 8490,"SpO2, AMOLED Display",6,15823,4.7
8491,HP Mobile Model 8491,"50MP Camera, 6000mAh Battery, 5G",27,56021,3.6
8492,Apple Mobile Model 8492,"108MP Camera, 5000mAh Battery, 5G",10,16017,3.8
8493,Acer Mobile Model 8493,"108MP Camera, 4000mAh Battery, 5G",28,95686,3.8
8494,Dell Smartwatch Model 8494,"GPS, AMOLED Display",42,113423,3.3
8495,OnePlus Laptop Model 8495,"Ryzen 5, 8GB RAM, 1TB SSD",22,12253,3.4
8496,Dell Mobile Model 8496,"64MP Camera, 5000mAh Battery, 5G",15,143884,3.6
8497,Xiaomi Mobile Model 8497,"108MP Camera, 6000mAh Battery, 5G",37,13763,3.6
8498,HP Laptop Model 8498,"Ryzen 7, 16GB RAM, 512GB SSD",10,8685,4.2
8499,Apple Mobile Model 8499,"108MP Camera, 6000mAh Battery, 5G",6,131740,3.4
8500,Lenovo Smartwatch Model 8500,"Heart Rate, LCD Display",49,124076,3.3
8501,HP Mobile Model 8501,"50MP Camera, 6000mAh Battery, 5G",8,147020,3.3
8502,Acer Laptop Model 8502,"i7, 16GB RAM, 512GB SSD",38,23765,4.3
8503,Xiaomi Smartwatch Model 8503,"Heart Rate, LCD Display",10,53100,4.3
8504,Dell Laptop Model 8504,"Ryzen 5, 8GB RAM, 512GB SSD",40,122149,3.3
8505,Acer Mobile Model 8505,"108MP Camera, 5000mAh Battery, 5G",31,109853,3.4
8506,Xiaomi Laptop Model 8506,"Ryzen 5, 32GB RAM, 512GB SSD",34,104387,3.5
8507,Dell Mobile Model 8507,"50MP Camera, 5000mAh Battery, 5G",45,43776,3.2
8508,HP Smartwatch Model 8508,"Heart Rate, LCD Display",38,81853,4.7
8509,Dell Smartwatch Model 8509,"GPS, AMOLED Display",8,146560,3.3
8510,Sony Laptop Model 8510,"i5, 8GB RAM, 256GB SSD",47,141506,4.4
8511,Asus Laptop Model 8511,"i5, 8GB RAM, 1TB SSD",17,13428,4.3
8512,Lenovo Mobile Model 8512,"64MP Camera, 5000mAh Battery, 5G",5,8503,3.9
8513,Apple Laptop Model 8513,"Ryzen 7, 16GB RAM, 512GB SSD",26,37011,3.9
8514,Acer Laptop Model 8514,"Ryzen 5, 16GB RAM, 1TB SSD",16,21149,4.1
8515,Sony Smartwatch Model 8515,"SpO2, LCD Display",42,44205,4.7
8516,Sony Mobile Model 8516,"64MP Camera, 4000mAh Battery, 5G",5,75953,4.4
8517,Acer Laptop Model 8517,"Ryzen 7, 32GB RAM, 256GB SSD",49,132574,3.8
8518,Apple Laptop Model 8518,"Ryzen 7, 32GB RAM, 512GB SSD",44,55861,3.2
8519,Acer Smartwatch Model 8519,"GPS, LCD Display",46,76347,3.1
8520,Dell Laptop Model 8520,"Ryzen 5, 16GB RAM, 256GB SSD",7,87960,3.6
8521,Acer Smartwatch Model 8521,"SpO2, AMOLED Display",21,58343,4.2
8522,Xiaomi Laptop Model 8522,"i7, 16GB RAM, 1TB SSD",21,137428,4.3
8523,Lenovo Laptop Model 8523,"i7, 16GB RAM, 256GB SSD",26,18805,4.6
8524,Sony Smartwatch Model 8524,"Heart Rate, AMOLED Display",25,128106,4.4
8525,HP Mobile Model 8525,"64MP Camera, 4000mAh Battery, 5G",25,78453,4.0
8526,Xiaomi Mobile Model 8526,"108MP Camera, 5000mAh Battery, 5G",42,76761,4.4
8527,Apple Smartwatch Model 8527,"SpO2, LCD Display",9,96794,3.8
8528,Samsung Laptop Model 8528,"i7, 16GB RAM, 1TB SSD",44,56806,5.0
8529,Lenovo Laptop Model 8529,"Ryzen 5, 32GB RAM, 512GB SSD",48,67958,3.4
8530,Samsung Laptop Model 8530,"i5, 16GB RAM, 512GB SSD",23,94592,4.8
8531,Apple Smartwatch Model 8531,"SpO2, LCD Display",30,104708,4.5
8532,Samsung Mobile Model 8532,"108MP Camera, 6000mAh Battery, 5G",37,132435,3.5
8533,Lenovo Laptop Model 8533,"i5, 16GB RAM, 256GB SSD",43,71546,4.4
8534,OnePlus Laptop Model 8534,"Ryzen 7, 8GB RAM, 1TB SSD",7,126725,4.7
8535,Dell Smartwatch Model 8535,"Heart Rate, AMOLED Display",40,41976,4.9
8536,Apple Laptop Model 8536,"i5, 32GB RAM, 1TB SSD",40,113545,3.6
8537,Samsung Smartwatch Model 8537,"Heart Rate, LCD Display",25,8929,4.1
8538,Sony Mobile Model 8538,"50MP Camera, 4000mAh Battery, 5G",49,138289,5.0
8539,Dell Mobile Model 8539,"50MP Camera, 6000mAh Battery, 5G",5,137385,4.3
8540,Apple Mobile Model 8540,"64MP Camera, 5000mAh Battery, 5G",23,78227,4.8
8541,HP Mobile Model 8541,"64MP Camera, 6000mAh Battery, 5G",8,63160,3.6
8542,OnePlus Mobile Model 8542,"64MP Camera, 4000mAh Battery, 5G",29,69260,3.7
8543,Asus Smartwatch Model 8543,"Heart Rate, LCD Display",27,96074,4.9
8544,Apple Mobile Model 8544,"108MP Camera, 4000mAh Battery, 5G",22,146205,3.1
8545,OnePlus Smartwatch Model 8545,"SpO2, AMOLED Display",33,10742,3.5
8546,Acer Mobile Model 8546,"64MP Camera, 4000mAh Battery, 5G",21,14343,3.3
8547,Lenovo Smartwatch Model 8547,"SpO2, LCD Display",13,10922,4.9
8548,Apple Smartwatch Model 8548,"GPS, LCD Display",41,83320,4.8
8549,OnePlus Mobile Model 8549,"108MP Camera, 4000mAh Battery, 5G",40,49957,4.7
8550,Sony Smartwatch Model 8550,"SpO2, AMOLED Display",41,129433,4.9
8551,Asus Laptop Model 8551,"Ryzen 7, 16GB RAM, 512GB SSD",38,90100,4.0
8552,Sony Mobile Model 8552,"108MP Camera, 6000mAh Battery, 5G",37,115293,4.5
8553,Lenovo Laptop Model 8553,"Ryzen 5, 16GB RAM, 1TB SSD",17,76270,4.8
8554,Lenovo Laptop Model 8554,"i5, 8GB RAM, 256GB SSD",5,90300,3.5
8555,Samsung Smartwatch Model 8555,"GPS, AMOLED Display",35,43838,4.0
8556,Apple Smartwatch Model 8556,"GPS, AMOLED Display",44,67800,3.6
8557,Asus Mobile Model 8557,"108MP Camera, 6000mAh Battery, 5G",40,118301,4.4
8558,Samsung Smartwatch Model 8558,"SpO2, LCD Display",7,99742,4.2
8559,Apple Laptop Model 8559,"i5, 16GB RAM, 256GB SSD",43,101944,4.0
8560,Acer Laptop Model 8560,"i7, 8GB RAM, 512GB SSD",16,93131,4.7
8561,Sony Laptop Model 8561,"Ryzen 5, 16GB RAM, 256GB SSD",45,135048,3.5
8562,OnePlus Laptop Model 8562,"i5, 16GB RAM, 1TB SSD",12,109017,4.1
8563,Xiaomi Smartwatch Model 8563,"SpO2, LCD Display",18,13576,3.7
8564,Xiaomi Smartwatch Model 8564,"Heart Rate, AMOLED Display",26,37554,4.4
8565,Sony Mobile Model 8565,"50MP Camera, 6000mAh Battery, 5G",37,63222,4.0
8566,Asus Laptop Model 8566,"i7, 32GB RAM, 256GB SSD",28,101753,3.6
8567,Acer Mobile Model 8567,"64MP Camera, 5000mAh Battery, 5G",41,129882,4.6
8568,Xiaomi Laptop Model 8568,"i7, 8GB RAM, 1TB SSD",45,112463,4.0
8569,Xiaomi Laptop Model 8569,"Ryzen 7, 8GB RAM, 1TB SSD",21,42339,4.9
8570,Apple Laptop Model 8570,"Ryzen 7, 8GB RAM, 512GB SSD",24,60557,3.7
8571,Xiaomi Smartwatch Model 8571,"SpO2, LCD Display",25,70803,5.0
8572,Lenovo Mobile Model 8572,"50MP Camera, 5000mAh Battery, 5G",39,118720,3.5
8573,Lenovo Mobile Model 8573,"108MP Camera, 5000mAh Battery, 5G",12,123339,3.7
8574,Xiaomi Laptop Model 8574,"i7, 8GB RAM, 256GB SSD",11,36505,3.1
8575,OnePlus Smartwatch Model 8575,"Heart Rate, AMOLED Display",44,22646,3.6
8576,HP Smartwatch Model 8576,"Heart Rate, AMOLED Display",10,49264,3.7
8577,OnePlus Mobile Model 8577,"108MP Camera, 5000mAh Battery, 5G",42,25393,3.3
8578,Samsung Smartwatch Model 8578,"SpO2, LCD Display",22,144479,5.0
8579,Sony Mobile Model 8579,"50MP Camera, 6000mAh Battery, 5G",8,16207,4.9
8580,Samsung Smartwatch Model 8580,"Heart Rate, LCD Display",49,102560,4.4
8581,Sony Mobile Model 8581,"50MP Camera, 4000mAh Battery, 5G",40,129088,3.9
8582,Acer Laptop Model 8582,"i7, 32GB RAM, 256GB SSD",24,49453,4.5
8583,Dell Laptop Model 8583,"Ryzen 7, 8GB RAM, 256GB SSD",45,51953,4.4
8584,Dell Smartwatch Model 8584,"Heart Rate, AMOLED Display",11,140040,4.0
8585,HP Mobile Model 8585,"64MP Camera, 5000mAh Battery, 5G",14,106503,4.5
8586,Acer Smartwatch Model 8586,"GPS, LCD Display",32,97138,3.7
8587,Dell Mobile Model 8587,"108MP Camera, 4000mAh Battery, 5G",26,69213,3.8
8588,Samsung Smartwatch Model 8588,"SpO2, AMOLED Display",34,129581,4.9
8589,Sony Laptop Model 8589,"i7, 8GB RAM, 256GB SSD",6,78570,4.2
8590,OnePlus Laptop Model 8590,"Ryzen 7, 32GB RAM, 256GB SSD",9,125588,4.8
8591,Acer Smartwatch Model 8591,"Heart Rate, AMOLED Display",8,46515,4.5
8592,Lenovo Laptop Model 8592,"i7, 8GB RAM, 512GB SSD",31,99601,3.8
8593,HP Mobile Model 8593,"64MP Camera, 5000mAh Battery, 5G",7,46843,4.7
8594,Dell Mobile Model 8594,"64MP Camera, 5000mAh Battery, 5G",5,58716,4.4
8595,Xiaomi Smartwatch Model 8595,"Heart Rate, AMOLED Display",46,19229,4.7
8596,Asus Laptop Model 8596,"i5, 16GB RAM, 512GB SSD",14,65573,4.8
8597,HP Mobile Model 8597,"108MP Camera, 6000mAh Battery, 5G",43,28712,3.3
8598,Samsung Smartwatch Model 8598,"Heart Rate, AMOLED Display",46,41548,4.8
8599,Dell Smartwatch Model 8599,"GPS, LCD Display",19,94938,3.5
8600,OnePlus Mobile Model 8600,"108MP Camera, 6000mAh Battery, 5G",23,136869,3.9
8601,Sony Laptop Model 8601,"Ryzen 5, 8GB RAM, 256GB SSD",16,40216,3.3
8602,Sony Laptop Model 8602,"Ryzen 7, 16GB RAM, 256GB SSD",41,110631,4.7
8603,Samsung Laptop Model 8603,"i7, 8GB RAM, 512GB SSD",32,67625,4.3
8604,Lenovo Laptop Model 8604,"Ryzen 5, 8GB RAM, 512GB SSD",35,66366,3.8
8605,HP Smartwatch Model 8605,"GPS, LCD Display",47,97363,4.5
8606,Apple Smartwatch Model 8606,"SpO2, LCD Display",28,54449,4.4
8607,OnePlus Smartwatch Model 8607,"SpO2, LCD Display",50,9573,4.4
8608,Sony Mobile Model 8608,"108MP Camera, 6000mAh Battery, 5G",39,114715,3.3
8609,HP Laptop Model 8609,"Ryzen 7, 32GB RAM, 256GB SSD",43,118367,4.4
8610,Dell Mobile Model 8610,"108MP Camera, 4000mAh Battery, 5G",23,24795,3.9
8611,OnePlus Smartwatch Model 8611,"SpO2, AMOLED Display",24,72154,4.2
8612,Samsung Laptop Model 8612,"i5, 8GB RAM, 512GB SSD",16,44016,3.7
8613,Sony Laptop Model 8613,"i5, 16GB RAM, 1TB SSD",42,52724,3.7
8614,Acer Mobile Model 8614,"108MP Camera, 5000mAh Battery, 5G",31,34642,4.6
8615,Samsung Smartwatch Model 8615,"Heart Rate, AMOLED Display",17,20493,3.7
8616,Apple Smartwatch Model 8616,"Heart Rate, AMOLED Display",46,18416,3.2
8617,Sony Smartwatch Model 8617,"Heart Rate, AMOLED Display",35,70360,3.8
8618,Asus Mobile Model 8618,"64MP Camera, 6000mAh Battery, 5G",30,21944,3.1
8619,Acer Laptop Model 8619,"i5, 32GB RAM, 512GB SSD",10,48345,4.2
8620,HP Smartwatch Model 8620,"GPS, AMOLED Display",33,148014,3.2
8621,OnePlus Laptop Model 8621,"Ryzen 7, 8GB RAM, 1TB SSD",5,71262,3.2
8622,Dell Mobile Model 8622,"64MP Camera, 5000mAh Battery, 5G",36,108906,3.2
8623,Asus Smartwatch Model 8623,"SpO2, AMOLED Display",50,72115,3.7
8624,HP Smartwatch Model 8624,"Heart Rate, LCD Display",22,13069,3.9
8625,Acer Laptop Model 8625,"i7, 8GB RAM, 1TB SSD",22,110158,3.4
8626,OnePlus Laptop Model 8626,"i7, 8GB RAM, 1TB SSD",32,90070,4.2
8627,Xiaomi Mobile Model 8627,"108MP Camera, 6000mAh Battery, 5G",41,113919,4.3
8628,Asus Mobile Model 8628,"50MP Camera, 6000mAh Battery, 5G",36,20630,4.9
8629,Sony Smartwatch Model 8629,"Heart Rate, LCD Display",10,51658,4.1
8630,Xiaomi Mobile Model 8630,"64MP Camera, 6000mAh Battery, 5G",42,106205,3.8
8631,Asus Mobile Model 8631,"64MP Camera, 6000mAh Battery, 5G",40,8691,4.9
8632,Xiaomi Laptop Model 8632,"i7, 32GB RAM, 256GB SSD",49,43114,4.5
8633,Sony Smartwatch Model 8633,"Heart Rate, AMOLED Display",46,143906,3.8
8634,Asus Mobile Model 8634,"50MP Camera, 6000mAh Battery, 5G",12,58586,4.7
8635,Acer Laptop Model 8635,"Ryzen 5, 16GB RAM, 1TB SSD",6,138158,3.2
8636,Asus Mobile Model 8636,"50MP Camera, 6000mAh Battery, 5G",47,114070,4.8
8637,Xiaomi Mobile Model 8637,"50MP Camera, 4000mAh Battery, 5G",15,107289,3.8
8638,HP Laptop Model 8638,"i5, 8GB RAM, 512GB SSD",45,91505,3.9
8639,Xiaomi Laptop Model 8639,"i5, 32GB RAM, 1TB SSD",17,95739,3.3
8640,OnePlus Laptop Model 8640,"Ryzen 5, 32GB RAM, 256GB SSD",34,109194,4.5
8641,Xiaomi Smartwatch Model 8641,"SpO2, AMOLED Display",43,6729,3.9
8642,OnePlus Laptop Model 8642,"i7, 32GB RAM, 1TB SSD",13,34070,4.3
8643,Samsung Laptop Model 8643,"Ryzen 7, 8GB RAM, 1TB SSD",41,105080,3.7
8644,Xiaomi Laptop Model 8644,"i7, 32GB RAM, 1TB SSD",9,73435,4.4
8645,Asus Laptop Model 8645,"Ryzen 5, 8GB RAM, 512GB SSD",45,89167,3.1
8646,OnePlus Smartwatch Model 8646,"SpO2, LCD Display",49,132061,3.3
8647,Samsung Mobile Model 8647,"50MP Camera, 5000mAh Battery, 5G",36,75782,3.8
8648,Asus Laptop Model 8648,"Ryzen 5, 16GB RAM, 256GB SSD",36,129823,4.7
8649,Apple Laptop Model 8649,"i5, 16GB RAM, 1TB SSD",32,90541,4.3
8650,Acer Mobile Model 8650,"50MP Camera, 5000mAh Battery, 5G",46,110313,4.7
8651,Lenovo Laptop Model 8651,"Ryzen 7, 8GB RAM, 256GB SSD",9,114610,3.1
8652,HP Smartwatch Model 8652,"GPS, LCD Display",8,61655,4.7
8653,Sony Laptop Model 8653,"i5, 16GB RAM, 256GB SSD",32,27417,3.5
8654,HP Mobile Model 8654,"108MP Camera, 5000mAh Battery, 5G",41,112168,4.3
8655,Xiaomi Smartwatch Model 8655,"GPS, AMOLED Display",46,68404,3.8
8656,Samsung Smartwatch Model 8656,"GPS, AMOLED Display",50,38944,3.9
8657,Apple Mobile Model 8657,"64MP Camera, 6000mAh Battery, 5G",38,139186,3.0
8658,Asus Mobile Model 8658,"64MP Camera, 5000mAh Battery, 5G",16,129351,4.7
8659,Samsung Laptop Model 8659,"Ryzen 5, 8GB RAM, 256GB SSD",26,35599,3.7
8660,Asus Mobile Model 8660,"108MP Camera, 6000mAh Battery, 5G",30,138969,5.0
8661,Acer Mobile Model 8661,"50MP Camera, 6000mAh Battery, 5G",22,100905,3.5
8662,Asus Laptop Model 8662,"i5, 8GB RAM, 1TB SSD",33,97338,4.2
8663,Asus Mobile Model 8663,"64MP Camera, 4000mAh Battery, 5G",5,33083,3.9
8664,Acer Mobile Model 8664,"50MP Camera, 5000mAh Battery, 5G",44,61968,3.6
8665,Asus Laptop Model 8665,"i7, 16GB RAM, 256GB SSD",47,58035,4.9
8666,HP Laptop Model 8666,"i5, 8GB RAM, 512GB SSD",41,107914,3.1
8667,Samsung Laptop Model 8667,"Ryzen 7, 32GB RAM, 1TB SSD",46,79564,4.7
8668,HP Smartwatch Model 8668,"Heart Rate, AMOLED Display",48,77479,3.5
8669,Samsung Smartwatch Model 8669,"GPS, LCD Display",22,26801,3.9
8670,Sony Laptop Model 8670,"Ryzen 7, 32GB RAM, 1TB SSD",47,57230,4.9
8671,OnePlus Smartwatch Model 8671,"SpO2, AMOLED Display",44,110904,4.2
8672,Samsung Laptop Model 8672,"Ryzen 5, 16GB RAM, 256GB SSD",11,132648,4.2
8673,Sony Laptop Model 8673,"i7, 8GB RAM, 1TB SSD",19,23191,4.5
8674,HP Mobile Model 8674,"50MP Camera, 4000mAh Battery, 5G",10,99565,4.0
8675,Xiaomi Smartwatch Model 8675,"GPS, AMOLED Display",48,120371,4.0
8676,Acer Laptop Model 8676,"i7, 8GB RAM, 256GB SSD",19,128487,4.1
8677,Asus Mobile Model 8677,"50MP Camera, 6000mAh Battery, 5G",25,76707,4.5
8678,Xiaomi Smartwatch Model 8678,"SpO2, AMOLED Display",24,134697,3.2
8679,Acer Smartwatch Model 8679,"SpO2, LCD Display",36,6758,3.7
8680,Asus Mobile Model 8680,"108MP Camera, 6000mAh Battery, 5G",30,100937,4.0
8681,OnePlus Mobile Model 8681,"64MP Camera, 5000mAh Battery, 5G",28,25828,4.9
8682,Xiaomi Smartwatch Model 8682,"Heart Rate, AMOLED Display",21,129117,3.9
8683,HP Laptop Model 8683,"Ryzen 7, 32GB RAM, 512GB SSD",43,49645,4.0
8684,Acer Smartwatch Model 8684,"GPS, LCD Display",9,59140,4.3
8685,Apple Smartwatch Model 8685,"GPS, LCD Display",14,33977,4.4
8686,HP Smartwatch Model 8686,"SpO2, AMOLED Display",48,61441,5.0
8687,Acer Mobile Model 8687,"50MP Camera, 5000mAh Battery, 5G",35,141280,4.9
8688,OnePlus Mobile Model 8688,"108MP Camera, 5000mAh Battery, 5G",41,129723,4.5
8689,Asus Smartwatch Model 8689,"Heart Rate, LCD Display",21,91721,4.5
8690,OnePlus Laptop Model 8690,"Ryzen 5, 16GB RAM, 256GB SSD",8,46172,3.6
8691,Sony Laptop Model 8691,"i5, 16GB RAM, 256GB SSD",22,39462,3.0
8692,Asus Mobile Model 8692,"50MP Camera, 6000mAh Battery, 5G",45,97322,3.4
8693,Sony Laptop Model 8693,"Ryzen 5, 32GB RAM, 1TB SSD",26,87693,4.4
8694,Samsung Mobile Model 8694,"64MP Camera, 4000mAh Battery, 5G",9,62413,4.5
8695,Apple Laptop Model 8695,"i5, 16GB RAM, 1TB SSD",43,67725,3.4
8696,Sony Laptop Model 8696,"Ryzen 5, 16GB RAM, 1TB SSD",7,109458,4.6
8697,OnePlus Smartwatch Model 8697,"GPS, LCD Display",42,124557,3.3
8698,Xiaomi Mobile Model 8698,"108MP Camera, 6000mAh Battery, 5G",11,5573,4.2
8699,OnePlus Smartwatch Model 8699,"GPS, LCD Display",36,101245,4.1
8700,Sony Mobile Model 8700,"108MP Camera, 4000mAh Battery, 5G",11,88189,3.9
8701,Acer Mobile Model 8701,"50MP Camera, 4000mAh Battery, 5G",7,68680,4.9
8702,Xiaomi Smartwatch Model 8702,"SpO2, LCD Display",16,65427,3.8
8703,HP Mobile Model 8703,"64MP Camera, 6000mAh Battery, 5G",45,63542,4.1
8704,Xiaomi Mobile Model 8704,"108MP Camera, 4000mAh Battery, 5G",32,5547,4.9
8705,Xiaomi Smartwatch Model 8705,"SpO2, AMOLED Display",48,126934,4.0
8706,Acer Mobile Model 8706,"64MP Camera, 5000mAh Battery, 5G",38,109172,4.1
8707,Dell Smartwatch Model 8707,"Heart Rate, LCD Display",21,143001,3.7
8708,HP Laptop Model 8708,"i7, 32GB RAM, 512GB SSD",38,107731,3.3
8709,Acer Smartwatch Model 8709,"Heart Rate, AMOLED Display",15,34208,4.6
8710,HP Smartwatch Model 8710,"GPS, AMOLED Display",21,80811,4.3
8711,Dell Laptop Model 8711,"Ryzen 7, 8GB RAM, 512GB SSD",7,138035,4.2
8712,HP Mobile Model 8712,"50MP Camera, 5000mAh Battery, 5G",35,65352,3.3
8713,Asus Smartwatch Model 8713,"GPS, LCD Display",16,98976,3.2
8714,Acer Smartwatch Model 8714,"SpO2, LCD Display",43,95650,3.7
8715,Apple Mobile Model 8715,"50MP Camera, 6000mAh Battery, 5G",23,33108,3.1
8716,Lenovo Mobile Model 8716,"64MP Camera, 5000mAh Battery, 5G",43,110768,3.6
8717,Acer Laptop Model 8717,"Ryzen 5, 32GB RAM, 256GB SSD",44,8876,3.2
8718,Samsung Laptop Model 8718,"i7, 32GB RAM, 256GB SSD",7,59016,3.6
8719,OnePlus Mobile Model 8719,"50MP Camera, 5000mAh Battery, 5G",46,22999,4.3
8720,OnePlus Smartwatch Model 8720,"SpO2, LCD Display",6,69975,4.0
8721,Xiaomi Mobile Model 8721,"50MP Camera, 4000mAh Battery, 5G",38,130946,4.1
8722,Asus Smartwatch Model 8722,"GPS, AMOLED Display",17,13453,4.0
8723,OnePlus Laptop Model 8723,"Ryzen 7, 32GB RAM, 256GB SSD",18,145256,3.2
8724,Lenovo Laptop Model 8724,"i7, 32GB RAM, 512GB SSD",34,30994,3.2
8725,HP Mobile Model 8725,"50MP Camera, 4000mAh Battery, 5G",19,95597,4.2
8726,Lenovo Smartwatch Model 8726,"GPS, LCD Display",23,110783,4.0
8727,Xiaomi Laptop Model 8727,"i5, 32GB RAM, 512GB SSD",12,103831,3.3
8728,OnePlus Smartwatch Model 8728,"GPS, LCD Display",21,102804,4.7
8729,Acer Smartwatch Model 8729,"GPS, AMOLED Display",27,7745,3.9
8730,Dell Mobile Model 8730,"50MP Camera, 6000mAh Battery, 5G",12,93612,3.1
8731,OnePlus Mobile Model 8731,"108MP Camera, 4000mAh Battery, 5G",11,22031,4.2
8732,OnePlus Laptop Model 8732,"Ryzen 7, 16GB RAM, 256GB SSD",43,43541,4.2
8733,Samsung Laptop Model 8733,"Ryzen 5, 8GB RAM, 256GB SSD",35,115962,5.0
8734,Sony Laptop Model 8734,"Ryzen 5, 8GB RAM, 1TB SSD",42,42062,4.8
8735,HP Laptop Model 8735,"i5, 8GB RAM, 1TB SSD",38,91786,4.0
8736,HP Laptop Model 8736,"Ryzen 5, 32GB RAM, 256GB SSD",33,119913,4.3
8737,Samsung Mobile Model 8737,"50MP Camera, 5000mAh Battery, 5G",8,107522,4.1
8738,Lenovo Smartwatch Model 8738,"Heart Rate, LCD Display",37,70910,4.6
8739,Sony Smartwatch Model 8739,"GPS, LCD Display",29,131876,4.6
8740,Lenovo Mobile Model 8740,"50MP Camera, 4000mAh Battery, 5G",30,128246,4.3
8741,Samsung Laptop Model 8741,"i7, 8GB RAM, 1TB SSD",12,20379,3.7
8742,Xiaomi Smartwatch Model 8742,"SpO2, LCD Display",42,107810,4.1
8743,HP Laptop Model 8743,"i5, 32GB RAM, 256GB SSD",5,37805,4.9
8744,Asus Mobile Model 8744,"50MP Camera, 4000mAh Battery, 5G",35,10694,4.3
8745,Asus Smartwatch Model 8745,"Heart Rate, LCD Display",40,87937,4.3
8746,Lenovo Smartwatch Model 8746,"SpO2, AMOLED Display",30,76324,4.9
8747,Dell Mobile Model 8747,"50MP Camera, 6000mAh Battery, 5G",28,76623,3.1
8748,OnePlus Mobile Model 8748,"50MP Camera, 5000mAh Battery, 5G",23,149846,3.1
8749,Xiaomi Mobile Model 8749,"50MP Camera, 6000mAh Battery, 5G",14,24710,4.5
8750,Dell Mobile Model 8750,"64MP Camera, 4000mAh Battery, 5G",10,82952,3.9
8751,Apple Mobile Model 8751,"64MP Camera, 4000mAh Battery, 5G",34,102155,3.4
8752,Dell Smartwatch Model 8752,"Heart Rate, AMOLED Display",39,41642,3.4
8753,Lenovo Laptop Model 8753,"i5, 16GB RAM, 1TB SSD",8,52714,3.8
8754,Samsung Smartwatch Model 8754,"SpO2, AMOLED Display",39,129044,4.1
8755,Lenovo Smartwatch Model 8755,"Heart Rate, LCD Display",11,10234,4.7
8756,Acer Mobile Model 8756,"50MP Camera, 6000mAh Battery, 5G",43,114172,3.0
8757,Samsung Smartwatch Model 8757,"SpO2, LCD Display",12,131841,3.2
8758,Acer Smartwatch Model 8758,"Heart Rate, AMOLED Display",50,107292,3.2
8759,Sony Mobile Model 8759,"64MP Camera, 6000mAh Battery, 5G",7,102312,4.0
8760,Dell Laptop Model 8760,"i5, 32GB RAM, 512GB SSD",16,89168,3.2
8761,Sony Laptop Model 8761,"Ryzen 5, 32GB RAM, 512GB SSD",25,23393,4.5
8762,Samsung Laptop Model 8762,"i5, 32GB RAM, 256GB SSD",35,137921,4.6
8763,Xiaomi Laptop Model 8763,"Ryzen 5, 16GB RAM, 1TB SSD",24,59454,3.5
8764,Sony Laptop Model 8764,"i5, 8GB RAM, 256GB SSD",44,67256,4.6
8765,Samsung Smartwatch Model 8765,"SpO2, AMOLED Display",38,15599,4.5
8766,HP Mobile Model 8766,"64MP Camera, 4000mAh Battery, 5G",26,60375,3.1
8767,Xiaomi Smartwatch Model 8767,"GPS, LCD Display",28,102409,4.2
8768,Apple Laptop Model 8768,"Ryzen 5, 16GB RAM, 256GB SSD",34,108613,3.6
8769,Samsung Smartwatch Model 8769,"Heart Rate, LCD Display",40,22637,4.4
8770,Acer Smartwatch Model 8770,"GPS, AMOLED Display",10,130414,3.5
8771,Samsung Laptop Model 8771,"i7, 16GB RAM, 512GB SSD",33,140476,4.7
8772,OnePlus Mobile Model 8772,"64MP Camera, 6000mAh Battery, 5G",29,67711,3.4
8773,Xiaomi Mobile Model 8773,"64MP Camera, 5000mAh Battery, 5G",44,137028,4.8
8774,Acer Smartwatch Model 8774,"GPS, LCD Display",23,61876,4.1
8775,Sony Laptop Model 8775,"i5, 8GB RAM, 1TB SSD",7,81808,4.4
8776,HP Laptop Model 8776,"Ryzen 7, 16GB RAM, 512GB SSD",17,79294,3.2
8777,Lenovo Mobile Model 8777,"50MP Camera, 6000mAh Battery, 5G",40,132325,3.5
8778,Apple Laptop Model 8778,"Ryzen 7, 32GB RAM, 256GB SSD",39,65542,4.0
8779,Lenovo Laptop Model 8779,"i7, 8GB RAM, 256GB SSD",13,57528,3.8
8780,HP Mobile Model 8780,"108MP Camera, 5000mAh Battery, 5G",35,26437,4.6
8781,Asus Laptop Model 8781,"Ryzen 5, 16GB RAM, 512GB SSD",39,93463,3.9
8782,Dell Smartwatch Model 8782,"Heart Rate, AMOLED Display",27,112415,4.9
8783,OnePlus Mobile Model 8783,"108MP Camera, 6000mAh Battery, 5G",8,58914,3.5
8784,Xiaomi Mobile Model 8784,"108MP Camera, 4000mAh Battery, 5G",15,113742,3.8
8785,Asus Mobile Model 8785,"64MP Camera, 4000mAh Battery, 5G",9,130717,4.9
8786,Lenovo Laptop Model 8786,"i5, 8GB RAM, 512GB SSD",31,88286,4.5
8787,Asus Smartwatch Model 8787,"GPS, AMOLED Display",35,5101,3.1
8788,Dell Laptop Model 8788,"i7, 16GB RAM, 1TB SSD",19,117017,4.2
8789,Acer Mobile Model 8789,"64MP Camera, 6000mAh Battery, 5G",10,108589,3.4
8790,Asus Smartwatch Model 8790,"Heart Rate, LCD Display",5,62194,3.3
8791,OnePlus Mobile Model 8791,"50MP Camera, 6000mAh Battery, 5G",13,134236,5.0
8792,Samsung Laptop Model 8792,"Ryzen 7, 8GB RAM, 1TB SSD",49,40369,3.6
8793,Apple Laptop Model 8793,"Ryzen 7, 16GB RAM, 1TB SSD",7,67970,3.7
8794,Acer Mobile Model 8794,"108MP Camera, 4000mAh Battery, 5G",31,34833,3.9
8795,Lenovo Laptop Model 8795,"i5, 8GB RAM, 256GB SSD",47,92158,3.0
8796,Dell Laptop Model 8796,"i7, 8GB RAM, 512GB SSD",6,63532,3.4
8797,Sony Mobile Model 8797,"50MP Camera, 5000mAh Battery, 5G",50,113234,4.9
8798,Asus Laptop Model 8798,"i5, 8GB RAM, 1TB SSD",15,115646,4.1
8799,Samsung Laptop Model 8799,"Ryzen 7, 8GB RAM, 256GB SSD",39,149125,4.1
8800,Asus Mobile Model 8800,"64MP Camera, 4000mAh Battery, 5G",9,65847,3.9
8801,Dell Laptop Model 8801,"Ryzen 7, 8GB RAM, 256GB SSD",32,116066,4.9
8802,Dell Laptop Model 8802,"i5, 8GB RAM, 1TB SSD",13,36113,3.9
8803,Xiaomi Smartwatch Model 8803,"SpO2, LCD Display",30,55559,3.5
8804,OnePlus Laptop Model 8804,"i5, 32GB RAM, 512GB SSD",28,88768,3.6
8805,Acer Laptop Model 8805,"i5, 32GB RAM, 256GB SSD",11,35470,4.1
8806,Apple Laptop Model 8806,"Ryzen 7, 8GB RAM, 512GB SSD",26,99283,3.1
8807,Acer Mobile Model 8807,"50MP Camera, 4000mAh Battery, 5G",12,48078,3.3
8808,HP Laptop Model 8808,"Ryzen 5, 8GB RAM, 1TB SSD",46,30009,3.4
8809,Acer Laptop Model 8809,"i7, 8GB RAM, 256GB SSD",18,128013,3.1
8810,Sony Mobile Model 8810,"108MP Camera, 4000mAh Battery, 5G",25,97850,3.3
8811,Xiaomi Mobile Model 8811,"64MP Camera, 6000mAh Battery, 5G",28,19507,3.7
8812,Sony Smartwatch Model 8812,"Heart Rate, AMOLED Display",33,65180,3.3
8813,Apple Laptop Model 8813,"i5, 16GB RAM, 256GB SSD",15,57913,4.3
8814,Acer Smartwatch Model 8814,"SpO2, LCD Display",49,66599,3.0
8815,Xiaomi Laptop Model 8815,"Ryzen 5, 16GB RAM, 256GB SSD",27,41438,4.2
8816,HP Mobile Model 8816,"64MP Camera, 6000mAh Battery, 5G",38,52519,4.3
8817,Samsung Laptop Model 8817,"i5, 8GB RAM, 1TB SSD",12,89830,4.5
8818,Xiaomi Smartwatch Model 8818,"SpO2, AMOLED Display",17,131048,4.2
8819,Asus Smartwatch Model 8819,"SpO2, LCD Display",12,97597,3.1
8820,OnePlus Smartwatch Model 8820,"Heart Rate, AMOLED Display",33,111418,3.7
8821,Lenovo Mobile Model 8821,"50MP Camera, 4000mAh Battery, 5G",9,93962,4.8
8822,OnePlus Laptop Model 8822,"Ryzen 7, 32GB RAM, 1TB SSD",13,86983,4.0
8823,OnePlus Laptop Model 8823,"i5, 32GB RAM, 1TB SSD",8,24507,4.5
8824,Xiaomi Laptop Model 8824,"i7, 8GB RAM, 256GB SSD",16,33399,3.6
8825,Xiaomi Laptop Model 8825,"Ryzen 7, 16GB RAM, 512GB SSD",46,104749,3.8
8826,Asus Mobile Model 8826,"108MP Camera, 6000mAh Battery, 5G",23,42202,4.7
8827,Dell Laptop Model 8827,"Ryzen 7, 8GB RAM, 256GB SSD",17,46180,3.0
8828,OnePlus Laptop Model 8828,"i5, 8GB RAM, 512GB SSD",35,69491,3.2
8829,OnePlus Smartwatch Model 8829,"SpO2, LCD Display",49,83794,5.0
8830,Samsung Mobile Model 8830,"108MP Camera, 6000mAh Battery, 5G",34,13970,4.5
8831,Samsung Smartwatch Model 8831,"Heart Rate, LCD Display",41,119745,4.0
8832,OnePlus Smartwatch Model 8832,"GPS, AMOLED Display",25,116367,3.6
8833,OnePlus Mobile Model 8833,"108MP Camera, 6000mAh Battery, 5G",23,141486,3.8
8834,Samsung Laptop Model 8834,"i7, 16GB RAM, 512GB SSD",34,44466,4.8
8835,Apple Mobile Model 8835,"50MP Camera, 5000mAh Battery, 5G",41,91053,3.8
8836,HP Mobile Model 8836,"64MP Camera, 5000mAh Battery, 5G",24,98071,4.8
8837,OnePlus Mobile Model 8837,"50MP Camera, 6000mAh Battery, 5G",50,116516,4.9
8838,HP Laptop Model 8838,"Ryzen 5, 32GB RAM, 512GB SSD",15,106523,4.4
8839,Acer Mobile Model 8839,"108MP Camera, 5000mAh Battery, 5G",31,125095,3.8
8840,Asus Mobile Model 8840,"64MP Camera, 6000mAh Battery, 5G",37,91092,4.4
8841,Asus Mobile Model 8841,"64MP Camera, 6000mAh Battery, 5G",19,17519,4.0
8842,OnePlus Laptop Model 8842,"i5, 8GB RAM, 512GB SSD",48,44377,4.7
8843,Xiaomi Laptop Model 8843,"Ryzen 5, 8GB RAM, 256GB SSD",12,148511,3.3
8844,Asus Laptop Model 8844,"Ryzen 7, 16GB RAM, 1TB SSD",34,28800,3.6
8845,Sony Smartwatch Model 8845,"Heart Rate, LCD Display",47,87357,4.6
8846,OnePlus Smartwatch Model 8846,"Heart Rate, AMOLED Display",15,118434,4.7
8847,Apple Laptop Model 8847,"Ryzen 5, 8GB RAM, 256GB SSD",17,14614,4.1
8848,Sony Mobile Model 8848,"50MP Camera, 5000mAh Battery, 5G",39,59489,4.1
8849,Acer Smartwatch Model 8849,"Heart Rate, LCD Display",33,112139,4.1
8850,HP Laptop Model 8850,"Ryzen 5, 32GB RAM, 1TB SSD",44,124278,4.3
8851,Asus Mobile Model 8851,"108MP Camera, 4000mAh Battery, 5G",14,61805,3.3
8852,Asus Laptop Model 8852,"Ryzen 7, 16GB RAM, 1TB SSD",46,134560,4.0
8853,Xiaomi Mobile Model 8853,"108MP Camera, 4000mAh Battery, 5G",33,120632,4.8
8854,Acer Smartwatch Model 8854,"GPS, AMOLED Display",35,112877,5.0
8855,HP Mobile Model 8855,"50MP Camera, 5000mAh Battery, 5G",6,17672,3.8
8856,Asus Smartwatch Model 8856,"SpO2, LCD Display",8,87257,4.4
8857,OnePlus Smartwatch Model 8857,"SpO2, LCD Display",27,81767,3.3
8858,Acer Smartwatch Model 8858,"Heart Rate, AMOLED Display",12,102656,4.4
8859,OnePlus Mobile Model 8859,"64MP Camera, 6000mAh Battery, 5G",45,37397,3.5
8860,OnePlus Laptop Model 8860,"i5, 16GB RAM, 256GB SSD",16,65776,3.6
8861,HP Smartwatch Model 8861,"GPS, AMOLED Display",44,11187,4.8
8862,Xiaomi Laptop Model 8862,"Ryzen 7, 8GB RAM, 256GB SSD",36,143973,3.0
8863,Lenovo Smartwatch Model 8863,"GPS, AMOLED Display",45,122538,3.3
8864,Lenovo Smartwatch Model 8864,"Heart Rate, AMOLED Display",7,53350,4.5
8865,Lenovo Smartwatch Model 8865,"GPS, LCD Display",27,98234,4.4
8866,Lenovo Smartwatch Model 8866,"Heart Rate, AMOLED Display",19,88664,4.1
8867,Xiaomi Smartwatch Model 8867,"Heart Rate, AMOLED Display",23,36836,4.9
8868,OnePlus Laptop Model 8868,"Ryzen 7, 32GB RAM, 512GB SSD",8,94705,3.2
8869,Dell Mobile Model 8869,"64MP Camera, 4000mAh Battery, 5G",19,110446,4.9
8870,Asus Mobile Model 8870,"108MP Camera, 4000mAh Battery, 5G",45,144328,3.4
8871,HP Mobile Model 8871,"64MP Camera, 5000mAh Battery, 5G",13,140671,4.0
8872,HP Laptop Model 8872,"Ryzen 7, 8GB RAM, 256GB SSD",28,72323,4.2
8873,Xiaomi Mobile Model 8873,"50MP Camera, 6000mAh Battery, 5G",21,12956,3.6
8874,Apple Laptop Model 8874,"i5, 16GB RAM, 512GB SSD",42,77438,4.3
8875,Xiaomi Smartwatch Model 8875,"GPS, AMOLED Display",23,14184,3.6
8876,Lenovo Smartwatch Model 8876,"SpO2, LCD Display",36,22179,3.0
8877,Dell Laptop Model 8877,"Ryzen 5, 32GB RAM, 1TB SSD",33,32395,3.8
8878,Apple Mobile Model 8878,"64MP Camera, 6000mAh Battery, 5G",40,91680,3.1
8879,Apple Smartwatch Model 8879,"Heart Rate, AMOLED Display",24,97050,3.2
8880,OnePlus Mobile Model 8880,"108MP Camera, 4000mAh Battery, 5G",19,90995,4.3
8881,Acer Mobile Model 8881,"64MP Camera, 4000mAh Battery, 5G",17,68669,3.3
8882,Sony Smartwatch Model 8882,"GPS, LCD Display",9,49720,3.0
8883,Asus Smartwatch Model 8883,"SpO2, AMOLED Display",8,69356,3.4
8884,Asus Laptop Model 8884,"i5, 16GB RAM, 1TB SSD",38,94067,3.6
8885,Apple Laptop Model 8885,"Ryzen 7, 8GB RAM, 256GB SSD",6,68149,3.8
8886,Sony Laptop Model 8886,"Ryzen 7, 32GB RAM, 512GB SSD",10,34104,3.0
8887,Sony Mobile Model 8887,"50MP Camera, 6000mAh Battery, 5G",10,93728,3.4
8888,Sony Mobile Model 8888,"50MP Camera, 6000mAh Battery, 5G",14,68041,4.7
8889,Acer Mobile Model 8889,"108MP Camera, 6000mAh Battery, 5G",25,30609,4.5
8890,Samsung Smartwatch Model 8890,"SpO2, AMOLED Display",50,111213,3.4
8891,Acer Mobile Model 8891,"50MP Camera, 5000mAh Battery, 5G",48,39756,4.1
8892,HP Mobile Model 8892,"50MP Camera, 4000mAh Battery, 5G",15,55481,4.8
8893,Sony Mobile Model 8893,"50MP Camera, 4000mAh Battery, 5G",39,91530,3.0
8894,Asus Smartwatch Model 8894,"GPS, AMOLED Display",25,138255,3.0
8895,Xiaomi Mobile Model 8895,"108MP Camera, 4000mAh Battery, 5G",47,55748,4.4
8896,Acer Mobile Model 8896,"108MP Camera, 5000mAh Battery, 5G",49,101960,3.1
8897,Sony Smartwatch Model 8897,"GPS, LCD Display",14,111637,3.3
8898,Asus Smartwatch Model 8898,"SpO2, LCD Display",6,67215,3.6
8899,Dell Smartwatch Model 8899,"SpO2, AMOLED Display",39,122280,4.6
8900,Dell Laptop Model 8900,"Ryzen 5, 32GB RAM, 256GB SSD",18,69934,4.9
8901,OnePlus Mobile Model 8901,"50MP Camera, 4000mAh Battery, 5G",8,105050,4.6
8902,Xiaomi Mobile Model 8902,"108MP Camera, 6000mAh Battery, 5G",7,149439,3.7
8903,Xiaomi Laptop Model 8903,"Ryzen 7, 8GB RAM, 512GB SSD",22,29202,3.5
8904,Lenovo Smartwatch Model 8904,"SpO2, LCD Display",9,62800,4.0
8905,Dell Smartwatch Model 8905,"SpO2, AMOLED Display",38,74950,4.4
8906,OnePlus Laptop Model 8906,"Ryzen 5, 16GB RAM, 512GB SSD",11,115939,4.2
8907,HP Laptop Model 8907,"Ryzen 5, 8GB RAM, 512GB SSD",11,125461,3.3
8908,Lenovo Smartwatch Model 8908,"Heart Rate, AMOLED Display",17,132239,3.6
8909,Apple Mobile Model 8909,"108MP Camera, 5000mAh Battery, 5G",21,82281,4.8
8910,HP Smartwatch Model 8910,"SpO2, LCD Display",37,102165,4.4
8911,Dell Laptop Model 8911,"Ryzen 5, 16GB RAM, 512GB SSD",49,41539,4.8
8912,Sony Mobile Model 8912,"64MP Camera, 6000mAh Battery, 5G",50,84996,3.8
8913,Asus Mobile Model 8913,"108MP Camera, 6000mAh Battery, 5G",48,85109,4.0
8914,HP Smartwatch Model 8914,"Heart Rate, LCD Display",34,96877,3.5
8915,Lenovo Laptop Model 8915,"i5, 16GB RAM, 256GB SSD",44,113898,3.6
8916,Asus Mobile Model 8916,"50MP Camera, 4000mAh Battery, 5G",44,127692,5.0
8917,Dell Smartwatch Model 8917,"SpO2, LCD Display",19,73755,4.9
8918,Asus Smartwatch Model 8918,"GPS, AMOLED Display",49,20860,4.2
8919,Xiaomi Smartwatch Model 8919,"GPS, LCD Display",42,41834,4.5
8920,HP Smartwatch Model 8920,"SpO2, AMOLED Display",28,113178,5.0
8921,Xiaomi Smartwatch Model 8921,"Heart Rate, LCD Display",36,27219,5.0
8922,OnePlus Smartwatch Model 8922,"GPS, AMOLED Display",21,141866,4.1
8923,HP Laptop Model 8923,"Ryzen 5, 32GB RAM, 512GB SSD",10,58501,3.0
8924,Xiaomi Mobile Model 8924,"64MP Camera, 6000mAh Battery, 5G",44,143602,4.8
8925,HP Laptop Model 8925,"Ryzen 7, 16GB RAM, 256GB SSD",32,48668,4.9
8926,Lenovo Mobile Model 8926,"64MP Camera, 6000mAh Battery, 5G",22,134948,3.6
8927,OnePlus Smartwatch Model 8927,"SpO2, LCD Display",8,112599,3.4
8928,Apple Smartwatch Model 8928,"GPS, AMOLED Display",47,126338,4.3
8929,Lenovo Smartwatch Model 8929,"Heart Rate, LCD Display",7,131400,4.0
8930,HP Mobile Model 8930,"64MP Camera, 6000mAh Battery, 5G",40,140382,4.7
8931,Dell Smartwatch Model 8931,"GPS, AMOLED Display",12,149727,3.1
8932,HP Mobile Model 8932,"108MP Camera, 5000mAh Battery, 5G",34,104225,3.3
8933,HP Laptop Model 8933,"i5, 8GB RAM, 512GB SSD",24,77582,3.3
8934,Apple Laptop Model 8934,"Ryzen 5, 32GB RAM, 512GB SSD",13,149706,4.6
8935,Xiaomi Smartwatch Model 8935,"SpO2, LCD Display",36,73851,4.7
8936,OnePlus Smartwatch Model 8936,"SpO2, AMOLED Display",20,144844,3.1
8937,Dell Mobile Model 8937,"50MP Camera, 5000mAh Battery, 5G",18,43699,4.9
8938,Xiaomi Laptop Model 8938,"i7, 32GB RAM, 1TB SSD",10,138248,3.2
8939,Dell Laptop Model 8939,"i5, 8GB RAM, 512GB SSD",31,141662,4.5
8940,Lenovo Mobile Model 8940,"50MP Camera, 5000mAh Battery, 5G",11,136478,4.3
8941,Acer Mobile Model 8941,"64MP Camera, 5000mAh Battery, 5G",31,64127,3.0
8942,Dell Laptop Model 8942,"Ryzen 5, 16GB RAM, 256GB SSD",12,47909,4.7
8943,Asus Smartwatch Model 8943,"GPS, LCD Display",37,105093,3.2
8944,Sony Mobile Model 8944,"108MP Camera, 4000mAh Battery, 5G",46,142144,4.0
8945,Acer Laptop Model 8945,"Ryzen 7, 8GB RAM, 512GB SSD",42,71531,4.9
8946,Acer Mobile Model 8946,"64MP Camera, 6000mAh Battery, 5G",35,134567,3.4
8947,Lenovo Smartwatch Model 8947,"GPS, LCD Display",34,83414,4.2
8948,HP Smartwatch Model 8948,"Heart Rate, LCD Display",14,144251,3.8
8949,HP Smartwatch Model 8949,"SpO2, AMOLED Display",44,10814,3.7
8950,Acer Smartwatch Model 8950,"SpO2, AMOLED Display",10,109917,3.1
8951,Asus Laptop Model 8951,"Ryzen 5, 8GB RAM, 256GB SSD",6,131681,4.3
8952,Xiaomi Laptop Model 8952,"Ryzen 7, 32GB RAM, 512GB SSD",35,35989,3.9
8953,Asus Smartwatch Model 8953,"Heart Rate, LCD Display",38,12985,3.8
8954,Acer Laptop Model 8954,"Ryzen 7, 32GB RAM, 256GB SSD",8,13471,3.1
8955,Asus Mobile Model 8955,"50MP Camera, 6000mAh Battery, 5G",33,28345,4.5
8956,Apple Laptop Model 8956,"Ryzen 7, 32GB RAM, 512GB SSD",34,111117,3.3
8957,Acer Smartwatch Model 8957,"Heart Rate, AMOLED Display",25,25181,3.8
8958,Samsung Mobile Model 8958,"64MP Camera, 5000mAh Battery, 5G",8,30902,3.1
8959,Samsung Smartwatch Model 8959,"SpO2, AMOLED Display",44,7392,4.5
8960,Acer Mobile Model 8960,"64MP Camera, 5000mAh Battery, 5G",24,57239,4.9
8961,HP Smartwatch Model 8961,"GPS, LCD Display",11,119766,3.9
8962,Apple Mobile Model 8962,"50MP Camera, 4000mAh Battery, 5G",40,86858,3.9
8963,Apple Laptop Model 8963,"Ryzen 7, 8GB RAM, 256GB SSD",47,101190,3.2
8964,Sony Mobile Model 8964,"50MP Camera, 6000mAh Battery, 5G",10,142482,3.0
8965,Acer Mobile Model 8965,"64MP Camera, 5000mAh Battery, 5G",26,44286,3.1
8966,Asus Laptop Model 8966,"i7, 32GB RAM, 1TB SSD",40,136611,3.8
8967,OnePlus Mobile Model 8967,"108MP Camera, 5000mAh Battery, 5G",33,91056,3.6
8968,OnePlus Mobile Model 8968,"64MP Camera, 4000mAh Battery, 5G",43,140465,4.2
8969,Asus Laptop Model 8969,"i5, 16GB RAM, 512GB SSD",15,90367,3.1
8970,OnePlus Laptop Model 8970,"i5, 8GB RAM, 1TB SSD",40,143517,4.8
8971,Asus Mobile Model 8971,"50MP Camera, 6000mAh Battery, 5G",23,149973,3.4
8972,Sony Mobile Model 8972,"64MP Camera, 6000mAh Battery, 5G",25,5921,4.8
8973,Asus Mobile Model 8973,"64MP Camera, 5000mAh Battery, 5G",15,122055,4.0
8974,Dell Laptop Model 8974,"Ryzen 5, 32GB RAM, 256GB SSD",32,60117,4.7
8975,Lenovo Mobile Model 8975,"64MP Camera, 5000mAh Battery, 5G",17,103310,3.7
8976,Asus Mobile Model 8976,"64MP Camera, 4000mAh Battery, 5G",10,103938,3.6
8977,Lenovo Mobile Model 8977,"50MP Camera, 4000mAh Battery, 5G",43,149460,3.6
8978,Asus Smartwatch Model 8978,"GPS, LCD Display",44,91574,4.3
8979,Acer Laptop Model 8979,"Ryzen 7, 32GB RAM, 1TB SSD",19,6697,4.0
8980,OnePlus Smartwatch Model 8980,"Heart Rate, AMOLED Display",20,131511,4.2
8981,Dell Mobile Model 8981,"50MP Camera, 6000mAh Battery, 5G",43,104896,4.4
8982,Samsung Smartwatch Model 8982,"SpO2, LCD Display",28,107220,3.6
8983,Dell Smartwatch Model 8983,"Heart Rate, AMOLED Display",33,5735,3.5
8984,Sony Laptop Model 8984,"i5, 32GB RAM, 1TB SSD",19,140672,3.7
8985,Dell Mobile Model 8985,"64MP Camera, 6000mAh Battery, 5G",39,126385,3.9
8986,HP Laptop Model 8986,"Ryzen 7, 32GB RAM, 1TB SSD",32,97557,4.3
8987,Dell Mobile Model 8987,"108MP Camera, 6000mAh Battery, 5G",49,109499,4.5
8988,Acer Smartwatch Model 8988,"SpO2, LCD Display",24,130177,4.3
8989,Samsung Mobile Model 8989,"50MP Camera, 4000mAh Battery, 5G",10,130120,3.6
8990,Dell Smartwatch Model 8990,"SpO2, LCD Display",5,62010,4.5
8991,Lenovo Laptop Model 8991,"i5, 16GB RAM, 512GB SSD",16,98087,3.6
8992,Xiaomi Smartwatch Model 8992,"SpO2, AMOLED Display",25,49807,3.6
8993,Lenovo Mobile Model 8993,"108MP Camera, 4000mAh Battery, 5G",38,32128,4.8
8994,HP Mobile Model 8994,"64MP Camera, 6000mAh Battery, 5G",27,112844,4.1
8995,Lenovo Laptop Model 8995,"i5, 16GB RAM, 512GB SSD",44,14428,3.0
8996,Asus Mobile Model 8996,"50MP Camera, 6000mAh Battery, 5G",50,117098,3.6
8997,Acer Smartwatch Model 8997,"SpO2, AMOLED Display",45,35252,4.6
8998,Lenovo Mobile Model 8998,"50MP Camera, 5000mAh Battery, 5G",33,13864,4.5
8999,Sony Smartwatch Model 8999,"GPS, AMOLED Display",33,89361,4.4
9000,Dell Laptop Model 9000,"i5, 8GB RAM, 512GB SSD",20,14311,4.2
9001,Acer Laptop Model 9001,"Ryzen 7, 8GB RAM, 256GB SSD",28,142733,3.5
9002,Sony Smartwatch Model 9002,"SpO2, AMOLED Display",10,75764,4.4
9003,Acer Laptop Model 9003,"i5, 32GB RAM, 1TB SSD",45,63173,3.5
9004,Dell Smartwatch Model 9004,"Heart Rate, LCD Display",16,134424,3.6
9005,Xiaomi Smartwatch Model 9005,"SpO2, AMOLED Display",35,28434,4.9
9006,Apple Laptop Model 9006,"i7, 32GB RAM, 1TB SSD",31,50751,3.1
9007,Samsung Smartwatch Model 9007,"GPS, AMOLED Display",8,37098,3.3
9008,HP Smartwatch Model 9008,"Heart Rate, LCD Display",9,144234,3.6
9009,Dell Smartwatch Model 9009,"SpO2, LCD Display",46,72159,4.2
9010,Asus Laptop Model 9010,"Ryzen 7, 32GB RAM, 512GB SSD",9,79610,3.6
9011,OnePlus Laptop Model 9011,"Ryzen 5, 8GB RAM, 1TB SSD",29,26349,3.1
9012,Lenovo Mobile Model 9012,"108MP Camera, 5000mAh Battery, 5G",34,23072,4.3
9013,Xiaomi Smartwatch Model 9013,"Heart Rate, LCD Display",30,46891,4.6
9014,Acer Laptop Model 9014,"i5, 8GB RAM, 1TB SSD",14,36525,3.1
9015,HP Smartwatch Model 9015,"SpO2, LCD Display",31,78515,3.9
9016,Sony Mobile Model 9016,"108MP Camera, 4000mAh Battery, 5G",23,59561,4.8
9017,OnePlus Smartwatch Model 9017,"Heart Rate, AMOLED Display",41,43361,3.2
9018,Samsung Laptop Model 9018,"Ryzen 7, 32GB RAM, 1TB SSD",45,44899,3.4
9019,Samsung Smartwatch Model 9019,"Heart Rate, LCD Display",15,8500,4.3
9020,Asus Smartwatch Model 9020,"SpO2, LCD Display",5,129252,4.7
9021,HP Smartwatch Model 9021,"Heart Rate, LCD Display",42,90574,3.1
9022,Xiaomi Smartwatch Model 9022,"Heart Rate, LCD Display",34,49119,4.1
9023,Asus Laptop Model 9023,"i7, 32GB RAM, 256GB SSD",47,26387,4.8
9024,Lenovo Laptop Model 9024,"i7, 16GB RAM, 256GB SSD",8,13217,3.5
9025,OnePlus Mobile Model 9025,"50MP Camera, 5000mAh Battery, 5G",35,32179,4.6
9026,Xiaomi Smartwatch Model 9026,"SpO2, AMOLED Display",46,109749,3.1
9027,Samsung Mobile Model 9027,"108MP Camera, 5000mAh Battery, 5G",32,36809,4.1
9028,Apple Laptop Model 9028,"i5, 8GB RAM, 512GB SSD",28,43560,4.9
9029,Asus Mobile Model 9029,"64MP Camera, 5000mAh Battery, 5G",43,126117,3.5
9030,OnePlus Smartwatch Model 9030,"Heart Rate, AMOLED Display",39,143597,4.4
9031,HP Laptop Model 9031,"i5, 16GB RAM, 256GB SSD",49,116701,4.2
9032,Sony Laptop Model 9032,"i5, 32GB RAM, 512GB SSD",37,48752,4.1
9033,Samsung Laptop Model 9033,"Ryzen 7, 32GB RAM, 1TB SSD",19,58125,3.3
9034,OnePlus Laptop Model 9034,"i5, 8GB RAM, 256GB SSD",10,73973,4.0
9035,Samsung Laptop Model 9035,"i5, 16GB RAM, 256GB SSD",9,50294,3.3
9036,Xiaomi Laptop Model 9036,"i5, 8GB RAM, 1TB SSD",20,145590,3.3
9037,Lenovo Smartwatch Model 9037,"Heart Rate, AMOLED Display",32,77038,4.3
9038,Apple Mobile Model 9038,"64MP Camera, 4000mAh Battery, 5G",50,38727,3.0
9039,Sony Mobile Model 9039,"64MP Camera, 5000mAh Battery, 5G",24,82372,3.7
9040,Xiaomi Mobile Model 9040,"50MP Camera, 4000mAh Battery, 5G",36,24608,3.2
9041,Sony Mobile Model 9041,"50MP Camera, 4000mAh Battery, 5G",34,65587,3.4
9042,Sony Mobile Model 9042,"108MP Camera, 4000mAh Battery, 5G",21,11132,3.9
9043,Acer Mobile Model 9043,"108MP Camera, 5000mAh Battery, 5G",17,62528,3.8
9044,Apple Smartwatch Model 9044,"GPS, AMOLED Display",43,52037,3.6
9045,Acer Mobile Model 9045,"50MP Camera, 6000mAh Battery, 5G",49,25518,3.8
9046,Lenovo Smartwatch Model 9046,"Heart Rate, AMOLED Display",26,63094,4.5
9047,OnePlus Laptop Model 9047,"i5, 32GB RAM, 512GB SSD",42,48435,3.1
9048,Asus Laptop Model 9048,"i5, 32GB RAM, 512GB SSD",14,80060,3.1
9049,Dell Smartwatch Model 9049,"GPS, AMOLED Display",47,34319,3.2
9050,Lenovo Mobile Model 9050,"64MP Camera, 5000mAh Battery, 5G",30,104514,3.6
9051,Dell Smartwatch Model 9051,"Heart Rate, AMOLED Display",5,69205,3.3
9052,HP Smartwatch Model 9052,"SpO2, LCD Display",17,50472,4.9
9053,Dell Mobile Model 9053,"50MP Camera, 5000mAh Battery, 5G",26,142057,3.8
9054,HP Mobile Model 9054,"64MP Camera, 5000mAh Battery, 5G",44,16048,3.6
9055,OnePlus Smartwatch Model 9055,"GPS, LCD Display",41,98371,4.1
9056,Apple Smartwatch Model 9056,"Heart Rate, AMOLED Display",13,126087,4.8
9057,Sony Laptop Model 9057,"i5, 8GB RAM, 256GB SSD",41,46447,4.8
9058,Acer Mobile Model 9058,"50MP Camera, 6000mAh Battery, 5G",23,105632,4.3
9059,Samsung Mobile Model 9059,"50MP Camera, 6000mAh Battery, 5G",24,35817,4.3
9060,Apple Smartwatch Model 9060,"SpO2, LCD Display",45,70020,3.2
9061,Lenovo Smartwatch Model 9061,"SpO2, AMOLED Display",30,123573,4.3
9062,Asus Mobile Model 9062,"50MP Camera, 6000mAh Battery, 5G",7,95637,4.0
9063,Sony Mobile Model 9063,"50MP Camera, 5000mAh Battery, 5G",19,122518,3.5
9064,Xiaomi Laptop Model 9064,"i7, 32GB RAM, 256GB SSD",16,142173,3.3
9065,HP Laptop Model 9065,"Ryzen 7, 8GB RAM, 1TB SSD",31,87518,3.3
9066,HP Mobile Model 9066,"64MP Camera, 5000mAh Battery, 5G",6,59818,4.3
9067,Asus Laptop Model 9067,"Ryzen 7, 8GB RAM, 256GB SSD",28,19108,4.3
9068,Apple Mobile Model 9068,"108MP Camera, 6000mAh Battery, 5G",48,142250,4.7
9069,OnePlus Laptop Model 9069,"Ryzen 7, 8GB RAM, 256GB SSD",15,31661,3.5
9070,Lenovo Smartwatch Model 9070,"SpO2, AMOLED Display",16,71289,4.8
9071,Asus Laptop Model 9071,"i7, 8GB RAM, 1TB SSD",30,7526,4.5
9072,HP Laptop Model 9072,"i7, 32GB RAM, 256GB SSD",24,132570,4.6
9073,Dell Smartwatch Model 9073,"GPS, AMOLED Display",30,40184,4.5
9074,Samsung Smartwatch Model 9074,"GPS, LCD Display",50,58109,4.1
9075,Samsung Smartwatch Model 9075,"GPS, AMOLED Display",15,124349,3.6
9076,HP Mobile Model 9076,"64MP Camera, 5000mAh Battery, 5G",17,123637,4.8
9077,HP Smartwatch Model 9077,"SpO2, AMOLED Display",20,54053,3.8
9078,Apple Laptop Model 9078,"Ryzen 7, 16GB RAM, 512GB SSD",50,6507,4.7
9079,Asus Mobile Model 9079,"64MP Camera, 6000mAh Battery, 5G",43,45793,3.4
9080,Lenovo Smartwatch Model 9080,"Heart Rate, AMOLED Display",15,74115,3.4
9081,Sony Mobile Model 9081,"64MP Camera, 5000mAh Battery, 5G",17,59406,3.4
9082,Samsung Mobile Model 9082,"108MP Camera, 6000mAh Battery, 5G",19,9354,4.5
9083,Lenovo Smartwatch Model 9083,"SpO2, AMOLED Display",15,17534,3.2
9084,HP Laptop Model 9084,"i7, 16GB RAM, 512GB SSD",18,52381,4.2
9085,Sony Smartwatch Model 9085,"SpO2, LCD Display",6,139894,4.3
9086,Acer Mobile Model 9086,"64MP Camera, 5000mAh Battery, 5G",25,129118,3.1
9087,HP Laptop Model 9087,"i5, 8GB RAM, 256GB SSD",34,121460,3.3
9088,OnePlus Smartwatch Model 9088,"GPS, LCD Display",7,75040,3.3
9089,Lenovo Laptop Model 9089,"i7, 32GB RAM, 256GB SSD",14,44084,4.3
9090,Lenovo Laptop Model 9090,"Ryzen 7, 8GB RAM, 1TB SSD",17,126383,4.8
9091,Asus Smartwatch Model 9091,"Heart Rate, AMOLED Display",18,16545,3.4
9092,Samsung Mobile Model 9092,"50MP Camera, 5000mAh Battery, 5G",25,53555,3.9
9093,Apple Mobile Model 9093,"50MP Camera, 6000mAh Battery, 5G",5,67468,3.5
9094,Asus Laptop Model 9094,"i5, 8GB RAM, 1TB SSD",14,32320,4.6
9095,Dell Laptop Model 9095,"i7, 32GB RAM, 1TB SSD",48,142980,4.8
9096,Xiaomi Mobile Model 9096,"64MP Camera, 4000mAh Battery, 5G",26,74841,3.6
9097,OnePlus Mobile Model 9097,"108MP Camera, 4000mAh Battery, 5G",41,14446,4.9
9098,Sony Mobile Model 9098,"50MP Camera, 6000mAh Battery, 5G",14,115226,4.9
9099,Asus Laptop Model 9099,"i7, 32GB RAM, 256GB SSD",43,25898,5.0
9100,Samsung Mobile Model 9100,"64MP Camera, 5000mAh Battery, 5G",30,118821,3.5
9101,Lenovo Laptop Model 9101,"i5, 8GB RAM, 256GB SSD",45,103608,4.6
9102,Samsung Laptop Model 9102,"Ryzen 5, 16GB RAM, 256GB SSD",35,125218,4.6
9103,Xiaomi Mobile Model 9103,"50MP Camera, 6000mAh Battery, 5G",43,62986,4.1
9104,Samsung Mobile Model 9104,"108MP Camera, 5000mAh Battery, 5G",31,37298,3.3
9105,Apple Smartwatch Model 9105,"GPS, LCD Display",20,20379,3.8
9106,Samsung Laptop Model 9106,"Ryzen 7, 8GB RAM, 512GB SSD",23,81049,3.6
9107,Dell Mobile Model 9107,"64MP Camera, 6000mAh Battery, 5G",17,130771,3.1
9108,OnePlus Mobile Model 9108,"64MP Camera, 4000mAh Battery, 5G",19,19947,3.7
9109,Xiaomi Mobile Model 9109,"50MP Camera, 5000mAh Battery, 5G",21,10192,4.1
9110,Asus Smartwatch Model 9110,"Heart Rate, LCD Display",45,86367,4.0
9111,Sony Mobile Model 9111,"50MP Camera, 5000mAh Battery, 5G",41,57783,4.0
9112,Xiaomi Mobile Model 9112,"64MP Camera, 4000mAh Battery, 5G",31,8861,4.0
9113,Lenovo Mobile Model 9113,"108MP Camera, 6000mAh Battery, 5G",42,66046,3.8
9114,Sony Mobile Model 9114,"50MP Camera, 4000mAh Battery, 5G",30,22220,4.3
9115,Dell Mobile Model 9115,"108MP Camera, 4000mAh Battery, 5G",26,31960,4.3
9116,Acer Laptop Model 9116,"Ryzen 5, 32GB RAM, 1TB SSD",36,143919,3.3
9117,HP Laptop Model 9117,"Ryzen 7, 8GB RAM, 512GB SSD",9,7255,4.6
9118,Sony Mobile Model 9118,"64MP Camera, 5000mAh Battery, 5G",44,47363,4.1
9119,HP Smartwatch Model 9119,"Heart Rate, AMOLED Display",44,37516,3.1
9120,Sony Mobile Model 9120,"50MP Camera, 6000mAh Battery, 5G",41,40134,3.6
9121,HP Laptop Model 9121,"Ryzen 7, 16GB RAM, 1TB SSD",49,41953,3.4
9122,Dell Smartwatch Model 9122,"GPS, AMOLED Display",48,130635,4.6
9123,Dell Mobile Model 9123,"64MP Camera, 4000mAh Battery, 5G",34,78985,4.4
9124,HP Mobile Model 9124,"108MP Camera, 5000mAh Battery, 5G",38,100781,3.2
9125,Asus Smartwatch Model 9125,"SpO2, LCD Display",36,126749,3.2
9126,Asus Smartwatch Model 9126,"GPS, LCD Display",8,115180,5.0
9127,Xiaomi Laptop Model 9127,"i5, 16GB RAM, 512GB SSD",12,96520,4.6
9128,Sony Laptop Model 9128,"Ryzen 5, 16GB RAM, 1TB SSD",27,12288,4.7
9129,HP Mobile Model 9129,"64MP Camera, 5000mAh Battery, 5G",44,32394,4.7
9130,Xiaomi Smartwatch Model 9130,"GPS, LCD Display",32,25752,4.9
9131,Lenovo Smartwatch Model 9131,"Heart Rate, AMOLED Display",20,96701,3.3
9132,OnePlus Mobile Model 9132,"64MP Camera, 5000mAh Battery, 5G",44,22821,4.8
9133,Sony Mobile Model 9133,"108MP Camera, 6000mAh Battery, 5G",20,58057,4.8
9134,Dell Smartwatch Model 9134,"Heart Rate, AMOLED Display",9,35059,4.1
9135,Asus Mobile Model 9135,"64MP Camera, 4000mAh Battery, 5G",47,72433,3.4
9136,Xiaomi Mobile Model 9136,"64MP Camera, 4000mAh Battery, 5G",38,65520,4.8
9137,Apple Smartwatch Model 9137,"GPS, AMOLED Display",25,145894,4.8
9138,Sony Mobile Model 9138,"64MP Camera, 5000mAh Battery, 5G",37,149444,4.2
9139,HP Smartwatch Model 9139,"Heart Rate, LCD Display",45,45037,4.6
9140,Samsung Mobile Model 9140,"108MP Camera, 6000mAh Battery, 5G",41,21416,4.0
9141,Sony Laptop Model 9141,"Ryzen 5, 16GB RAM, 512GB SSD",15,68603,3.8
9142,Samsung Laptop Model 9142,"Ryzen 7, 32GB RAM, 1TB SSD",10,54299,3.3
9143,Dell Mobile Model 9143,"64MP Camera, 5000mAh Battery, 5G",36,147079,4.6
9144,Samsung Laptop Model 9144,"Ryzen 7, 8GB RAM, 256GB SSD",9,113423,4.0
9145,Lenovo Smartwatch Model 9145,"GPS, AMOLED Display",9,148881,3.7
9146,Dell Laptop Model 9146,"Ryzen 7, 32GB RAM, 1TB SSD",21,103947,3.8
9147,Apple Mobile Model 9147,"108MP Camera, 5000mAh Battery, 5G",50,123406,3.9
9148,Asus Smartwatch Model 9148,"SpO2, AMOLED Display",48,78581,3.9
9149,Xiaomi Mobile Model 9149,"64MP Camera, 5000mAh Battery, 5G",30,38692,4.4
9150,Acer Laptop Model 9150,"Ryzen 7, 32GB RAM, 256GB SSD",44,52670,4.4
9151,Dell Smartwatch Model 9151,"SpO2, LCD Display",5,91837,3.3
9152,Samsung Laptop Model 9152,"i7, 32GB RAM, 512GB SSD",44,107611,4.6
9153,Dell Mobile Model 9153,"64MP Camera, 6000mAh Battery, 5G",40,101081,4.3
9154,Asus Laptop Model 9154,"i7, 8GB RAM, 256GB SSD",25,90718,5.0
9155,OnePlus Smartwatch Model 9155,"Heart Rate, LCD Display",27,117044,3.3
9156,OnePlus Smartwatch Model 9156,"SpO2, LCD Display",13,85499,3.1
9157,Sony Smartwatch Model 9157,"Heart Rate, LCD Display",32,63706,3.5
9158,Asus Mobile Model 9158,"50MP Camera, 5000mAh Battery, 5G",5,83825,3.2
9159,Lenovo Smartwatch Model 9159,"GPS, LCD Display",30,45473,3.3
9160,Samsung Laptop Model 9160,"i7, 32GB RAM, 256GB SSD",11,49462,4.2
9161,Lenovo Mobile Model 9161,"108MP Camera, 5000mAh Battery, 5G",40,12916,4.1
9162,Sony Smartwatch Model 9162,"GPS, AMOLED Display",43,44120,4.6
9163,Xiaomi Smartwatch Model 9163,"GPS, LCD Display",23,6100,3.2
9164,Acer Laptop Model 9164,"Ryzen 5, 16GB RAM, 1TB SSD",6,106278,3.9
9165,Samsung Mobile Model 9165,"108MP Camera, 5000mAh Battery, 5G",30,32996,4.4
9166,Apple Laptop Model 9166,"Ryzen 7, 32GB RAM, 1TB SSD",17,48750,4.1
9167,Xiaomi Laptop Model 9167,"i5, 32GB RAM, 512GB SSD",18,137563,4.0
9168,Sony Mobile Model 9168,"108MP Camera, 4000mAh Battery, 5G",45,13126,3.4
9169,Lenovo Laptop Model 9169,"Ryzen 7, 16GB RAM, 256GB SSD",8,83671,3.5
9170,HP Smartwatch Model 9170,"SpO2, AMOLED Display",20,70961,3.5
9171,Sony Smartwatch Model 9171,"SpO2, LCD Display",33,113218,3.4
9172,Xiaomi Mobile Model 9172,"64MP Camera, 5000mAh Battery, 5G",25,76193,4.3
9173,Samsung Laptop Model 9173,"i7, 16GB RAM, 256GB SSD",18,70741,3.9
9174,Acer Smartwatch Model 9174,"SpO2, AMOLED Display",34,119640,4.6
9175,Sony Mobile Model 9175,"108MP Camera, 6000mAh Battery, 5G",13,90175,4.9
9176,Xiaomi Mobile Model 9176,"108MP Camera, 6000mAh Battery, 5G",32,126925,4.9
9177,Acer Laptop Model 9177,"i7, 8GB RAM, 512GB SSD",31,100080,4.0
9178,Asus Smartwatch Model 9178,"SpO2, AMOLED Display",29,142338,3.3
9179,Samsung Mobile Model 9179,"108MP Camera, 5000mAh Battery, 5G",40,135097,3.4
9180,Apple Mobile Model 9180,"50MP Camera, 5000mAh Battery, 5G",18,73813,3.5
9181,Dell Laptop Model 9181,"Ryzen 7, 16GB RAM, 256GB SSD",36,36948,4.6
9182,OnePlus Mobile Model 9182,"64MP Camera, 5000mAh Battery, 5G",6,24907,3.6
9183,HP Smartwatch Model 9183,"Heart Rate, AMOLED Display",36,120807,4.9
9184,Samsung Smartwatch Model 9184,"SpO2, LCD Display",18,21074,4.1
9185,Asus Mobile Model 9185,"50MP Camera, 6000mAh Battery, 5G",29,73277,3.9
9186,Apple Laptop Model 9186,"i5, 32GB RAM, 512GB SSD",15,35786,3.4
9187,Sony Mobile Model 9187,"64MP Camera, 6000mAh Battery, 5G",14,112309,3.4
9188,OnePlus Laptop Model 9188,"Ryzen 5, 8GB RAM, 512GB SSD",46,49905,4.2
9189,OnePlus Smartwatch Model 9189,"SpO2, AMOLED Display",50,43203,4.8
9190,OnePlus Laptop Model 9190,"i5, 32GB RAM, 256GB SSD",24,129524,3.5
9191,Asus Mobile Model 9191,"50MP Camera, 4000mAh Battery, 5G",38,64528,4.1
9192,Lenovo Smartwatch Model 9192,"Heart Rate, AMOLED Display",44,109006,4.3
9193,Lenovo Mobile Model 9193,"64MP Camera, 4000mAh Battery, 5G",36,53374,4.3
9194,Sony Laptop Model 9194,"Ryzen 5, 32GB RAM, 1TB SSD",30,102518,3.7
9195,Asus Laptop Model 9195,"Ryzen 5, 32GB RAM, 512GB SSD",45,116875,3.7
9196,Dell Laptop Model 9196,"i7, 8GB RAM, 1TB SSD",31,42987,3.4
9197,Samsung Mobile Model 9197,"108MP Camera, 6000mAh Battery, 5G",45,9235,3.4
9198,Lenovo Mobile Model 9198,"108MP Camera, 6000mAh Battery, 5G",50,118619,4.9
9199,Lenovo Smartwatch Model 9199,"GPS, LCD Display",41,144220,4.7
9200,Xiaomi Smartwatch Model 9200,"Heart Rate, LCD Display",14,68061,3.9
9201,OnePlus Laptop Model 9201,"Ryzen 7, 8GB RAM, 512GB SSD",15,35827,4.3
9202,Sony Mobile Model 9202,"108MP Camera, 4000mAh Battery, 5G",50,38404,3.2
9203,Asus Laptop Model 9203,"Ryzen 5, 32GB RAM, 1TB SSD",26,113610,4.5
9204,HP Mobile Model 9204,"64MP Camera, 4000mAh Battery, 5G",50,8166,3.6
9205,Acer Smartwatch Model 9205,"GPS, LCD Display",36,89997,4.2
9206,OnePlus Smartwatch Model 9206,"Heart Rate, AMOLED Display",34,52496,3.7
9207,Samsung Smartwatch Model 9207,"SpO2, LCD Display",15,122705,3.6
9208,Asus Mobile Model 9208,"108MP Camera, 4000mAh Battery, 5G",22,131218,4.3
9209,Dell Laptop Model 9209,"i7, 32GB RAM, 512GB SSD",22,119392,3.3
9210,Samsung Mobile Model 9210,"64MP Camera, 4000mAh Battery, 5G",32,16110,3.9
9211,Sony Mobile Model 9211,"64MP Camera, 6000mAh Battery, 5G",48,24149,3.3
9212,Dell Laptop Model 9212,"i7, 8GB RAM, 256GB SSD",23,124073,4.4
9213,Xiaomi Smartwatch Model 9213,"SpO2, LCD Display",26,5764,3.5
9214,Acer Laptop Model 9214,"i7, 32GB RAM, 512GB SSD",32,41396,3.5
9215,Xiaomi Smartwatch Model 9215,"SpO2, AMOLED Display",49,16052,4.7
9216,Asus Mobile Model 9216,"50MP Camera, 6000mAh Battery, 5G",34,19081,4.9
9217,Apple Smartwatch Model 9217,"GPS, LCD Display",36,126630,4.3
9218,Sony Smartwatch Model 9218,"GPS, LCD Display",46,72770,3.8
9219,Dell Laptop Model 9219,"i7, 16GB RAM, 1TB SSD",26,112491,4.0
9220,Dell Mobile Model 9220,"108MP Camera, 5000mAh Battery, 5G",24,101308,4.7
9221,Acer Laptop Model 9221,"Ryzen 7, 8GB RAM, 256GB SSD",42,32183,4.5
9222,Apple Laptop Model 9222,"i7, 8GB RAM, 256GB SSD",16,104525,3.1
9223,Dell Mobile Model 9223,"50MP Camera, 6000mAh Battery, 5G",13,143112,3.6
9224,Asus Smartwatch Model 9224,"SpO2, LCD Display",33,23794,4.9
9225,Lenovo Laptop Model 9225,"i5, 8GB RAM, 1TB SSD",38,68765,4.2
9226,Lenovo Laptop Model 9226,"i7, 32GB RAM, 512GB SSD",21,33988,4.4
9227,Lenovo Mobile Model 9227,"50MP Camera, 5000mAh Battery, 5G",23,111128,3.1
9228,Asus Laptop Model 9228,"i5, 16GB RAM, 1TB SSD",41,37636,4.1
9229,Samsung Smartwatch Model 9229,"Heart Rate, LCD Display",13,42674,4.2
9230,HP Laptop Model 9230,"Ryzen 5, 32GB RAM, 512GB SSD",24,20979,4.9
9231,Asus Laptop Model 9231,"i5, 16GB RAM, 512GB SSD",36,101030,3.6
9232,OnePlus Smartwatch Model 9232,"SpO2, LCD Display",11,60457,4.9
9233,Samsung Mobile Model 9233,"108MP Camera, 4000mAh Battery, 5G",9,14856,3.3
9234,Samsung Smartwatch Model 9234,"SpO2, AMOLED Display",6,35527,4.5
9235,Apple Laptop Model 9235,"Ryzen 7, 8GB RAM, 256GB SSD",42,27661,4.3
9236,Xiaomi Smartwatch Model 9236,"Heart Rate, LCD Display",42,135435,4.7
9237,Asus Laptop Model 9237,"Ryzen 7, 16GB RAM, 256GB SSD",13,117106,3.3
9238,Sony Mobile Model 9238,"108MP Camera, 4000mAh Battery, 5G",43,149860,4.9
9239,Sony Smartwatch Model 9239,"GPS, AMOLED Display",12,70381,3.8
9240,Sony Mobile Model 9240,"50MP Camera, 5000mAh Battery, 5G",12,37734,4.4
9241,HP Smartwatch Model 9241,"SpO2, AMOLED Display",42,49201,3.3
9242,OnePlus Laptop Model 9242,"Ryzen 5, 8GB RAM, 512GB SSD",37,105818,4.9
9243,HP Smartwatch Model 9243,"Heart Rate, LCD Display",19,34446,4.1
9244,HP Laptop Model 9244,"i5, 32GB RAM, 1TB SSD",5,7370,4.3
9245,Acer Mobile Model 9245,"64MP Camera, 4000mAh Battery, 5G",44,110306,4.5
9246,Lenovo Smartwatch Model 9246,"GPS, AMOLED Display",11,117974,3.6
9247,HP Mobile Model 9247,"50MP Camera, 5000mAh Battery, 5G",20,119375,4.7
9248,HP Smartwatch Model 9248,"Heart Rate, LCD Display",29,46939,4.7
9249,OnePlus Smartwatch Model 9249,"GPS, AMOLED Display",40,85700,4.6
9250,Asus Mobile Model 9250,"108MP Camera, 4000mAh Battery, 5G",10,28126,4.6
9251,HP Smartwatch Model 9251,"GPS, AMOLED Display",13,132673,3.1
9252,Apple Mobile Model 9252,"50MP Camera, 4000mAh Battery, 5G",42,33688,4.7
9253,Apple Laptop Model 9253,"i5, 8GB RAM, 512GB SSD",35,65976,4.3
9254,Sony Laptop Model 9254,"Ryzen 5, 16GB RAM, 512GB SSD",9,53077,4.8
9255,Asus Laptop Model 9255,"i5, 8GB RAM, 256GB SSD",32,41428,4.6
9256,Asus Laptop Model 9256,"i7, 8GB RAM, 256GB SSD",24,44295,3.2
9257,Asus Smartwatch Model 9257,"GPS, AMOLED Display",42,141823,3.5
9258,Apple Smartwatch Model 9258,"Heart Rate, LCD Display",41,47494,3.9
9259,Sony Laptop Model 9259,"Ryzen 7, 32GB RAM, 512GB SSD",7,18764,4.0
9260,Lenovo Laptop Model 9260,"i7, 32GB RAM, 1TB SSD",43,125040,3.1
9261,Apple Laptop Model 9261,"Ryzen 7, 16GB RAM, 256GB SSD",49,95899,4.4
9262,Samsung Laptop Model 9262,"Ryzen 5, 16GB RAM, 512GB SSD",26,7274,3.9
9263,Sony Laptop Model 9263,"i7, 8GB RAM, 512GB SSD",21,45757,4.7
9264,Acer Smartwatch Model 9264,"Heart Rate, LCD Display",23,106512,3.4
9265,Asus Smartwatch Model 9265,"SpO2, LCD Display",41,61381,3.6
9266,Samsung Mobile Model 9266,"108MP Camera, 4000mAh Battery, 5G",35,89392,3.2
9267,Xiaomi Smartwatch Model 9267,"SpO2, LCD Display",13,60734,4.4
9268,Lenovo Mobile Model 9268,"64MP Camera, 5000mAh Battery, 5G",27,133243,3.2
9269,Sony Mobile Model 9269,"108MP Camera, 4000mAh Battery, 5G",48,50245,4.2
9270,Xiaomi Laptop Model 9270,"i7, 32GB RAM, 1TB SSD",12,132556,3.1
9271,Apple Mobile Model 9271,"50MP Camera, 6000mAh Battery, 5G",30,117258,3.4
9272,Dell Mobile Model 9272,"50MP Camera, 4000mAh Battery, 5G",16,143441,3.6
9273,Lenovo Mobile Model 9273,"50MP Camera, 4000mAh Battery, 5G",11,92010,3.3
9274,Lenovo Laptop Model 9274,"i5, 32GB RAM, 512GB SSD",5,13122,3.5
9275,Asus Mobile Model 9275,"64MP Camera, 6000mAh Battery, 5G",36,23878,3.9
9276,Sony Smartwatch Model 9276,"SpO2, LCD Display",30,37090,3.4
9277,Samsung Smartwatch Model 9277,"Heart Rate, AMOLED Display",29,119538,4.0
9278,OnePlus Smartwatch Model 9278,"Heart Rate, LCD Display",48,40713,4.9
9279,Dell Laptop Model 9279,"Ryzen 7, 32GB RAM, 256GB SSD",32,20393,4.3
9280,HP Mobile Model 9280,"64MP Camera, 6000mAh Battery, 5G",18,125257,4.8
9281,Apple Mobile Model 9281,"64MP Camera, 5000mAh Battery, 5G",22,93552,4.5
9282,HP Mobile Model 9282,"64MP Camera, 4000mAh Battery, 5G",42,54399,3.5
9283,Lenovo Smartwatch Model 9283,"Heart Rate, LCD Display",13,141290,4.1
9284,Xiaomi Laptop Model 9284,"i5, 16GB RAM, 1TB SSD",9,37445,4.2
9285,Dell Laptop Model 9285,"i5, 32GB RAM, 1TB SSD",28,84714,4.3
9286,Lenovo Laptop Model 9286,"i7, 16GB RAM, 512GB SSD",15,108826,3.7
9287,Apple Laptop Model 9287,"i5, 8GB RAM, 512GB SSD",39,83096,4.3
9288,Dell Smartwatch Model 9288,"GPS, LCD Display",6,84761,4.2
9289,Xiaomi Mobile Model 9289,"108MP Camera, 6000mAh Battery, 5G",46,45535,4.3
9290,Xiaomi Smartwatch Model 9290,"GPS, AMOLED Display",49,132738,4.3
9291,Dell Laptop Model 9291,"Ryzen 7, 32GB RAM, 256GB SSD",18,99142,4.7
9292,Xiaomi Mobile Model 9292,"50MP Camera, 6000mAh Battery, 5G",45,60461,3.1
9293,Sony Smartwatch Model 9293,"SpO2, AMOLED Display",15,82511,4.6
9294,Lenovo Mobile Model 9294,"108MP Camera, 5000mAh Battery, 5G",26,39651,3.4
9295,Apple Mobile Model 9295,"64MP Camera, 5000mAh Battery, 5G",28,124279,4.0
9296,Acer Laptop Model 9296,"i5, 8GB RAM, 512GB SSD",6,31438,3.8
9297,Lenovo Smartwatch Model 9297,"GPS, AMOLED Display",37,139572,4.7
9298,Apple Mobile Model 9298,"108MP Camera, 6000mAh Battery, 5G",44,116348,4.9
9299,Dell Laptop Model 9299,"i5, 16GB RAM, 512GB SSD",47,52798,3.8
9300,Dell Smartwatch Model 9300,"Heart Rate, LCD Display",18,101497,3.3
9301,Lenovo Laptop Model 9301,"Ryzen 7, 16GB RAM, 512GB SSD",24,140160,3.6
9302,Lenovo Smartwatch Model 9302,"SpO2, LCD Display",24,124641,4.0
9303,OnePlus Laptop Model 9303,"Ryzen 7, 16GB RAM, 256GB SSD",32,112871,4.6
9304,OnePlus Laptop Model 9304,"Ryzen 5, 16GB RAM, 512GB SSD",7,135371,4.9
9305,Apple Mobile Model 9305,"64MP Camera, 4000mAh Battery, 5G",49,135243,4.3
9306,HP Laptop Model 9306,"i5, 16GB RAM, 512GB SSD",40,88517,4.8
9307,Sony Smartwatch Model 9307,"GPS, LCD Display",19,39393,4.1
9308,HP Laptop Model 9308,"i5, 8GB RAM, 256GB SSD",31,81160,3.9
9309,Lenovo Laptop Model 9309,"i5, 16GB RAM, 256GB SSD",42,88915,4.0
9310,Lenovo Mobile Model 9310,"64MP Camera, 6000mAh Battery, 5G",48,17459,3.8
9311,Samsung Laptop Model 9311,"Ryzen 5, 32GB RAM, 256GB SSD",28,120107,3.8
9312,Sony Mobile Model 9312,"50MP Camera, 5000mAh Battery, 5G",18,144311,4.0
9313,Lenovo Mobile Model 9313,"108MP Camera, 6000mAh Battery, 5G",41,94348,4.0
9314,Asus Mobile Model 9314,"64MP Camera, 6000mAh Battery, 5G",11,141399,3.6
9315,HP Smartwatch Model 9315,"GPS, LCD Display",44,119269,4.6
9316,Samsung Smartwatch Model 9316,"SpO2, AMOLED Display",31,113788,3.0
9317,Dell Smartwatch Model 9317,"Heart Rate, LCD Display",37,14276,4.5
9318,Apple Mobile Model 9318,"64MP Camera, 6000mAh Battery, 5G",6,71760,3.1
9319,OnePlus Mobile Model 9319,"64MP Camera, 6000mAh Battery, 5G",42,79651,3.5
9320,Acer Smartwatch Model 9320,"GPS, LCD Display",5,136450,4.7
9321,Acer Smartwatch Model 9321,"Heart Rate, AMOLED Display",27,50791,4.9
9322,Lenovo Mobile Model 9322,"108MP Camera, 6000mAh Battery, 5G",6,30157,4.5
9323,OnePlus Laptop Model 9323,"Ryzen 5, 8GB RAM, 256GB SSD",32,81040,3.3
9324,Sony Laptop Model 9324,"i7, 32GB RAM, 512GB SSD",19,108530,4.7
9325,Lenovo Mobile Model 9325,"108MP Camera, 5000mAh Battery, 5G",16,143131,4.5
9326,Acer Mobile Model 9326,"64MP Camera, 6000mAh Battery, 5G",47,136296,3.8
9327,Acer Laptop Model 9327,"i7, 32GB RAM, 1TB SSD",29,64629,4.2
9328,Dell Smartwatch Model 9328,"GPS, AMOLED Display",41,41628,3.8
9329,Asus Laptop Model 9329,"i7, 8GB RAM, 256GB SSD",34,125545,4.0
9330,OnePlus Smartwatch Model 9330,"GPS, LCD Display",25,72618,4.0
9331,Acer Laptop Model 9331,"Ryzen 7, 16GB RAM, 256GB SSD",30,107263,3.6
9332,Apple Smartwatch Model 9332,"GPS, LCD Display",19,82638,3.4
9333,HP Smartwatch Model 9333,"SpO2, LCD Display",45,125961,3.5
9334,Xiaomi Laptop Model 9334,"i5, 8GB RAM, 256GB SSD",48,91009,4.0
9335,Acer Smartwatch Model 9335,"Heart Rate, LCD Display",27,66360,4.3
9336,Samsung Laptop Model 9336,"Ryzen 7, 16GB RAM, 512GB SSD",36,19910,4.7
9337,Asus Smartwatch Model 9337,"GPS, AMOLED Display",22,149301,3.0
9338,Apple Mobile Model 9338,"50MP Camera, 4000mAh Battery, 5G",47,70250,3.6
9339,Lenovo Mobile Model 9339,"64MP Camera, 5000mAh Battery, 5G",46,75666,4.1
9340,Dell Laptop Model 9340,"Ryzen 5, 8GB RAM, 1TB SSD",19,141203,3.5
9341,Sony Smartwatch Model 9341,"SpO2, AMOLED Display",34,146229,3.0
9342,Acer Smartwatch Model 9342,"GPS, LCD Display",18,45680,3.3
9343,Sony Laptop Model 9343,"i7, 16GB RAM, 1TB SSD",36,95232,4.8
9344,OnePlus Smartwatch Model 9344,"SpO2, LCD Display",5,147292,3.4
9345,Asus Laptop Model 9345,"Ryzen 5, 16GB RAM, 1TB SSD",35,20310,3.3
9346,Asus Smartwatch Model 9346,"GPS, LCD Display",16,123393,4.5
9347,Dell Smartwatch Model 9347,"SpO2, LCD Display",6,5209,3.9
9348,HP Smartwatch Model 9348,"Heart Rate, AMOLED Display",8,85982,3.6
9349,Dell Smartwatch Model 9349,"GPS, LCD Display",25,19754,3.4
9350,Sony Laptop Model 9350,"Ryzen 5, 32GB RAM, 1TB SSD",13,10528,3.5
9351,Samsung Laptop Model 9351,"i7, 16GB RAM, 512GB SSD",9,146163,3.8
9352,Acer Laptop Model 9352,"i5, 32GB RAM, 512GB SSD",18,104656,3.8
9353,Apple Smartwatch Model 9353,"SpO2, AMOLED Display",29,21654,4.5
9354,Apple Laptop Model 9354,"i5, 32GB RAM, 512GB SSD",12,145499,4.7
9355,HP Laptop Model 9355,"i5, 32GB RAM, 256GB SSD",10,113120,4.7
9356,Acer Laptop Model 9356,"i7, 16GB RAM, 256GB SSD",38,80317,4.9
9357,Asus Mobile Model 9357,"64MP Camera, 6000mAh Battery, 5G",14,58455,4.7
9358,Lenovo Laptop Model 9358,"i5, 8GB RAM, 1TB SSD",16,21997,4.9
9359,Acer Mobile Model 9359,"64MP Camera, 5000mAh Battery, 5G",43,41134,4.0
9360,Samsung Laptop Model 9360,"i7, 32GB RAM, 1TB SSD",19,138999,4.4
9361,Sony Laptop Model 9361,"Ryzen 7, 32GB RAM, 256GB SSD",46,131429,3.7
9362,Samsung Laptop Model 9362,"Ryzen 7, 16GB RAM, 1TB SSD",31,77695,3.4
9363,Apple Laptop Model 9363,"Ryzen 5, 16GB RAM, 1TB SSD",49,47780,3.5
9364,Acer Mobile Model 9364,"50MP Camera, 4000mAh Battery, 5G",46,73594,4.5
9365,Dell Mobile Model 9365,"50MP Camera, 4000mAh Battery, 5G",5,6219,3.4
9366,Lenovo Smartwatch Model 9366,"GPS, LCD Display",18,88360,4.6
9367,Dell Smartwatch Model 9367,"Heart Rate, AMOLED Display",37,139285,4.4
9368,Apple Smartwatch Model 9368,"GPS, LCD Display",18,52386,3.5
9369,Dell Smartwatch Model 9369,"GPS, AMOLED Display",7,101636,3.3
9370,Sony Laptop Model 9370,"i5, 16GB RAM, 256GB SSD",42,60961,3.3
9371,Dell Mobile Model 9371,"50MP Camera, 5000mAh Battery, 5G",40,54018,4.2
9372,Apple Laptop Model 9372,"i7, 16GB RAM, 1TB SSD",37,110354,4.6
9373,Lenovo Laptop Model 9373,"i5, 16GB RAM, 512GB SSD",33,77634,4.6
9374,Sony Smartwatch Model 9374,"Heart Rate, LCD Display",34,28446,4.4
9375,Acer Mobile Model 9375,"108MP Camera, 5000mAh Battery, 5G",39,112538,3.4
9376,Xiaomi Smartwatch Model 9376,"Heart Rate, AMOLED Display",40,47399,4.4
9377,Apple Smartwatch Model 9377,"SpO2, AMOLED Display",36,57745,4.7
9378,Asus Smartwatch Model 9378,"GPS, LCD Display",41,51040,3.9
9379,Acer Mobile Model 9379,"108MP Camera, 5000mAh Battery, 5G",40,137408,3.0
9380,HP Smartwatch Model 9380,"GPS, LCD Display",5,29665,4.2
9381,Sony Laptop Model 9381,"Ryzen 7, 8GB RAM, 256GB SSD",20,121837,3.8
9382,Apple Mobile Model 9382,"64MP Camera, 4000mAh Battery, 5G",16,104461,3.5
9383,Samsung Laptop Model 9383,"i5, 32GB RAM, 1TB SSD",17,65999,4.8
9384,Samsung Smartwatch Model 9384,"SpO2, LCD Display",16,81812,4.9
9385,Acer Laptop Model 9385,"i5, 16GB RAM, 1TB SSD",25,6920,4.6
9386,HP Laptop Model 9386,"i5, 32GB RAM, 256GB SSD",41,134764,4.3
9387,Apple Laptop Model 9387,"i7, 16GB RAM, 512GB SSD",47,139167,3.1
9388,OnePlus Mobile Model 9388,"50MP Camera, 6000mAh Battery, 5G",31,59943,4.7
9389,Apple Mobile Model 9389,"50MP Camera, 4000mAh Battery, 5G",37,95580,4.0
9390,HP Mobile Model 9390,"108MP Camera, 4000mAh Battery, 5G",5,19174,3.6
9391,Sony Mobile Model 9391,"64MP Camera, 5000mAh Battery, 5G",5,65475,3.3
9392,Xiaomi Mobile Model 9392,"108MP Camera, 6000mAh Battery, 5G",16,18308,3.5
9393,Acer Laptop Model 9393,"i7, 16GB RAM, 256GB SSD",10,62141,4.2
9394,Sony Smartwatch Model 9394,"Heart Rate, LCD Display",29,6103,4.5
9395,Acer Mobile Model 9395,"64MP Camera, 4000mAh Battery, 5G",19,10342,3.6
9396,Samsung Laptop Model 9396,"i7, 8GB RAM, 512GB SSD",9,131371,4.8
9397,OnePlus Smartwatch Model 9397,"GPS, AMOLED Display",34,36535,3.9
9398,Samsung Smartwatch Model 9398,"Heart Rate, AMOLED Display",37,105472,4.2
9399,Acer Laptop Model 9399,"Ryzen 5, 32GB RAM, 512GB SSD",27,52190,4.3
9400,Lenovo Laptop Model 9400,"i7, 32GB RAM, 256GB SSD",27,93165,3.4
9401,Samsung Mobile Model 9401,"64MP Camera, 5000mAh Battery, 5G",7,121876,4.4
9402,Xiaomi Smartwatch Model 9402,"Heart Rate, AMOLED Display",36,114187,3.1
9403,OnePlus Smartwatch Model 9403,"GPS, AMOLED Display",8,81462,4.8
9404,Samsung Laptop Model 9404,"Ryzen 7, 8GB RAM, 256GB SSD",9,30437,4.4
9405,OnePlus Laptop Model 9405,"i5, 8GB RAM, 512GB SSD",16,44675,3.4
9406,OnePlus Laptop Model 9406,"Ryzen 7, 8GB RAM, 512GB SSD",48,45559,3.2
9407,Lenovo Smartwatch Model 9407,"SpO2, AMOLED Display",5,98840,4.9
9408,Xiaomi Smartwatch Model 9408,"GPS, LCD Display",5,87477,3.8
9409,Apple Laptop Model 9409,"Ryzen 7, 16GB RAM, 256GB SSD",40,139611,3.5
9410,Sony Mobile Model 9410,"108MP Camera, 4000mAh Battery, 5G",22,142369,4.7
9411,Dell Mobile Model 9411,"50MP Camera, 4000mAh Battery, 5G",30,28479,3.3
9412,HP Smartwatch Model 9412,"SpO2, LCD Display",41,28454,4.6
9413,OnePlus Mobile Model 9413,"108MP Camera, 4000mAh Battery, 5G",29,148717,4.3
9414,HP Laptop Model 9414,"i7, 16GB RAM, 1TB SSD",40,119336,3.7
9415,HP Mobile Model 9415,"108MP Camera, 5000mAh Battery, 5G",34,43901,3.1
9416,Asus Smartwatch Model 9416,"SpO2, AMOLED Display",50,17138,3.6
9417,OnePlus Mobile Model 9417,"50MP Camera, 6000mAh Battery, 5G",29,89454,4.7
9418,Sony Smartwatch Model 9418,"GPS, LCD Display",36,46610,3.5
9419,Xiaomi Smartwatch Model 9419,"GPS, AMOLED Display",9,117205,4.4
9420,Asus Smartwatch Model 9420,"Heart Rate, AMOLED Display",9,15415,4.6
9421,Lenovo Mobile Model 9421,"50MP Camera, 6000mAh Battery, 5G",25,33257,4.0
9422,Asus Smartwatch Model 9422,"SpO2, LCD Display",20,43712,4.4
9423,OnePlus Laptop Model 9423,"Ryzen 7, 32GB RAM, 1TB SSD",24,11901,4.2
9424,Xiaomi Laptop Model 9424,"i7, 16GB RAM, 512GB SSD",40,90865,4.4
9425,Xiaomi Mobile Model 9425,"50MP Camera, 6000mAh Battery, 5G",35,31017,3.2
9426,Dell Mobile Model 9426,"50MP Camera, 4000mAh Battery, 5G",14,116236,3.8
9427,HP Laptop Model 9427,"Ryzen 7, 16GB RAM, 512GB SSD",29,59534,3.4
9428,HP Laptop Model 9428,"i5, 32GB RAM, 256GB SSD",18,54901,3.9
9429,Asus Smartwatch Model 9429,"Heart Rate, LCD Display",14,80660,4.3
9430,Lenovo Mobile Model 9430,"108MP Camera, 4000mAh Battery, 5G",41,107962,4.7
9431,Dell Laptop Model 9431,"Ryzen 5, 32GB RAM, 256GB SSD",9,105893,4.6
9432,Lenovo Laptop Model 9432,"Ryzen 5, 8GB RAM, 256GB SSD",7,107527,3.2
9433,Samsung Mobile Model 9433,"108MP Camera, 4000mAh Battery, 5G",12,143237,4.4
9434,Xiaomi Mobile Model 9434,"50MP Camera, 5000mAh Battery, 5G",23,54883,4.8
9435,Asus Laptop Model 9435,"Ryzen 7, 32GB RAM, 256GB SSD",39,117147,3.9
9436,Asus Mobile Model 9436,"50MP Camera, 6000mAh Battery, 5G",17,91132,4.7
9437,Acer Mobile Model 9437,"108MP Camera, 4000mAh Battery, 5G",48,134772,3.6
9438,HP Smartwatch Model 9438,"Heart Rate, AMOLED Display",18,101953,4.0
9439,Lenovo Laptop Model 9439,"i5, 32GB RAM, 512GB SSD",11,8657,3.5
9440,OnePlus Laptop Model 9440,"Ryzen 7, 16GB RAM, 512GB SSD",7,140871,3.2
9441,Apple Mobile Model 9441,"108MP Camera, 5000mAh Battery, 5G",25,142350,3.0
9442,Lenovo Laptop Model 9442,"Ryzen 7, 16GB RAM, 512GB SSD",30,54810,3.8
9443,Dell Smartwatch Model 9443,"SpO2, AMOLED Display",7,141122,3.6
9444,Dell Smartwatch Model 9444,"GPS, AMOLED Display",34,35903,4.0
9445,Acer Mobile Model 9445,"108MP Camera, 5000mAh Battery, 5G",28,37862,4.0
9446,Lenovo Mobile Model 9446,"108MP Camera, 6000mAh Battery, 5G",31,105765,4.9
9447,Dell Smartwatch Model 9447,"Heart Rate, LCD Display",31,77541,3.6
9448,Sony Mobile Model 9448,"64MP Camera, 6000mAh Battery, 5G",21,89478,4.5
9449,HP Mobile Model 9449,"108MP Camera, 5000mAh Battery, 5G",8,32216,3.2
9450,Acer Laptop Model 9450,"i7, 16GB RAM, 512GB SSD",45,30071,4.6
9451,Apple Smartwatch Model 9451,"SpO2, AMOLED Display",25,70174,4.1
9452,Xiaomi Mobile Model 9452,"108MP Camera, 6000mAh Battery, 5G",38,46672,4.5
9453,Samsung Smartwatch Model 9453,"GPS, LCD Display",42,39794,4.5
9454,Lenovo Laptop Model 9454,"i5, 8GB RAM, 256GB SSD",20,56683,3.1
9455,Asus Mobile Model 9455,"50MP Camera, 5000mAh Battery, 5G",24,99522,3.7
9456,Samsung Mobile Model 9456,"108MP Camera, 6000mAh Battery, 5G",39,117339,4.8
9457,Samsung Mobile Model 9457,"50MP Camera, 6000mAh Battery, 5G",28,88919,4.5
9458,Apple Smartwatch Model 9458,"Heart Rate, AMOLED Display",50,18975,4.0
9459,OnePlus Mobile Model 9459,"50MP Camera, 4000mAh Battery, 5G",43,109596,3.8
9460,Xiaomi Smartwatch Model 9460,"Heart Rate, LCD Display",21,33299,4.3
9461,HP Mobile Model 9461,"50MP Camera, 5000mAh Battery, 5G",34,85513,4.4
9462,HP Smartwatch Model 9462,"Heart Rate, AMOLED Display",35,130184,4.7
9463,Lenovo Laptop Model 9463,"Ryzen 7, 16GB RAM, 256GB SSD",11,100001,3.9
9464,Acer Mobile Model 9464,"64MP Camera, 4000mAh Battery, 5G",23,105444,3.4
9465,Lenovo Mobile Model 9465,"50MP Camera, 5000mAh Battery, 5G",7,106743,3.8
9466,OnePlus Mobile Model 9466,"50MP Camera, 5000mAh Battery, 5G",44,30565,4.8
9467,Sony Smartwatch Model 9467,"Heart Rate, LCD Display",32,119968,4.8
9468,Dell Mobile Model 9468,"50MP Camera, 6000mAh Battery, 5G",9,122768,3.2
9469,Apple Smartwatch Model 9469,"SpO2, AMOLED Display",49,122781,4.3
9470,Xiaomi Laptop Model 9470,"i7, 16GB RAM, 256GB SSD",5,114004,4.9
9471,Acer Laptop Model 9471,"i7, 32GB RAM, 1TB SSD",44,53321,4.4
9472,Acer Mobile Model 9472,"64MP Camera, 6000mAh Battery, 5G",20,127344,3.6
9473,Lenovo Mobile Model 9473,"50MP Camera, 4000mAh Battery, 5G",32,116164,3.8
9474,Acer Smartwatch Model 9474,"SpO2, LCD Display",46,127259,3.4
9475,Samsung Mobile Model 9475,"64MP Camera, 4000mAh Battery, 5G",9,29599,3.4
9476,Lenovo Mobile Model 9476,"64MP Camera, 5000mAh Battery, 5G",21,51407,4.4
9477,Asus Laptop Model 9477,"Ryzen 5, 16GB RAM, 256GB SSD",24,128815,3.0
9478,Xiaomi Laptop Model 9478,"i7, 8GB RAM, 512GB SSD",26,50131,4.3
9479,Apple Smartwatch Model 9479,"SpO2, AMOLED Display",8,23154,4.0
9480,Lenovo Mobile Model 9480,"108MP Camera, 5000mAh Battery, 5G",41,114636,3.8
9481,Acer Mobile Model 9481,"108MP Camera, 5000mAh Battery, 5G",47,42858,4.9
9482,Asus Laptop Model 9482,"i7, 32GB RAM, 1TB SSD",43,39729,4.8
9483,Samsung Laptop Model 9483,"Ryzen 5, 8GB RAM, 512GB SSD",22,124582,3.0
9484,OnePlus Mobile Model 9484,"108MP Camera, 5000mAh Battery, 5G",35,96321,4.4
9485,OnePlus Mobile Model 9485,"50MP Camera, 6000mAh Battery, 5G",48,108050,4.9
9486,Samsung Laptop Model 9486,"Ryzen 7, 32GB RAM, 256GB SSD",45,103394,4.6
9487,OnePlus Mobile Model 9487,"108MP Camera, 4000mAh Battery, 5G",28,117426,3.3
9488,Acer Smartwatch Model 9488,"Heart Rate, AMOLED Display",39,102284,4.1
9489,Xiaomi Mobile Model 9489,"50MP Camera, 6000mAh Battery, 5G",22,133708,4.9
9490,Lenovo Mobile Model 9490,"50MP Camera, 6000mAh Battery, 5G",15,94267,4.8
9491,Lenovo Smartwatch Model 9491,"GPS, LCD Display",10,144514,3.2
9492,Lenovo Mobile Model 9492,"108MP Camera, 6000mAh Battery, 5G",16,10184,4.5
9493,Lenovo Smartwatch Model 9493,"GPS, LCD Display",13,62048,4.9
9494,Samsung Smartwatch Model 9494,"GPS, AMOLED Display",31,45617,4.7
9495,Asus Smartwatch Model 9495,"SpO2, LCD Display",14,142655,4.5
9496,Asus Smartwatch Model 9496,"GPS, AMOLED Display",22,14585,4.4
9497,Samsung Laptop Model 9497,"i5, 16GB RAM, 256GB SSD",35,74806,3.0
9498,Dell Mobile Model 9498,"50MP Camera, 6000mAh Battery, 5G",19,35937,3.3
9499,HP Laptop Model 9499,"Ryzen 7, 8GB RAM, 1TB SSD",15,131976,3.5
9500,HP Laptop Model 9500,"i7, 32GB RAM, 512GB SSD",5,79142,4.4
9501,Asus Laptop Model 9501,"Ryzen 5, 16GB RAM, 256GB SSD",19,55012,3.4
9502,Dell Laptop Model 9502,"i5, 16GB RAM, 1TB SSD",38,133630,4.3
9503,Samsung Laptop Model 9503,"Ryzen 5, 16GB RAM, 256GB SSD",48,92271,4.0
9504,Xiaomi Smartwatch Model 9504,"GPS, AMOLED Display",43,12189,4.4
9505,Apple Smartwatch Model 9505,"GPS, LCD Display",14,56070,4.5
9506,Lenovo Smartwatch Model 9506,"Heart Rate, LCD Display",40,26751,3.9
9507,Acer Laptop Model 9507,"i5, 16GB RAM, 1TB SSD",41,62839,3.5
9508,Samsung Smartwatch Model 9508,"SpO2, LCD Display",47,141626,4.4
9509,Apple Laptop Model 9509,"i7, 32GB RAM, 512GB SSD",22,52150,4.2
9510,Samsung Laptop Model 9510,"Ryzen 7, 16GB RAM, 1TB SSD",30,88466,4.6
9511,Acer Laptop Model 9511,"i7, 8GB RAM, 1TB SSD",17,9632,4.8
9512,Asus Mobile Model 9512,"50MP Camera, 6000mAh Battery, 5G",39,139901,3.0
9513,Dell Mobile Model 9513,"50MP Camera, 5000mAh Battery, 5G",31,60425,3.0
9514,Sony Smartwatch Model 9514,"GPS, LCD Display",45,145776,4.0
9515,Sony Mobile Model 9515,"50MP Camera, 6000mAh Battery, 5G",13,145984,4.0
9516,Xiaomi Laptop Model 9516,"i5, 32GB RAM, 512GB SSD",40,35395,4.4
9517,Lenovo Laptop Model 9517,"Ryzen 7, 8GB RAM, 256GB SSD",39,114733,4.6
9518,OnePlus Mobile Model 9518,"108MP Camera, 6000mAh Battery, 5G",30,149214,4.1
9519,Sony Mobile Model 9519,"108MP Camera, 4000mAh Battery, 5G",28,33312,4.3
9520,Sony Laptop Model 9520,"Ryzen 5, 32GB RAM, 1TB SSD",15,74596,3.5
9521,OnePlus Smartwatch Model 9521,"SpO2, LCD Display",32,35652,3.5
9522,Lenovo Mobile Model 9522,"50MP Camera, 5000mAh Battery, 5G",18,139761,4.1
9523,Samsung Smartwatch Model 9523,"SpO2, AMOLED Display",46,75085,3.2
9524,Sony Smartwatch Model 9524,"SpO2, LCD Display",7,43022,3.3
9525,Asus Mobile Model 9525,"64MP Camera, 4000mAh Battery, 5G",43,62128,4.4
9526,Xiaomi Mobile Model 9526,"108MP Camera, 6000mAh Battery, 5G",24,101676,3.3
9527,Dell Laptop Model 9527,"Ryzen 5, 16GB RAM, 256GB SSD",23,125006,4.8
9528,Samsung Smartwatch Model 9528,"SpO2, AMOLED Display",21,75760,3.2
9529,Acer Laptop Model 9529,"Ryzen 5, 8GB RAM, 256GB SSD",40,81275,4.4
9530,HP Smartwatch Model 9530,"GPS, LCD Display",33,89973,4.6
9531,Asus Laptop Model 9531,"Ryzen 7, 16GB RAM, 1TB SSD",25,93614,3.3
9532,Xiaomi Laptop Model 9532,"i5, 32GB RAM, 256GB SSD",46,119604,4.3
9533,Asus Smartwatch Model 9533,"SpO2, AMOLED Display",31,26219,3.6
9534,Acer Laptop Model 9534,"Ryzen 7, 16GB RAM, 256GB SSD",30,93590,4.9
9535,Apple Laptop Model 9535,"Ryzen 5, 8GB RAM, 512GB SSD",20,109880,4.5
9536,Sony Mobile Model 9536,"108MP Camera, 6000mAh Battery, 5G",40,6393,3.3
9537,Xiaomi Mobile Model 9537,"50MP Camera, 5000mAh Battery, 5G",31,40806,4.3
9538,Dell Mobile Model 9538,"50MP Camera, 6000mAh Battery, 5G",47,147542,3.7
9539,Apple Smartwatch Model 9539,"GPS, AMOLED Display",36,14356,4.6
9540,Apple Smartwatch Model 9540,"SpO2, AMOLED Display",19,6242,3.1
9541,Apple Smartwatch Model 9541,"Heart Rate, AMOLED Display",33,91198,4.3
9542,Apple Mobile Model 9542,"64MP Camera, 4000mAh Battery, 5G",23,13004,4.7
9543,Acer Smartwatch Model 9543,"Heart Rate, LCD Display",6,130804,3.0
9544,Samsung Laptop Model 9544,"Ryzen 5, 16GB RAM, 1TB SSD",47,130093,4.3
9545,Samsung Mobile Model 9545,"50MP Camera, 6000mAh Battery, 5G",8,106181,4.3
9546,Samsung Laptop Model 9546,"Ryzen 5, 32GB RAM, 512GB SSD",47,90972,4.2
9547,Dell Laptop Model 9547,"Ryzen 7, 8GB RAM, 1TB SSD",5,70215,3.0
9548,Xiaomi Mobile Model 9548,"64MP Camera, 6000mAh Battery, 5G",6,129840,3.8
9549,Lenovo Smartwatch Model 9549,"GPS, AMOLED Display",10,42331,4.6
9550,Dell Laptop Model 9550,"Ryzen 7, 32GB RAM, 512GB SSD",14,98376,3.8
9551,Dell Mobile Model 9551,"64MP Camera, 6000mAh Battery, 5G",21,98301,3.3
9552,Dell Laptop Model 9552,"i7, 16GB RAM, 256GB SSD",47,120537,4.9
9553,Samsung Smartwatch Model 9553,"Heart Rate, LCD Display",34,118276,4.8
9554,Lenovo Mobile Model 9554,"50MP Camera, 6000mAh Battery, 5G",32,103557,4.3
9555,Apple Laptop Model 9555,"i5, 32GB RAM, 512GB SSD",24,96365,4.3
9556,Asus Laptop Model 9556,"Ryzen 5, 32GB RAM, 256GB SSD",36,112929,3.7
9557,Sony Laptop Model 9557,"Ryzen 7, 8GB RAM, 512GB SSD",9,107030,4.8
9558,Acer Laptop Model 9558,"i5, 32GB RAM, 1TB SSD",24,147435,4.1
9559,Asus Smartwatch Model 9559,"GPS, AMOLED Display",35,128625,4.0
9560,Acer Mobile Model 9560,"64MP Camera, 6000mAh Battery, 5G",36,62332,3.9
9561,Sony Laptop Model 9561,"i7, 8GB RAM, 256GB SSD",21,34328,4.4
9562,HP Smartwatch Model 9562,"SpO2, LCD Display",23,15831,4.5
9563,Samsung Smartwatch Model 9563,"SpO2, AMOLED Display",45,130628,4.3
9564,OnePlus Laptop Model 9564,"Ryzen 7, 16GB RAM, 512GB SSD",18,131329,3.4
9565,Asus Laptop Model 9565,"Ryzen 7, 32GB RAM, 1TB SSD",13,44185,3.3
9566,Lenovo Smartwatch Model 9566,"Heart Rate, AMOLED Display",48,117831,3.7
9567,OnePlus Mobile Model 9567,"50MP Camera, 4000mAh Battery, 5G",8,141888,4.1
9568,Dell Mobile Model 9568,"108MP Camera, 5000mAh Battery, 5G",24,117346,4.6
9569,Sony Smartwatch Model 9569,"Heart Rate, LCD Display",36,5365,4.5
9570,Apple Mobile Model 9570,"50MP Camera, 5000mAh Battery, 5G",49,105755,4.2
9571,Asus Laptop Model 9571,"Ryzen 5, 16GB RAM, 1TB SSD",19,114519,4.4
9572,HP Laptop Model 9572,"i5, 8GB RAM, 256GB SSD",41,37944,3.2
9573,Apple Laptop Model 9573,"Ryzen 7, 16GB RAM, 512GB SSD",38,113889,4.1
9574,Asus Smartwatch Model 9574,"Heart Rate, LCD Display",24,136060,4.4
9575,Acer Mobile Model 9575,"108MP Camera, 6000mAh Battery, 5G",19,124645,4.6
9576,HP Mobile Model 9576,"64MP Camera, 5000mAh Battery, 5G",37,71124,4.3
9577,Xiaomi Laptop Model 9577,"Ryzen 5, 32GB RAM, 256GB SSD",6,5161,4.8
9578,Xiaomi Laptop Model 9578,"Ryzen 7, 8GB RAM, 512GB SSD",6,15534,5.0
9579,Dell Smartwatch Model 9579,"GPS, AMOLED Display",17,104356,3.7
9580,Xiaomi Smartwatch Model 9580,"Heart Rate, LCD Display",5,69965,4.4
9581,Dell Laptop Model 9581,"i7, 8GB RAM, 1TB SSD",12,8176,3.1
9582,HP Laptop Model 9582,"Ryzen 7, 32GB RAM, 256GB SSD",28,9174,3.4
9583,Lenovo Smartwatch Model 9583,"GPS, LCD Display",9,98294,3.5
9584,Asus Mobile Model 9584,"64MP Camera, 4000mAh Battery, 5G",35,73767,3.8
9585,Samsung Laptop Model 9585,"i5, 8GB RAM, 512GB SSD",46,140734,3.1
9586,HP Smartwatch Model 9586,"SpO2, LCD Display",26,139731,4.9
9587,Xiaomi Laptop Model 9587,"Ryzen 7, 16GB RAM, 512GB SSD",42,60809,3.2
9588,Sony Mobile Model 9588,"108MP Camera, 4000mAh Battery, 5G",45,46480,4.0
9589,Sony Laptop Model 9589,"Ryzen 7, 32GB RAM, 256GB SSD",22,121089,4.2
9590,Acer Smartwatch Model 9590,"GPS, AMOLED Display",30,141780,3.6
9591,HP Laptop Model 9591,"i5, 32GB RAM, 256GB SSD",29,103043,4.5
9592,OnePlus Mobile Model 9592,"64MP Camera, 5000mAh Battery, 5G",33,13598,4.1
9593,Apple Mobile Model 9593,"50MP Camera, 4000mAh Battery, 5G",18,6848,3.3
9594,Acer Laptop Model 9594,"Ryzen 5, 16GB RAM, 1TB SSD",29,70981,3.5
9595,Asus Smartwatch Model 9595,"SpO2, LCD Display",25,29848,4.7
9596,Sony Mobile Model 9596,"50MP Camera, 5000mAh Battery, 5G",25,127710,4.1
9597,Acer Mobile Model 9597,"108MP Camera, 5000mAh Battery, 5G",25,95112,4.3
9598,Dell Smartwatch Model 9598,"Heart Rate, AMOLED Display",11,5814,4.8
9599,Dell Smartwatch Model 9599,"GPS, LCD Display",35,53660,4.3
9600,Xiaomi Mobile Model 9600,"50MP Camera, 5000mAh Battery, 5G",35,10584,3.9
9601,Lenovo Laptop Model 9601,"Ryzen 7, 32GB RAM, 512GB SSD",42,83262,3.9
9602,OnePlus Smartwatch Model 9602,"Heart Rate, AMOLED Display",25,8964,3.1
9603,Samsung Laptop Model 9603,"Ryzen 7, 8GB RAM, 256GB SSD",39,31706,4.8
9604,OnePlus Laptop Model 9604,"i7, 8GB RAM, 512GB SSD",20,62197,4.2
9605,Apple Laptop Model 9605,"i7, 32GB RAM, 512GB SSD",24,69784,3.7
9606,Samsung Mobile Model 9606,"50MP Camera, 5000mAh Battery, 5G",36,136754,3.2
9607,Asus Smartwatch Model 9607,"SpO2, AMOLED Display",12,73109,4.9
9608,HP Mobile Model 9608,"108MP Camera, 4000mAh Battery, 5G",16,76965,4.5
9609,OnePlus Mobile Model 9609,"50MP Camera, 4000mAh Battery, 5G",9,54818,4.5
9610,Dell Smartwatch Model 9610,"Heart Rate, LCD Display",21,109028,3.4
9611,HP Mobile Model 9611,"108MP Camera, 4000mAh Battery, 5G",11,54456,4.9
9612,HP Laptop Model 9612,"Ryzen 7, 16GB RAM, 512GB SSD",20,148445,4.6
9613,Xiaomi Laptop Model 9613,"i7, 32GB RAM, 1TB SSD",46,61562,5.0
9614,HP Mobile Model 9614,"108MP Camera, 4000mAh Battery, 5G",5,101155,4.2
9615,Sony Smartwatch Model 9615,"GPS, LCD Display",10,89595,3.9
9616,Apple Smartwatch Model 9616,"SpO2, AMOLED Display",18,17131,4.2
9617,Sony Smartwatch Model 9617,"SpO2, LCD Display",20,24435,5.0
9618,Sony Laptop Model 9618,"Ryzen 5, 32GB RAM, 256GB SSD",10,8384,3.8
9619,Sony Smartwatch Model 9619,"GPS, AMOLED Display",48,53737,3.9
9620,HP Mobile Model 9620,"64MP Camera, 5000mAh Battery, 5G",46,94376,3.2
9621,OnePlus Laptop Model 9621,"i5, 32GB RAM, 512GB SSD",28,6880,3.2
9622,Apple Smartwatch Model 9622,"SpO2, LCD Display",45,69629,4.0
9623,HP Laptop Model 9623,"i7, 32GB RAM, 512GB SSD",45,149986,3.3
9624,Samsung Smartwatch Model 9624,"Heart Rate, LCD Display",6,117539,4.3
9625,Samsung Smartwatch Model 9625,"GPS, AMOLED Display",15,33732,3.3
9626,Xiaomi Smartwatch Model 9626,"GPS, LCD Display",24,149502,5.0
9627,Apple Smartwatch Model 9627,"SpO2, LCD Display",13,58364,4.2
9628,Dell Smartwatch Model 9628,"SpO2, AMOLED Display",50,37119,4.1
9629,Asus Laptop Model 9629,"Ryzen 7, 32GB RAM, 1TB SSD",10,23716,3.8
9630,Acer Mobile Model 9630,"50MP Camera, 4000mAh Battery, 5G",37,81932,3.6
9631,Xiaomi Mobile Model 9631,"64MP Camera, 4000mAh Battery, 5G",40,43080,4.5
9632,Asus Laptop Model 9632,"i5, 16GB RAM, 512GB SSD",9,59606,3.1
9633,Lenovo Smartwatch Model 9633,"GPS, LCD Display",43,141444,3.1
9634,Asus Mobile Model 9634,"108MP Camera, 4000mAh Battery, 5G",29,10692,4.8
9635,HP Mobile Model 9635,"108MP Camera, 6000mAh Battery, 5G",10,74060,3.3
9636,Samsung Mobile Model 9636,"64MP Camera, 6000mAh Battery, 5G",6,135419,3.2
9637,HP Smartwatch Model 9637,"GPS, AMOLED Display",10,67203,3.8
9638,Dell Laptop Model 9638,"i5, 32GB RAM, 1TB SSD",20,60966,4.2
9639,Samsung Mobile Model 9639,"50MP Camera, 6000mAh Battery, 5G",40,53913,4.8
9640,Xiaomi Laptop Model 9640,"Ryzen 7, 16GB RAM, 256GB SSD",43,53121,3.3
9641,Asus Laptop Model 9641,"i7, 16GB RAM, 512GB SSD",44,71886,3.7
9642,HP Laptop Model 9642,"Ryzen 5, 32GB RAM, 1TB SSD",36,9698,4.8
9643,Acer Laptop Model 9643,"i5, 32GB RAM, 256GB SSD",8,114902,4.1
9644,Dell Mobile Model 9644,"108MP Camera, 5000mAh Battery, 5G",17,140289,3.0
9645,HP Laptop Model 9645,"Ryzen 5, 32GB RAM, 512GB SSD",36,96713,4.7
9646,Acer Laptop Model 9646,"Ryzen 5, 16GB RAM, 1TB SSD",22,144625,3.9
9647,Samsung Smartwatch Model 9647,"GPS, AMOLED Display",10,100835,4.9
9648,Samsung Mobile Model 9648,"108MP Camera, 4000mAh Battery, 5G",10,141899,3.4
9649,Sony Laptop Model 9649,"Ryzen 7, 16GB RAM, 1TB SSD",7,61446,4.9
9650,Dell Smartwatch Model 9650,"Heart Rate, LCD Display",24,55535,3.8
9651,Xiaomi Laptop Model 9651,"i7, 8GB RAM, 512GB SSD",36,49525,4.0
9652,Lenovo Laptop Model 9652,"Ryzen 7, 8GB RAM, 512GB SSD",43,139676,3.8
9653,HP Mobile Model 9653,"50MP Camera, 6000mAh Battery, 5G",19,14183,3.2
9654,HP Mobile Model 9654,"108MP Camera, 5000mAh Battery, 5G",34,108132,4.2
9655,Apple Laptop Model 9655,"Ryzen 7, 16GB RAM, 1TB SSD",38,48515,4.6
9656,OnePlus Smartwatch Model 9656,"Heart Rate, AMOLED Display",20,25132,3.1
9657,OnePlus Mobile Model 9657,"108MP Camera, 5000mAh Battery, 5G",12,99538,5.0
9658,Samsung Laptop Model 9658,"i7, 16GB RAM, 256GB SSD",50,94203,3.1
9659,Xiaomi Laptop Model 9659,"i7, 8GB RAM, 256GB SSD",10,93569,3.2
9660,Acer Mobile Model 9660,"108MP Camera, 4000mAh Battery, 5G",26,125071,4.4
9661,Asus Mobile Model 9661,"108MP Camera, 6000mAh Battery, 5G",33,123850,4.1
9662,Xiaomi Laptop Model 9662,"Ryzen 5, 8GB RAM, 1TB SSD",37,102635,4.6
9663,OnePlus Smartwatch Model 9663,"GPS, LCD Display",41,97272,3.4
9664,Xiaomi Mobile Model 9664,"50MP Camera, 4000mAh Battery, 5G",34,122808,3.4
9665,Apple Mobile Model 9665,"50MP Camera, 4000mAh Battery, 5G",8,64676,3.8
9666,OnePlus Laptop Model 9666,"i5, 32GB RAM, 256GB SSD",46,134009,3.3
9667,Apple Mobile Model 9667,"108MP Camera, 4000mAh Battery, 5G",34,76927,4.3
9668,HP Smartwatch Model 9668,"SpO2, LCD Display",9,18209,5.0
9669,Dell Laptop Model 9669,"i7, 32GB RAM, 256GB SSD",40,36382,3.4
9670,Asus Laptop Model 9670,"i5, 16GB RAM, 512GB SSD",14,52012,3.6
9671,HP Laptop Model 9671,"Ryzen 5, 16GB RAM, 1TB SSD",44,118190,3.1
9672,OnePlus Laptop Model 9672,"Ryzen 5, 8GB RAM, 512GB SSD",42,94466,4.6
9673,HP Mobile Model 9673,"64MP Camera, 4000mAh Battery, 5G",7,57133,4.9
9674,OnePlus Mobile Model 9674,"64MP Camera, 4000mAh Battery, 5G",17,26977,3.8
9675,Acer Laptop Model 9675,"Ryzen 5, 16GB RAM, 256GB SSD",30,14692,3.7
9676,OnePlus Laptop Model 9676,"Ryzen 5, 16GB RAM, 1TB SSD",41,63036,4.3
9677,HP Smartwatch Model 9677,"SpO2, AMOLED Display",50,33459,3.3
9678,OnePlus Mobile Model 9678,"108MP Camera, 6000mAh Battery, 5G",49,39085,4.3
9679,HP Smartwatch Model 9679,"GPS, AMOLED Display",48,47461,4.2
9680,HP Smartwatch Model 9680,"Heart Rate, AMOLED Display",16,124517,4.6
9681,Dell Mobile Model 9681,"64MP Camera, 6000mAh Battery, 5G",35,101014,3.6
9682,Lenovo Smartwatch Model 9682,"GPS, AMOLED Display",6,100998,4.6
9683,Apple Laptop Model 9683,"i7, 16GB RAM, 1TB SSD",8,82797,3.1
9684,Apple Laptop Model 9684,"Ryzen 5, 8GB RAM, 1TB SSD",14,119820,3.0
9685,Asus Mobile Model 9685,"108MP Camera, 4000mAh Battery, 5G",15,127124,3.9
9686,Dell Mobile Model 9686,"50MP Camera, 4000mAh Battery, 5G",15,118328,4.8
9687,Dell Smartwatch Model 9687,"Heart Rate, AMOLED Display",8,29298,4.2
9688,Samsung Mobile Model 9688,"64MP Camera, 5000mAh Battery, 5G",20,125952,3.2
9689,Lenovo Laptop Model 9689,"i5, 16GB RAM, 1TB SSD",31,98459,3.9
9690,Dell Laptop Model 9690,"i5, 32GB RAM, 1TB SSD",49,19636,4.0
9691,OnePlus Smartwatch Model 9691,"Heart Rate, LCD Display",30,91260,3.6
9692,OnePlus Smartwatch Model 9692,"SpO2, AMOLED Display",20,31305,4.8
9693,OnePlus Mobile Model 9693,"108MP Camera, 6000mAh Battery, 5G",40,54203,4.1
9694,Dell Smartwatch Model 9694,"GPS, LCD Display",29,51542,3.0
9695,Apple Smartwatch Model 9695,"Heart Rate, LCD Display",17,20788,4.1
9696,Samsung Smartwatch Model 9696,"SpO2, AMOLED Display",8,79345,4.0
9697,Asus Mobile Model 9697,"108MP Camera, 6000mAh Battery, 5G",13,116742,3.9
9698,Sony Laptop Model 9698,"Ryzen 7, 8GB RAM, 1TB SSD",29,87861,3.4
9699,OnePlus Laptop Model 9699,"Ryzen 5, 32GB RAM, 256GB SSD",29,145341,3.4
9700,Samsung Laptop Model 9700,"Ryzen 7, 8GB RAM, 512GB SSD",39,104753,4.5
9701,Acer Mobile Model 9701,"50MP Camera, 6000mAh Battery, 5G",35,53961,3.8
9702,Sony Laptop Model 9702,"Ryzen 5, 16GB RAM, 1TB SSD",23,14732,4.6
9703,OnePlus Laptop Model 9703,"i5, 32GB RAM, 512GB SSD",15,145722,3.2
9704,Xiaomi Laptop Model 9704,"i7, 32GB RAM, 512GB SSD",22,10167,3.0
9705,Sony Mobile Model 9705,"64MP Camera, 6000mAh Battery, 5G",18,148636,3.1
9706,Asus Smartwatch Model 9706,"Heart Rate, LCD Display",50,32099,4.3
9707,OnePlus Mobile Model 9707,"64MP Camera, 4000mAh Battery, 5G",45,107820,3.3
9708,Acer Mobile Model 9708,"64MP Camera, 6000mAh Battery, 5G",9,137639,4.9
9709,Sony Laptop Model 9709,"Ryzen 5, 8GB RAM, 256GB SSD",10,41327,4.9
9710,HP Laptop Model 9710,"i7, 16GB RAM, 256GB SSD",10,83173,4.9
9711,Dell Smartwatch Model 9711,"Heart Rate, AMOLED Display",9,31572,4.7
9712,Apple Smartwatch Model 9712,"SpO2, AMOLED Display",48,11726,3.2
9713,Xiaomi Laptop Model 9713,"i5, 32GB RAM, 1TB SSD",44,92739,3.2
9714,Xiaomi Mobile Model 9714,"50MP Camera, 6000mAh Battery, 5G",22,98707,4.7
9715,Apple Mobile Model 9715,"108MP Camera, 6000mAh Battery, 5G",17,9893,3.3
9716,Apple Laptop Model 9716,"i7, 16GB RAM, 256GB SSD",33,13917,3.0
9717,OnePlus Laptop Model 9717,"Ryzen 5, 16GB RAM, 256GB SSD",8,114792,4.4
9718,Dell Smartwatch Model 9718,"GPS, LCD Display",33,31777,3.3
9719,Xiaomi Smartwatch Model 9719,"SpO2, AMOLED Display",43,119787,4.4
9720,Dell Smartwatch Model 9720,"GPS, LCD Display",28,121124,3.6
9721,Asus Laptop Model 9721,"Ryzen 5, 8GB RAM, 256GB SSD",43,68056,4.8
9722,Sony Smartwatch Model 9722,"SpO2, LCD Display",34,98706,3.2
9723,Sony Smartwatch Model 9723,"SpO2, AMOLED Display",11,23278,4.7
9724,Lenovo Laptop Model 9724,"Ryzen 5, 16GB RAM, 256GB SSD",31,99566,4.5
9725,Apple Smartwatch Model 9725,"SpO2, AMOLED Display",46,108180,3.1
9726,Samsung Smartwatch Model 9726,"GPS, AMOLED Display",35,57541,3.3
9727,Acer Laptop Model 9727,"i7, 8GB RAM, 256GB SSD",42,36217,3.4
9728,Xiaomi Smartwatch Model 9728,"SpO2, LCD Display",9,56424,4.3
9729,HP Mobile Model 9729,"50MP Camera, 4000mAh Battery, 5G",44,99340,3.9
9730,Sony Smartwatch Model 9730,"SpO2, AMOLED Display",41,94790,4.7
9731,Acer Mobile Model 9731,"108MP Camera, 4000mAh Battery, 5G",22,111156,3.2
9732,Samsung Smartwatch Model 9732,"GPS, LCD Display",24,90282,3.3
9733,Sony Smartwatch Model 9733,"GPS, LCD Display",31,131357,4.0
9734,HP Mobile Model 9734,"50MP Camera, 5000mAh Battery, 5G",34,47466,3.6
9735,Asus Laptop Model 9735,"i7, 32GB RAM, 256GB SSD",49,123104,4.6
9736,HP Mobile Model 9736,"108MP Camera, 6000mAh Battery, 5G",28,96832,4.5
9737,Dell Mobile Model 9737,"50MP Camera, 6000mAh Battery, 5G",41,21922,4.0
9738,Lenovo Smartwatch Model 9738,"GPS, LCD Display",20,120895,4.8
9739,Samsung Mobile Model 9739,"64MP Camera, 6000mAh Battery, 5G",49,28710,3.9
9740,Xiaomi Smartwatch Model 9740,"Heart Rate, LCD Display",38,11251,4.2
9741,Acer Smartwatch Model 9741,"Heart Rate, LCD Display",50,93403,4.1
9742,Apple Smartwatch Model 9742,"GPS, AMOLED Display",21,108134,4.6
9743,HP Mobile Model 9743,"108MP Camera, 6000mAh Battery, 5G",49,118572,4.7
9744,Apple Laptop Model 9744,"i5, 16GB RAM, 256GB SSD",49,46556,4.6
9745,Lenovo Mobile Model 9745,"50MP Camera, 5000mAh Battery, 5G",14,76583,4.3
9746,Samsung Mobile Model 9746,"108MP Camera, 4000mAh Battery, 5G",44,86643,3.3
9747,Samsung Mobile Model 9747,"108MP Camera, 6000mAh Battery, 5G",18,30144,3.1
9748,OnePlus Smartwatch Model 9748,"SpO2, AMOLED Display",24,122608,4.2
9749,Acer Laptop Model 9749,"i5, 16GB RAM, 512GB SSD",38,33105,4.0
9750,Apple Smartwatch Model 9750,"Heart Rate, AMOLED Display",44,123868,3.6
9751,Lenovo Mobile Model 9751,"50MP Camera, 5000mAh Battery, 5G",19,113656,3.8
9752,Samsung Smartwatch Model 9752,"GPS, AMOLED Display",44,27306,4.3
9753,Xiaomi Mobile Model 9753,"64MP Camera, 4000mAh Battery, 5G",36,95605,4.8
9754,OnePlus Mobile Model 9754,"108MP Camera, 5000mAh Battery, 5G",28,37351,4.2
9755,Samsung Mobile Model 9755,"64MP Camera, 4000mAh Battery, 5G",7,127110,4.3
9756,Asus Laptop Model 9756,"i7, 32GB RAM, 256GB SSD",16,95474,3.7
9757,HP Smartwatch Model 9757,"SpO2, AMOLED Display",40,6465,4.9
9758,Dell Laptop Model 9758,"Ryzen 7, 32GB RAM, 1TB SSD",48,10982,4.0
9759,Asus Smartwatch Model 9759,"Heart Rate, AMOLED Display",48,112903,4.0
9760,Xiaomi Smartwatch Model 9760,"GPS, LCD Display",30,27247,4.6
9761,Lenovo Smartwatch Model 9761,"SpO2, AMOLED Display",49,87473,3.6
9762,Apple Smartwatch Model 9762,"Heart Rate, AMOLED Display",26,94532,3.9
9763,Lenovo Mobile Model 9763,"108MP Camera, 4000mAh Battery, 5G",37,101348,4.7
9764,Lenovo Laptop Model 9764,"Ryzen 5, 32GB RAM, 1TB SSD",11,43210,4.7
9765,Acer Smartwatch Model 9765,"Heart Rate, LCD Display",35,26007,4.4
9766,OnePlus Mobile Model 9766,"64MP Camera, 6000mAh Battery, 5G",14,67693,3.2
9767,Acer Smartwatch Model 9767,"Heart Rate, LCD Display",42,67249,3.0
9768,Dell Mobile Model 9768,"108MP Camera, 5000mAh Battery, 5G",5,128500,4.7
9769,Xiaomi Mobile Model 9769,"108MP Camera, 4000mAh Battery, 5G",22,37288,3.9
9770,Acer Smartwatch Model 9770,"SpO2, AMOLED Display",23,60860,3.8
9771,Asus Laptop Model 9771,"Ryzen 7, 32GB RAM, 256GB SSD",11,95874,3.4
9772,Asus Smartwatch Model 9772,"GPS, LCD Display",18,90948,4.4
9773,Xiaomi Smartwatch Model 9773,"GPS, LCD Display",41,73938,4.0
9774,Samsung Smartwatch Model 9774,"SpO2, LCD Display",20,111760,4.0
9775,Samsung Laptop Model 9775,"Ryzen 7, 16GB RAM, 512GB SSD",7,24293,3.8
9776,Samsung Mobile Model 9776,"64MP Camera, 6000mAh Battery, 5G",21,102840,3.7
9777,Samsung Smartwatch Model 9777,"GPS, AMOLED Display",42,136112,4.9
9778,Asus Laptop Model 9778,"Ryzen 7, 8GB RAM, 512GB SSD",6,83267,4.1
9779,Sony Smartwatch Model 9779,"GPS, AMOLED Display",24,130895,3.9
9780,HP Mobile Model 9780,"50MP Camera, 5000mAh Battery, 5G",47,137726,4.2
9781,Sony Smartwatch Model 9781,"GPS, LCD Display",45,128196,3.5
9782,Samsung Mobile Model 9782,"64MP Camera, 5000mAh Battery, 5G",20,107353,3.6
9783,Acer Laptop Model 9783,"Ryzen 5, 32GB RAM, 1TB SSD",39,5178,4.8
9784,Asus Laptop Model 9784,"Ryzen 7, 16GB RAM, 256GB SSD",7,139986,4.0
9785,Apple Mobile Model 9785,"108MP Camera, 5000mAh Battery, 5G",27,102872,3.1
9786,Samsung Smartwatch Model 9786,"SpO2, AMOLED Display",46,142177,3.9
9787,Xiaomi Laptop Model 9787,"i5, 32GB RAM, 512GB SSD",46,123349,5.0
9788,Acer Laptop Model 9788,"i7, 32GB RAM, 1TB SSD",38,63552,4.1
9789,Dell Smartwatch Model 9789,"Heart Rate, LCD Display",42,35115,3.3
9790,Apple Laptop Model 9790,"Ryzen 7, 8GB RAM, 512GB SSD",39,98498,4.0
9791,Acer Mobile Model 9791,"50MP Camera, 6000mAh Battery, 5G",11,53666,3.5
9792,OnePlus Laptop Model 9792,"i5, 16GB RAM, 512GB SSD",48,41904,3.4
9793,Apple Laptop Model 9793,"i7, 32GB RAM, 512GB SSD",31,144010,3.7
9794,Dell Mobile Model 9794,"108MP Camera, 5000mAh Battery, 5G",48,22430,3.1
9795,Sony Mobile Model 9795,"108MP Camera, 5000mAh Battery, 5G",23,102502,4.4
9796,Lenovo Laptop Model 9796,"i7, 16GB RAM, 1TB SSD",16,5668,3.6
9797,Dell Mobile Model 9797,"50MP Camera, 5000mAh Battery, 5G",6,34254,3.4
9798,OnePlus Smartwatch Model 9798,"SpO2, LCD Display",49,104484,4.8
9799,Lenovo Laptop Model 9799,"i5, 8GB RAM, 512GB SSD",40,32761,3.6
9800,Lenovo Smartwatch Model 9800,"SpO2, AMOLED Display",13,31309,4.2
9801,Asus Laptop Model 9801,"i7, 8GB RAM, 256GB SSD",44,56337,4.1
9802,Lenovo Smartwatch Model 9802,"Heart Rate, AMOLED Display",39,82913,4.9
9803,Sony Mobile Model 9803,"64MP Camera, 6000mAh Battery, 5G",29,49673,3.8
9804,Samsung Smartwatch Model 9804,"Heart Rate, LCD Display",38,114561,3.3
9805,Acer Mobile Model 9805,"108MP Camera, 6000mAh Battery, 5G",33,45512,4.2
9806,Apple Mobile Model 9806,"108MP Camera, 6000mAh Battery, 5G",31,56886,3.8
9807,OnePlus Mobile Model 9807,"108MP Camera, 5000mAh Battery, 5G",31,36262,3.0
9808,Apple Mobile Model 9808,"64MP Camera, 6000mAh Battery, 5G",24,147104,4.8
9809,Xiaomi Mobile Model 9809,"64MP Camera, 6000mAh Battery, 5G",17,147867,3.9
9810,Asus Smartwatch Model 9810,"Heart Rate, LCD Display",16,115629,3.2
9811,Sony Laptop Model 9811,"Ryzen 7, 32GB RAM, 1TB SSD",34,9852,4.5
9812,Xiaomi Smartwatch Model 9812,"SpO2, AMOLED Display",23,126388,3.6
9813,Acer Mobile Model 9813,"50MP Camera, 6000mAh Battery, 5G",5,141964,3.3
9814,Samsung Laptop Model 9814,"i5, 32GB RAM, 512GB SSD",22,70513,3.0
9815,Samsung Mobile Model 9815,"64MP Camera, 6000mAh Battery, 5G",36,61027,3.3
9816,OnePlus Laptop Model 9816,"i5, 16GB RAM, 256GB SSD",10,135909,3.3
9817,Acer Mobile Model 9817,"64MP Camera, 4000mAh Battery, 5G",34,5423,3.2
9818,Acer Laptop Model 9818,"i5, 8GB RAM, 512GB SSD",17,95186,4.0
9819,Acer Mobile Model 9819,"50MP Camera, 6000mAh Battery, 5G",15,29469,4.3
9820,Xiaomi Mobile Model 9820,"50MP Camera, 6000mAh Battery, 5G",34,147744,3.8
9821,Dell Laptop Model 9821,"i5, 16GB RAM, 512GB SSD",44,34674,4.6
9822,Apple Laptop Model 9822,"i5, 32GB RAM, 512GB SSD",30,43002,4.4
9823,Lenovo Mobile Model 9823,"64MP Camera, 5000mAh Battery, 5G",34,17092,4.0
9824,Asus Smartwatch Model 9824,"Heart Rate, AMOLED Display",38,122770,4.3
9825,Samsung Smartwatch Model 9825,"Heart Rate, AMOLED Display",35,44129,4.8
9826,Acer Laptop Model 9826,"Ryzen 7, 8GB RAM, 512GB SSD",15,94126,4.8
9827,OnePlus Laptop Model 9827,"Ryzen 7, 8GB RAM, 256GB SSD",26,127914,4.7
9828,Lenovo Smartwatch Model 9828,"SpO2, AMOLED Display",39,83982,4.3
9829,Acer Mobile Model 9829,"50MP Camera, 6000mAh Battery, 5G",14,119491,5.0
9830,Acer Mobile Model 9830,"64MP Camera, 6000mAh Battery, 5G",19,107871,3.2
9831,Lenovo Mobile Model 9831,"64MP Camera, 6000mAh Battery, 5G",27,96561,4.4
9832,HP Smartwatch Model 9832,"Heart Rate, AMOLED Display",31,128853,3.0
9833,Sony Laptop Model 9833,"i7, 32GB RAM, 512GB SSD",23,21376,4.7
9834,OnePlus Laptop Model 9834,"i5, 16GB RAM, 256GB SSD",15,97977,3.8
9835,HP Smartwatch Model 9835,"SpO2, AMOLED Display",7,48793,4.6
9836,OnePlus Mobile Model 9836,"64MP Camera, 5000mAh Battery, 5G",5,122316,3.4
9837,OnePlus Laptop Model 9837,"Ryzen 7, 8GB RAM, 1TB SSD",20,102725,4.2
9838,Acer Laptop Model 9838,"i5, 32GB RAM, 512GB SSD",6,66140,3.0
9839,Lenovo Laptop Model 9839,"Ryzen 5, 16GB RAM, 1TB SSD",41,41510,4.2
9840,Apple Laptop Model 9840,"i5, 8GB RAM, 256GB SSD",32,107233,4.1
9841,Acer Smartwatch Model 9841,"Heart Rate, LCD Display",39,130480,3.2
9842,Acer Mobile Model 9842,"108MP Camera, 4000mAh Battery, 5G",16,88013,4.1
9843,OnePlus Mobile Model 9843,"108MP Camera, 6000mAh Battery, 5G",17,35660,4.1
9844,OnePlus Smartwatch Model 9844,"GPS, LCD Display",40,70368,3.8
9845,Apple Mobile Model 9845,"108MP Camera, 5000mAh Battery, 5G",45,30251,3.8
9846,Asus Smartwatch Model 9846,"SpO2, AMOLED Display",21,57757,4.3
9847,Dell Smartwatch Model 9847,"SpO2, LCD Display",22,69878,3.9
9848,OnePlus Smartwatch Model 9848,"GPS, AMOLED Display",40,29447,4.7
9849,Asus Smartwatch Model 9849,"SpO2, AMOLED Display",26,71300,4.5
9850,Samsung Mobile Model 9850,"64MP Camera, 6000mAh Battery, 5G",26,103632,4.4
9851,Xiaomi Smartwatch Model 9851,"GPS, AMOLED Display",43,35180,4.1
9852,Dell Laptop Model 9852,"Ryzen 5, 8GB RAM, 1TB SSD",18,110183,4.2
9853,Apple Laptop Model 9853,"Ryzen 7, 16GB RAM, 256GB SSD",10,55598,4.4
9854,OnePlus Smartwatch Model 9854,"Heart Rate, LCD Display",6,140149,4.3
9855,Acer Laptop Model 9855,"i5, 8GB RAM, 256GB SSD",20,72323,4.3
9856,Sony Mobile Model 9856,"64MP Camera, 5000mAh Battery, 5G",25,139990,4.1
9857,Asus Mobile Model 9857,"64MP Camera, 5000mAh Battery, 5G",23,107132,3.6
9858,Lenovo Smartwatch Model 9858,"SpO2, LCD Display",50,122277,3.2
9859,Sony Mobile Model 9859,"50MP Camera, 4000mAh Battery, 5G",23,131752,3.3
9860,Acer Mobile Model 9860,"64MP Camera, 5000mAh Battery, 5G",7,128021,4.7
9861,Acer Smartwatch Model 9861,"Heart Rate, LCD Display",33,50869,3.4
9862,Sony Mobile Model 9862,"64MP Camera, 4000mAh Battery, 5G",33,5302,3.1
9863,Asus Smartwatch Model 9863,"SpO2, AMOLED Display",20,88497,4.9
9864,Samsung Mobile Model 9864,"50MP Camera, 5000mAh Battery, 5G",18,109642,3.5
9865,OnePlus Smartwatch Model 9865,"GPS, AMOLED Display",12,92153,4.5
9866,OnePlus Laptop Model 9866,"Ryzen 7, 8GB RAM, 512GB SSD",32,110495,3.8
9867,HP Smartwatch Model 9867,"SpO2, LCD Display",36,9875,4.4
9868,Xiaomi Laptop Model 9868,"i5, 16GB RAM, 256GB SSD",27,91619,3.4
9869,Apple Smartwatch Model 9869,"Heart Rate, LCD Display",13,101489,4.4
9870,HP Mobile Model 9870,"108MP Camera, 6000mAh Battery, 5G",41,110856,4.3
9871,Acer Mobile Model 9871,"64MP Camera, 6000mAh Battery, 5G",30,148851,4.4
9872,HP Laptop Model 9872,"Ryzen 5, 8GB RAM, 256GB SSD",23,91899,3.6
9873,Acer Smartwatch Model 9873,"GPS, AMOLED Display",16,54610,4.1
9874,Lenovo Mobile Model 9874,"108MP Camera, 4000mAh Battery, 5G",8,136498,3.7
9875,HP Mobile Model 9875,"64MP Camera, 5000mAh Battery, 5G",45,140824,4.8
9876,Dell Laptop Model 9876,"i7, 16GB RAM, 512GB SSD",19,9916,3.2
9877,Acer Smartwatch Model 9877,"SpO2, AMOLED Display",6,113143,4.5
9878,OnePlus Laptop Model 9878,"Ryzen 7, 8GB RAM, 256GB SSD",26,93677,3.0
9879,Asus Laptop Model 9879,"i7, 8GB RAM, 512GB SSD",44,51790,4.3
9880,Sony Laptop Model 9880,"i5, 32GB RAM, 256GB SSD",41,81336,3.8
9881,OnePlus Smartwatch Model 9881,"Heart Rate, AMOLED Display",34,134576,3.9
9882,Apple Mobile Model 9882,"64MP Camera, 4000mAh Battery, 5G",15,108943,5.0
9883,Xiaomi Laptop Model 9883,"i7, 8GB RAM, 512GB SSD",41,68117,4.1
9884,Apple Smartwatch Model 9884,"SpO2, LCD Display",35,91236,4.6
9885,Xiaomi Laptop Model 9885,"Ryzen 7, 8GB RAM, 1TB SSD",14,136426,3.3
9886,Sony Laptop Model 9886,"Ryzen 5, 32GB RAM, 1TB SSD",43,148432,4.4
9887,Lenovo Mobile Model 9887,"108MP Camera, 5000mAh Battery, 5G",21,58298,4.4
9888,Lenovo Mobile Model 9888,"108MP Camera, 6000mAh Battery, 5G",45,97694,3.7
9889,Samsung Laptop Model 9889,"Ryzen 7, 32GB RAM, 256GB SSD",5,6294,4.2
9890,Xiaomi Smartwatch Model 9890,"GPS, AMOLED Display",42,64051,3.1
9891,Sony Smartwatch Model 9891,"SpO2, AMOLED Display",9,71430,4.3
9892,Sony Mobile Model 9892,"50MP Camera, 6000mAh Battery, 5G",7,119097,3.0
9893,Dell Smartwatch Model 9893,"GPS, AMOLED Display",20,71290,3.8
9894,HP Laptop Model 9894,"i5, 16GB RAM, 256GB SSD",21,98155,4.0
9895,OnePlus Mobile Model 9895,"108MP Camera, 4000mAh Battery, 5G",36,50053,4.5
9896,OnePlus Mobile Model 9896,"64MP Camera, 6000mAh Battery, 5G",43,74621,3.7
9897,Dell Mobile Model 9897,"108MP Camera, 4000mAh Battery, 5G",18,34267,3.8
9898,Apple Smartwatch Model 9898,"SpO2, AMOLED Display",48,109197,3.4
9899,Xiaomi Mobile Model 9899,"50MP Camera, 5000mAh Battery, 5G",33,109440,3.8
9900,Apple Mobile Model 9900,"64MP Camera, 5000mAh Battery, 5G",8,117331,4.4
9901,Lenovo Smartwatch Model 9901,"GPS, AMOLED Display",17,17866,4.2
9902,Xiaomi Smartwatch Model 9902,"Heart Rate, LCD Display",16,33229,4.4
9903,Samsung Smartwatch Model 9903,"SpO2, LCD Display",46,83725,4.0
9904,Samsung Mobile Model 9904,"108MP Camera, 6000mAh Battery, 5G",23,7032,4.4
9905,HP Mobile Model 9905,"64MP Camera, 4000mAh Battery, 5G",26,113450,3.4
9906,Samsung Smartwatch Model 9906,"GPS, LCD Display",36,116008,3.9
9907,HP Smartwatch Model 9907,"SpO2, AMOLED Display",33,78859,4.8
9908,Samsung Smartwatch Model 9908,"SpO2, LCD Display",18,95360,4.6
9909,HP Mobile Model 9909,"64MP Camera, 4000mAh Battery, 5G",27,30439,4.9
9910,Dell Laptop Model 9910,"Ryzen 7, 8GB RAM, 1TB SSD",11,122730,4.0
9911,Xiaomi Mobile Model 9911,"108MP Camera, 4000mAh Battery, 5G",9,110957,4.2
9912,OnePlus Laptop Model 9912,"i5, 8GB RAM, 1TB SSD",17,98341,3.7
9913,Dell Mobile Model 9913,"50MP Camera, 6000mAh Battery, 5G",18,76610,4.2
9914,Apple Mobile Model 9914,"50MP Camera, 4000mAh Battery, 5G",11,92181,4.7
9915,Samsung Mobile Model 9915,"108MP Camera, 4000mAh Battery, 5G",26,112493,3.8
9916,Samsung Smartwatch Model 9916,"GPS, AMOLED Display",26,10742,3.0
9917,Xiaomi Smartwatch Model 9917,"GPS, LCD Display",25,131514,3.3
9918,HP Laptop Model 9918,"i5, 16GB RAM, 512GB SSD",13,32973,3.3
9919,HP Smartwatch Model 9919,"GPS, AMOLED Display",42,46379,3.0
9920,Asus Mobile Model 9920,"108MP Camera, 4000mAh Battery, 5G",50,93229,4.2
9921,Dell Laptop Model 9921,"i5, 8GB RAM, 256GB SSD",17,51033,3.5
9922,OnePlus Laptop Model 9922,"Ryzen 7, 16GB RAM, 1TB SSD",36,117473,4.9
9923,Asus Laptop Model 9923,"Ryzen 7, 8GB RAM, 256GB SSD",26,71818,4.7
9924,Asus Smartwatch Model 9924,"GPS, AMOLED Display",45,56333,4.5
9925,Xiaomi Mobile Model 9925,"108MP Camera, 6000mAh Battery, 5G",7,134710,3.7
9926,Samsung Laptop Model 9926,"Ryzen 5, 16GB RAM, 1TB SSD",22,33975,3.8
9927,Samsung Smartwatch Model 9927,"GPS, AMOLED Display",6,65397,5.0
9928,Asus Smartwatch Model 9928,"Heart Rate, LCD Display",12,109293,4.8
9929,Lenovo Laptop Model 9929,"i7, 8GB RAM, 512GB SSD",16,50261,3.8
9930,Xiaomi Mobile Model 9930,"64MP Camera, 6000mAh Battery, 5G",11,58363,4.0
9931,OnePlus Mobile Model 9931,"50MP Camera, 5000mAh Battery, 5G",39,117945,4.1
9932,Acer Mobile Model 9932,"50MP Camera, 6000mAh Battery, 5G",9,7518,3.9
9933,OnePlus Mobile Model 9933,"64MP Camera, 6000mAh Battery, 5G",19,145571,4.5
9934,Sony Laptop Model 9934,"Ryzen 7, 16GB RAM, 256GB SSD",43,137002,4.9
9935,Acer Smartwatch Model 9935,"SpO2, LCD Display",32,15320,3.4
9936,HP Laptop Model 9936,"Ryzen 5, 32GB RAM, 256GB SSD",15,73702,3.9
9937,Asus Mobile Model 9937,"50MP Camera, 6000mAh Battery, 5G",11,110634,3.2
9938,Asus Mobile Model 9938,"50MP Camera, 4000mAh Battery, 5G",28,112835,4.7
9939,HP Smartwatch Model 9939,"SpO2, AMOLED Display",44,21713,5.0
9940,Samsung Smartwatch Model 9940,"SpO2, LCD Display",20,33604,3.2
9941,Asus Smartwatch Model 9941,"SpO2, AMOLED Display",13,15891,3.7
9942,OnePlus Smartwatch Model 9942,"GPS, LCD Display",5,42479,4.4
9943,Xiaomi Smartwatch Model 9943,"SpO2, LCD Display",35,137677,4.7
9944,Xiaomi Mobile Model 9944,"64MP Camera, 5000mAh Battery, 5G",6,115345,4.7
9945,Asus Laptop Model 9945,"Ryzen 5, 32GB RAM, 256GB SSD",40,144511,3.5
9946,Samsung Smartwatch Model 9946,"Heart Rate, AMOLED Display",19,45599,4.4
9947,Asus Laptop Model 9947,"i7, 16GB RAM, 1TB SSD",38,135155,4.7
9948,Lenovo Mobile Model 9948,"50MP Camera, 6000mAh Battery, 5G",5,131615,4.8
9949,Apple Mobile Model 9949,"50MP Camera, 4000mAh Battery, 5G",27,121994,4.4
9950,OnePlus Smartwatch Model 9950,"Heart Rate, AMOLED Display",48,40461,4.7
9951,Sony Mobile Model 9951,"50MP Camera, 5000mAh Battery, 5G",13,124255,3.8
9952,Acer Smartwatch Model 9952,"GPS, LCD Display",19,87881,4.5
9953,Sony Laptop Model 9953,"Ryzen 5, 32GB RAM, 256GB SSD",33,108046,3.1
9954,Asus Laptop Model 9954,"Ryzen 5, 8GB RAM, 1TB SSD",37,92898,3.8
9955,Asus Laptop Model 9955,"i7, 32GB RAM, 512GB SSD",6,113957,3.3
9956,Asus Laptop Model 9956,"Ryzen 7, 32GB RAM, 1TB SSD",20,88586,3.0
9957,Asus Mobile Model 9957,"50MP Camera, 6000mAh Battery, 5G",29,117840,3.7
9958,Acer Mobile Model 9958,"64MP Camera, 4000mAh Battery, 5G",10,72306,4.7
9959,Acer Laptop Model 9959,"Ryzen 5, 16GB RAM, 512GB SSD",44,82718,4.1
9960,Apple Laptop Model 9960,"Ryzen 7, 8GB RAM, 256GB SSD",11,11700,4.8
9961,Acer Mobile Model 9961,"108MP Camera, 5000mAh Battery, 5G",17,99519,3.3
9962,Apple Mobile Model 9962,"108MP Camera, 5000mAh Battery, 5G",13,149162,4.1
9963,Asus Laptop Model 9963,"i7, 16GB RAM, 1TB SSD",35,46503,4.9
9964,Apple Mobile Model 9964,"64MP Camera, 6000mAh Battery, 5G",29,93698,4.0
9965,Acer Smartwatch Model 9965,"Heart Rate, LCD Display",39,141461,4.2
9966,Sony Smartwatch Model 9966,"SpO2, AMOLED Display",32,48279,4.0
9967,Acer Mobile Model 9967,"50MP Camera, 4000mAh Battery, 5G",13,48118,4.9
9968,Dell Laptop Model 9968,"i7, 32GB RAM, 1TB SSD",47,57941,4.0
9969,Asus Smartwatch Model 9969,"GPS, AMOLED Display",18,13341,3.3
9970,Sony Laptop Model 9970,"i5, 8GB RAM, 1TB SSD",50,135045,3.4
9971,OnePlus Smartwatch Model 9971,"SpO2, LCD Display",48,66781,4.9
9972,HP Laptop Model 9972,"Ryzen 7, 32GB RAM, 256GB SSD",48,50607,3.6
9973,Acer Laptop Model 9973,"i7, 16GB RAM, 512GB SSD",50,146684,4.8
9974,OnePlus Mobile Model 9974,"50MP Camera, 6000mAh Battery, 5G",19,46673,3.2
9975,Lenovo Laptop Model 9975,"Ryzen 7, 8GB RAM, 512GB SSD",45,43931,4.1
9976,HP Laptop Model 9976,"Ryzen 5, 8GB RAM, 256GB SSD",11,84933,4.0
9977,Dell Smartwatch Model 9977,"Heart Rate, LCD Display",40,15742,4.6
9978,Dell Laptop Model 9978,"Ryzen 7, 32GB RAM, 512GB SSD",37,24738,3.2
9979,HP Mobile Model 9979,"108MP Camera, 6000mAh Battery, 5G",36,16629,4.1
9980,HP Laptop Model 9980,"i5, 8GB RAM, 256GB SSD",10,82736,3.5
9981,Dell Laptop Model 9981,"i5, 32GB RAM, 512GB SSD",24,38255,3.9
9982,Samsung Mobile Model 9982,"64MP Camera, 6000mAh Battery, 5G",26,28725,4.9
9983,Apple Laptop Model 9983,"i5, 16GB RAM, 1TB SSD",10,58004,3.1
9984,OnePlus Smartwatch Model 9984,"SpO2, LCD Display",6,103048,3.0
9985,Sony Mobile Model 9985,"108MP Camera, 6000mAh Battery, 5G",30,116783,4.1
9986,Acer Smartwatch Model 9986,"Heart Rate, AMOLED Display",10,65281,4.5
9987,Apple Mobile Model 9987,"108MP Camera, 5000mAh Battery, 5G",39,25131,4.1
9988,Samsung Laptop Model 9988,"Ryzen 7, 16GB RAM, 1TB SSD",27,109187,3.7
9989,Asus Mobile Model 9989,"50MP Camera, 6000mAh Battery, 5G",20,71748,4.4
9990,HP Mobile Model 9990,"64MP Camera, 6000mAh Battery, 5G",10,101814,3.2
9991,Samsung Laptop Model 9991,"Ryzen 5, 32GB RAM, 512GB SSD",5,143828,3.2
9992,Apple Mobile Model 9992,"108MP Camera, 6000mAh Battery, 5G",27,79510,4.4
9993,Asus Laptop Model 9993,"Ryzen 7, 32GB RAM, 256GB SSD",43,64787,3.1
9994,Dell Mobile Model 9994,"108MP Camera, 4000mAh Battery, 5G",49,9990,4.5
9995,Dell Mobile Model 9995,"64MP Camera, 6000mAh Battery, 5G",42,98153,3.7
9996,Apple Mobile Model 9996,"108MP Camera, 4000mAh Battery, 5G",49,36278,4.5
9997,HP Smartwatch Model 9997,"Heart Rate, AMOLED Display",9,122555,4.8
9998,Lenovo Mobile Model 9998,"50MP Camera, 6000mAh Battery, 5G",23,120444,4.1
9999,Samsung Mobile Model 9999,"108MP Camera, 4000mAh Battery, 5G",8,101856,3.7
10000,Asus Smartwatch Model 10000,"Heart Rate, AMOLED Display",38,49328,4.7
